scan_id,condition,brain_position,mean_slice_dice,fp_voxels,fn_voxels,dice_gte_0.80,dice_gte_0.90,dice_gte_0.95,dice_gte_0.97,dice_gte_0.98,dice_gte_0.99
POLYIC_20190510_mouse34__E2_P1,baseline,first 20%,0.7503106226100223,6609,190,71.42857142857143,57.14285714285714,0.0,0.0,0.0,0.0
POLYIC_20190510_mouse34__E2_P1,baseline,middle 60%,0.9305453237925532,10129,1053,100.0,80.95238095238095,33.33333333333333,0.0,0.0,0.0
POLYIC_20190510_mouse34__E2_P1,baseline,last 20%,0.83722518317486,1443,457,71.42857142857143,0.0,0.0,0.0,0.0,0.0
POLYIC_20190510_mouse34__E2_P1,adapted,first 20%,0.8575211887914305,1375,1234,71.42857142857143,71.42857142857143,42.857142857142854,0.0,0.0,0.0
POLYIC_20190510_mouse34__E2_P1,adapted,middle 60%,0.9512426264296772,1494,5874,100.0,95.23809523809523,80.95238095238095,0.0,0.0,0.0
POLYIC_20190510_mouse34__E2_P1,adapted,last 20%,0.8136590697946071,38,1491,71.42857142857143,14.285714285714285,0.0,0.0,0.0,0.0
POLYIC_20190510_mouse35__E3_P1,baseline,first 20%,0.7759932823965058,6072,378,71.42857142857143,42.857142857142854,0.0,0.0,0.0,0.0
POLYIC_20190510_mouse35__E3_P1,baseline,middle 60%,0.9307747636693449,10269,1469,100.0,90.47619047619048,28.57142857142857,0.0,0.0,0.0
POLYIC_20190510_mouse35__E3_P1,baseline,last 20%,0.8415027808282665,1771,315,85.71428571428571,0.0,0.0,0.0,0.0,0.0
POLYIC_20190510_mouse35__E3_P1,adapted,first 20%,0.9131909832571988,834,1345,100.0,71.42857142857143,28.57142857142857,0.0,0.0,0.0
POLYIC_20190510_mouse35__E3_P1,adapted,middle 60%,0.9553301055059716,1165,6010,100.0,100.0,80.95238095238095,0.0,0.0,0.0
POLYIC_20190510_mouse35__E3_P1,adapted,last 20%,0.8258561742374597,205,1147,71.42857142857143,28.57142857142857,0.0,0.0,0.0,0.0
POLYIC_20190510_mouse37__E2_P1,baseline,first 20%,0.7892374590702538,8736,729,71.42857142857143,0.0,0.0,0.0,0.0,0.0
POLYIC_20190510_mouse37__E2_P1,baseline,middle 60%,0.8736095014262265,22696,1452,90.47619047619048,38.095238095238095,19.047619047619047,0.0,0.0,0.0
POLYIC_20190510_mouse37__E2_P1,baseline,last 20%,0.7272230432687448,3630,630,0.0,0.0,0.0,0.0,0.0,0.0
POLYIC_20190510_mouse37__E2_P1,adapted,first 20%,0.9236991512256891,244,2662,100.0,100.0,0.0,0.0,0.0,0.0
POLYIC_20190510_mouse37__E2_P1,adapted,middle 60%,0.9412588951071424,3256,6807,100.0,90.47619047619048,52.38095238095239,0.0,0.0,0.0
POLYIC_20190510_mouse37__E2_P1,adapted,last 20%,0.8158587894323682,30,1718,57.14285714285714,14.285714285714285,0.0,0.0,0.0,0.0
POLYIC_20190510_mouse38__E2_P1,baseline,first 20%,0.7447730740954396,8674,336,71.42857142857143,0.0,0.0,0.0,0.0,0.0
POLYIC_20190510_mouse38__E2_P1,baseline,middle 60%,0.919680453625937,14063,1065,100.0,71.42857142857143,19.047619047619047,0.0,0.0,0.0
POLYIC_20190510_mouse38__E2_P1,baseline,last 20%,0.8652026860162003,864,625,100.0,28.57142857142857,0.0,0.0,0.0,0.0
POLYIC_20190510_mouse38__E2_P1,adapted,first 20%,0.9077421942566936,559,1813,85.71428571428571,85.71428571428571,0.0,0.0,0.0,0.0
POLYIC_20190510_mouse38__E2_P1,adapted,middle 60%,0.9518108239401722,2122,5946,100.0,100.0,71.42857142857143,4.761904761904762,0.0,0.0
POLYIC_20190510_mouse38__E2_P1,adapted,last 20%,0.7800387901189618,30,1789,42.857142857142854,14.285714285714285,0.0,0.0,0.0,0.0
POLYIC_20190510_mouse39__E4_P1,baseline,first 20%,0.6731275428439032,13274,441,28.57142857142857,0.0,0.0,0.0,0.0,0.0
POLYIC_20190510_mouse39__E4_P1,baseline,middle 60%,0.8674921047189208,24615,1599,90.47619047619048,33.33333333333333,0.0,0.0,0.0,0.0
POLYIC_20190510_mouse39__E4_P1,baseline,last 20%,0.8298317774950605,2683,352,57.14285714285714,28.57142857142857,0.0,0.0,0.0,0.0
POLYIC_20190510_mouse39__E4_P1,adapted,first 20%,0.9091921987652352,591,1942,85.71428571428571,85.71428571428571,0.0,0.0,0.0,0.0
POLYIC_20190510_mouse39__E4_P1,adapted,middle 60%,0.9521268078533,2301,6123,100.0,100.0,76.19047619047619,0.0,0.0,0.0
POLYIC_20190510_mouse39__E4_P1,adapted,last 20%,0.8379901869198748,69,1724,71.42857142857143,14.285714285714285,0.0,0.0,0.0,0.0
POLYIC_20190510_mouse42__E2_P1,baseline,first 20%,0.8013411750490668,6657,412,71.42857142857143,0.0,0.0,0.0,0.0,0.0
POLYIC_20190510_mouse42__E2_P1,baseline,middle 60%,0.8843630646243116,19424,1616,90.47619047619048,47.61904761904761,4.761904761904762,0.0,0.0,0.0
POLYIC_20190510_mouse42__E2_P1,baseline,last 20%,0.6233879486457653,4596,564,0.0,0.0,0.0,0.0,0.0,0.0
POLYIC_20190510_mouse42__E2_P1,adapted,first 20%,0.9151819198660178,493,2043,100.0,85.71428571428571,0.0,0.0,0.0,0.0
POLYIC_20190510_mouse42__E2_P1,adapted,middle 60%,0.9428636861318742,3062,5813,100.0,90.47619047619048,61.904761904761905,0.0,0.0,0.0
POLYIC_20190510_mouse42__E2_P1,adapted,last 20%,0.7693546831004513,577,1386,42.857142857142854,0.0,0.0,0.0,0.0,0.0
POLYIC_20190510_mouse43__E2_P1_1,baseline,first 20%,0.9377726044398527,3616,47,100.0,100.0,0.0,0.0,0.0,0.0
POLYIC_20190510_mouse43__E2_P1_1,baseline,middle 60%,0.9126136265564978,7771,592,100.0,66.66666666666666,0.0,0.0,0.0,0.0
POLYIC_20190510_mouse43__E2_P1_1,baseline,last 20%,0.5187350641151758,83,1045,25.0,0.0,0.0,0.0,0.0,0.0
POLYIC_20190510_mouse43__E2_P1_1,adapted,first 20%,0.953098501878382,582,1958,100.0,100.0,60.0,0.0,0.0,0.0
POLYIC_20190510_mouse43__E2_P1_1,adapted,middle 60%,0.9221691855795017,1790,3375,93.33333333333333,86.66666666666667,53.333333333333336,0.0,0.0,0.0
POLYIC_20190510_mouse43__E2_P1_1,adapted,last 20%,0.2588280689587179,6,1693,0.0,0.0,0.0,0.0,0.0,0.0
POLYIC_20190510_mouse43__E9_P1,baseline,first 20%,0.7861071745293166,9116,350,71.42857142857143,0.0,0.0,0.0,0.0,0.0
POLYIC_20190510_mouse43__E9_P1,baseline,middle 60%,0.9323656226501063,11691,1000,100.0,90.47619047619048,23.809523809523807,0.0,0.0,0.0
POLYIC_20190510_mouse43__E9_P1,baseline,last 20%,0.8644454034313694,385,853,83.33333333333334,50.0,0.0,0.0,0.0,0.0
POLYIC_20190510_mouse43__E9_P1,adapted,first 20%,0.894994677934405,1507,2161,85.71428571428571,71.42857142857143,0.0,0.0,0.0,0.0
POLYIC_20190510_mouse43__E9_P1,adapted,middle 60%,0.9403398554044468,1329,8526,100.0,90.47619047619048,28.57142857142857,0.0,0.0,0.0
POLYIC_20190510_mouse43__E9_P1,adapted,last 20%,0.47542257275233246,0,3236,16.666666666666664,0.0,0.0,0.0,0.0,0.0
POLYIC_20190517_mouse33__E2_P1,baseline,first 20%,0.646487132659282,13904,241,14.285714285714285,0.0,0.0,0.0,0.0,0.0
POLYIC_20190517_mouse33__E2_P1,baseline,middle 60%,0.8773820788685123,20740,2358,100.0,38.095238095238095,0.0,0.0,0.0,0.0
POLYIC_20190517_mouse33__E2_P1,baseline,last 20%,0.8383969740855195,1932,353,85.71428571428571,14.285714285714285,0.0,0.0,0.0,0.0
POLYIC_20190517_mouse33__E2_P1,adapted,first 20%,0.8962931492668957,1316,1387,85.71428571428571,71.42857142857143,0.0,0.0,0.0,0.0
POLYIC_20190517_mouse33__E2_P1,adapted,middle 60%,0.9458359489879831,2039,7050,100.0,100.0,42.857142857142854,0.0,0.0,0.0
POLYIC_20190517_mouse33__E2_P1,adapted,last 20%,0.8287262889769401,230,1428,57.14285714285714,28.57142857142857,0.0,0.0,0.0,0.0
POLYIC_20190517_mouse35__E2_P1,baseline,first 20%,0.7584323943789885,8670,229,71.42857142857143,0.0,0.0,0.0,0.0,0.0
POLYIC_20190517_mouse35__E2_P1,baseline,middle 60%,0.8994978031032863,17115,1306,95.23809523809523,57.14285714285714,9.523809523809524,0.0,0.0,0.0
POLYIC_20190517_mouse35__E2_P1,baseline,last 20%,0.7886140801417355,1928,183,57.14285714285714,14.285714285714285,0.0,0.0,0.0,0.0
POLYIC_20190517_mouse35__E2_P1,adapted,first 20%,0.9161649879559949,911,1345,85.71428571428571,85.71428571428571,42.857142857142854,0.0,0.0,0.0
POLYIC_20190517_mouse35__E2_P1,adapted,middle 60%,0.9489262050169455,1990,6061,100.0,90.47619047619048,71.42857142857143,0.0,0.0,0.0
POLYIC_20190517_mouse35__E2_P1,adapted,last 20%,0.7618626036196617,72,1122,57.14285714285714,42.857142857142854,0.0,0.0,0.0,0.0
POLYIC_20190517_mouse36__E2_P1,baseline,first 20%,0.8419038471060301,5026,629,85.71428571428571,71.42857142857143,0.0,0.0,0.0,0.0
POLYIC_20190517_mouse36__E2_P1,baseline,middle 60%,0.8931595793717696,18227,1206,95.23809523809523,42.857142857142854,0.0,0.0,0.0,0.0
POLYIC_20190517_mouse36__E2_P1,baseline,last 20%,0.8418418153814253,1916,418,85.71428571428571,0.0,0.0,0.0,0.0,0.0
POLYIC_20190517_mouse36__E2_P1,adapted,first 20%,0.9167595590791208,577,2165,100.0,85.71428571428571,0.0,0.0,0.0,0.0
POLYIC_20190517_mouse36__E2_P1,adapted,middle 60%,0.9494935634976103,2265,6076,100.0,95.23809523809523,71.42857142857143,0.0,0.0,0.0
POLYIC_20190517_mouse36__E2_P1,adapted,last 20%,0.812743550560232,22,1612,57.14285714285714,28.57142857142857,0.0,0.0,0.0,0.0
POLYIC_20190517_mouse37__E3_P1,baseline,first 20%,0.7646840209828164,18899,644,66.66666666666666,33.33333333333333,0.0,0.0,0.0,0.0
POLYIC_20190517_mouse37__E3_P1,baseline,middle 60%,0.946309359872149,21936,3550,100.0,92.3076923076923,50.0,0.0,0.0,0.0
POLYIC_20190517_mouse37__E3_P1,baseline,last 20%,0.8622355574472192,6222,270,87.5,25.0,0.0,0.0,0.0,0.0
POLYIC_20190517_mouse37__E3_P1,adapted,first 20%,0.9010160598126942,3603,2707,77.77777777777779,77.77777777777779,11.11111111111111,0.0,0.0,0.0
POLYIC_20190517_mouse37__E3_P1,adapted,middle 60%,0.9585919224931119,3683,15001,100.0,100.0,76.92307692307693,3.8461538461538463,0.0,0.0
POLYIC_20190517_mouse37__E3_P1,adapted,last 20%,0.9229239737230424,340,3235,100.0,75.0,25.0,0.0,0.0,0.0
POLYIC_20190517_mouse38__E3_P1,baseline,first 20%,0.7923595183132035,5939,477,71.42857142857143,57.14285714285714,0.0,0.0,0.0,0.0
POLYIC_20190517_mouse38__E3_P1,baseline,middle 60%,0.9199410715641217,12416,1604,95.23809523809523,71.42857142857143,47.61904761904761,0.0,0.0,0.0
POLYIC_20190517_mouse38__E3_P1,baseline,last 20%,0.754912420995886,3407,584,14.285714285714285,0.0,0.0,0.0,0.0,0.0
POLYIC_20190517_mouse38__E3_P1,adapted,first 20%,0.906687325353353,623,2064,100.0,71.42857142857143,0.0,0.0,0.0,0.0
POLYIC_20190517_mouse38__E3_P1,adapted,middle 60%,0.9532649743854565,973,6906,100.0,100.0,76.19047619047619,0.0,0.0,0.0
POLYIC_20190517_mouse38__E3_P1,adapted,last 20%,0.8376671549266776,113,1613,57.14285714285714,28.57142857142857,0.0,0.0,0.0,0.0
POLYIC_20190517_mouse39__E12_P1,baseline,first 20%,0.7888769264526982,16548,1118,77.77777777777779,0.0,0.0,0.0,0.0,0.0
POLYIC_20190517_mouse39__E12_P1,baseline,middle 60%,0.9472027991298121,22023,2389,100.0,88.46153846153845,69.23076923076923,0.0,0.0,0.0
POLYIC_20190517_mouse39__E12_P1,baseline,last 20%,0.8663517433333424,6397,128,87.5,25.0,0.0,0.0,0.0,0.0
POLYIC_20190517_mouse39__E12_P1,adapted,first 20%,0.9103895334882258,2603,3178,88.88888888888889,77.77777777777779,33.33333333333333,0.0,0.0,0.0
POLYIC_20190517_mouse39__E12_P1,adapted,middle 60%,0.9567250174739714,4234,14843,100.0,100.0,84.61538461538461,0.0,0.0,0.0
POLYIC_20190517_mouse39__E12_P1,adapted,last 20%,0.9144169109674305,439,2963,100.0,75.0,0.0,0.0,0.0,0.0
POLYIC_20190517_mouse42__E4_P1,baseline,first 20%,0.8245084515738114,5028,649,71.42857142857143,57.14285714285714,0.0,0.0,0.0,0.0
POLYIC_20190517_mouse42__E4_P1,baseline,middle 60%,0.9039561848869132,16026,1381,90.47619047619048,66.66666666666666,28.57142857142857,0.0,0.0,0.0
POLYIC_20190517_mouse42__E4_P1,baseline,last 20%,0.7289982692535528,4047,445,0.0,0.0,0.0,0.0,0.0,0.0
POLYIC_20190517_mouse42__E4_P1,adapted,first 20%,0.9247801073649381,441,2190,100.0,85.71428571428571,14.285714285714285,0.0,0.0,0.0
POLYIC_20190517_mouse42__E4_P1,adapted,middle 60%,0.9523381984556974,996,6969,100.0,100.0,76.19047619047619,0.0,0.0,0.0
POLYIC_20190517_mouse42__E4_P1,adapted,last 20%,0.8169615351639631,92,1668,57.14285714285714,14.285714285714285,0.0,0.0,0.0,0.0
POLYIC_20190517_mouse43__E3_P1,baseline,first 20%,0.7482004982207405,8838,384,71.42857142857143,0.0,0.0,0.0,0.0,0.0
POLYIC_20190517_mouse43__E3_P1,baseline,middle 60%,0.8798053432280585,22592,1168,95.23809523809523,33.33333333333333,0.0,0.0,0.0,0.0
POLYIC_20190517_mouse43__E3_P1,baseline,last 20%,0.7979824350848459,3231,310,42.857142857142854,0.0,0.0,0.0,0.0,0.0
POLYIC_20190517_mouse43__E3_P1,adapted,first 20%,0.9029135176551406,527,2151,85.71428571428571,85.71428571428571,0.0,0.0,0.0,0.0
POLYIC_20190517_mouse43__E3_P1,adapted,middle 60%,0.9569345194449639,2565,5231,100.0,100.0,80.95238095238095,0.0,0.0,0.0
POLYIC_20190517_mouse43__E3_P1,adapted,last 20%,0.8066980931491845,76,1750,57.14285714285714,28.57142857142857,0.0,0.0,0.0,0.0
POLYIC_20190524_polyic___E3_P1,baseline,first 20%,0.7320705748902988,11163,1152,0.0,0.0,0.0,0.0,0.0,0.0
POLYIC_20190524_polyic___E3_P1,baseline,middle 60%,0.8089169800406115,32113,2543,63.63636363636363,0.0,0.0,0.0,0.0,0.0
POLYIC_20190524_polyic___E3_P1,baseline,last 20%,0.4873627952209919,3741,1732,0.0,0.0,0.0,0.0,0.0,0.0
POLYIC_20190524_polyic___E3_P1,adapted,first 20%,0.9024204094053607,1246,2832,100.0,62.5,0.0,0.0,0.0,0.0
POLYIC_20190524_polyic___E3_P1,adapted,middle 60%,0.8792693227587693,12185,7539,95.45454545454545,31.818181818181817,0.0,0.0,0.0,0.0
POLYIC_20190524_polyic___E3_P1,adapted,last 20%,0.4948566373003643,63,2798,14.285714285714285,0.0,0.0,0.0,0.0,0.0
POLYIC_20190524_polyic___E3_P1_1,baseline,first 20%,0.8353311017448518,6352,1099,85.71428571428571,14.285714285714285,0.0,0.0,0.0,0.0
POLYIC_20190524_polyic___E3_P1_1,baseline,middle 60%,0.9171530034942238,12475,1721,100.0,66.66666666666666,52.38095238095239,4.761904761904762,0.0,0.0
POLYIC_20190524_polyic___E3_P1_1,baseline,last 20%,0.7866510342634198,2494,524,57.14285714285714,0.0,0.0,0.0,0.0,0.0
POLYIC_20190524_polyic___E3_P1_1,adapted,first 20%,0.9137115994904361,267,3012,100.0,85.71428571428571,14.285714285714285,0.0,0.0,0.0
POLYIC_20190524_polyic___E3_P1_1,adapted,middle 60%,0.9503859161173829,1300,6915,100.0,100.0,61.904761904761905,0.0,0.0,0.0
POLYIC_20190524_polyic___E3_P1_1,adapted,last 20%,0.855724955902228,53,1331,85.71428571428571,28.57142857142857,0.0,0.0,0.0,0.0
POLYIC_20190524_polyic___E3_P1_10,baseline,first 20%,0.8651171315393442,4126,903,85.71428571428571,57.14285714285714,0.0,0.0,0.0,0.0
POLYIC_20190524_polyic___E3_P1_10,baseline,middle 60%,0.9483304892946267,6979,1616,100.0,95.23809523809523,66.66666666666666,0.0,0.0,0.0
POLYIC_20190524_polyic___E3_P1_10,baseline,last 20%,0.8807972860040184,495,622,85.71428571428571,42.857142857142854,0.0,0.0,0.0,0.0
POLYIC_20190524_polyic___E3_P1_10,adapted,first 20%,0.9071582742560571,512,2614,100.0,71.42857142857143,0.0,0.0,0.0,0.0
POLYIC_20190524_polyic___E3_P1_10,adapted,middle 60%,0.9489175695823855,1240,6461,100.0,95.23809523809523,66.66666666666666,9.523809523809524,0.0,0.0
POLYIC_20190524_polyic___E3_P1_10,adapted,last 20%,0.7707167135352062,5,1785,42.857142857142854,0.0,0.0,0.0,0.0,0.0
POLYIC_20190524_polyic___E3_P1_12,baseline,first 20%,0.7775996838118073,9568,901,62.5,0.0,0.0,0.0,0.0,0.0
POLYIC_20190524_polyic___E3_P1_12,baseline,middle 60%,0.9199281020023778,12215,2376,100.0,71.42857142857143,19.047619047619047,0.0,0.0,0.0
POLYIC_20190524_polyic___E3_P1_12,baseline,last 20%,0.8528755805966501,1605,162,85.71428571428571,28.57142857142857,0.0,0.0,0.0,0.0
POLYIC_20190524_polyic___E3_P1_12,adapted,first 20%,0.8919097106354352,1177,2807,87.5,75.0,0.0,0.0,0.0,0.0
POLYIC_20190524_polyic___E3_P1_12,adapted,middle 60%,0.9418241631912073,2647,7080,100.0,95.23809523809523,42.857142857142854,0.0,0.0,0.0
POLYIC_20190524_polyic___E3_P1_12,adapted,last 20%,0.8853551043595393,147,1022,100.0,42.857142857142854,0.0,0.0,0.0,0.0
POLYIC_20190524_polyic___E3_P1_13,baseline,first 20%,0.7026299326023451,14105,575,37.5,0.0,0.0,0.0,0.0,0.0
POLYIC_20190524_polyic___E3_P1_13,baseline,middle 60%,0.8619866701465978,23681,1539,100.0,0.0,0.0,0.0,0.0,0.0
POLYIC_20190524_polyic___E3_P1_13,baseline,last 20%,0.8629387108513064,513,777,85.71428571428571,28.57142857142857,0.0,0.0,0.0,0.0
POLYIC_20190524_polyic___E3_P1_13,adapted,first 20%,0.8696505301331365,3969,1735,100.0,12.5,0.0,0.0,0.0,0.0
POLYIC_20190524_polyic___E3_P1_13,adapted,middle 60%,0.9348066757665686,5874,5032,100.0,95.23809523809523,33.33333333333333,0.0,0.0,0.0
POLYIC_20190524_polyic___E3_P1_13,adapted,last 20%,0.7104331168147449,24,1906,42.857142857142854,14.285714285714285,0.0,0.0,0.0,0.0
POLYIC_20190524_polyic___E3_P1_3,baseline,first 20%,0.6646632965175632,14636,852,0.0,0.0,0.0,0.0,0.0,0.0
POLYIC_20190524_polyic___E3_P1_3,baseline,middle 60%,0.8449509116014737,27858,1985,85.71428571428571,4.761904761904762,0.0,0.0,0.0,0.0
POLYIC_20190524_polyic___E3_P1_3,baseline,last 20%,0.8666294121882839,558,574,85.71428571428571,42.857142857142854,0.0,0.0,0.0,0.0
POLYIC_20190524_polyic___E3_P1_3,adapted,first 20%,0.8473052996077626,3960,2268,100.0,0.0,0.0,0.0,0.0,0.0
POLYIC_20190524_polyic___E3_P1_3,adapted,middle 60%,0.9133324260255454,8780,6410,100.0,76.19047619047619,4.761904761904762,0.0,0.0,0.0
POLYIC_20190524_polyic___E3_P1_3,adapted,last 20%,0.680268431463188,69,1739,42.857142857142854,14.285714285714285,0.0,0.0,0.0,0.0
POLYIC_20190524_polyic___E3_P1_4,baseline,first 20%,0.7425316631360845,9084,995,62.5,0.0,0.0,0.0,0.0,0.0
POLYIC_20190524_polyic___E3_P1_4,baseline,middle 60%,0.8780843531143281,20558,1425,85.71428571428571,47.61904761904761,23.809523809523807,0.0,0.0,0.0
POLYIC_20190524_polyic___E3_P1_4,baseline,last 20%,0.7564779138717489,3817,375,42.857142857142854,0.0,0.0,0.0,0.0,0.0
POLYIC_20190524_polyic___E3_P1_4,adapted,first 20%,0.8877521732111516,636,2803,87.5,75.0,0.0,0.0,0.0,0.0
POLYIC_20190524_polyic___E3_P1_4,adapted,middle 60%,0.9410364133645741,3058,6433,100.0,95.23809523809523,57.14285714285714,4.761904761904762,0.0,0.0
POLYIC_20190524_polyic___E3_P1_4,adapted,last 20%,0.8496513764972615,291,1309,85.71428571428571,28.57142857142857,0.0,0.0,0.0,0.0
POLYIC_20190524_polyic___E3_P1_5,baseline,first 20%,0.7952743646696464,8132,875,71.42857142857143,0.0,0.0,0.0,0.0,0.0
POLYIC_20190524_polyic___E3_P1_5,baseline,middle 60%,0.860231236369699,23180,1458,80.95238095238095,33.33333333333333,14.285714285714285,0.0,0.0,0.0
POLYIC_20190524_polyic___E3_P1_5,baseline,last 20%,0.7009772855541163,2654,702,0.0,0.0,0.0,0.0,0.0,0.0
POLYIC_20190524_polyic___E3_P1_5,adapted,first 20%,0.9331720262592895,396,2123,100.0,100.0,0.0,0.0,0.0,0.0
POLYIC_20190524_polyic___E3_P1_5,adapted,middle 60%,0.9243534954266863,6056,5672,100.0,61.904761904761905,52.38095238095239,0.0,0.0,0.0
POLYIC_20190524_polyic___E3_P1_5,adapted,last 20%,0.789288510350786,102,1378,50.0,16.666666666666664,0.0,0.0,0.0,0.0
POLYIC_20190524_polyic___E3_P1_6,baseline,first 20%,0.6778400302967087,12445,508,50.0,0.0,0.0,0.0,0.0,0.0
POLYIC_20190524_polyic___E3_P1_6,baseline,middle 60%,0.946521332766911,7641,1968,100.0,85.71428571428571,57.14285714285714,38.095238095238095,0.0,0.0
POLYIC_20190524_polyic___E3_P1_6,baseline,last 20%,0.8878061459018849,1997,189,100.0,57.14285714285714,0.0,0.0,0.0,0.0
POLYIC_20190524_polyic___E3_P1_6,adapted,first 20%,0.8977145677173195,840,1866,87.5,75.0,0.0,0.0,0.0,0.0
POLYIC_20190524_polyic___E3_P1_6,adapted,middle 60%,0.9481043853891526,643,8449,100.0,100.0,57.14285714285714,0.0,0.0,0.0
POLYIC_20190524_polyic___E3_P1_6,adapted,last 20%,0.8842093179511453,431,1432,100.0,28.57142857142857,0.0,0.0,0.0,0.0
POLYIC_20190524_polyic___E3_P1_7,baseline,first 20%,0.8323582921457304,5653,1362,87.5,0.0,0.0,0.0,0.0,0.0
POLYIC_20190524_polyic___E3_P1_7,baseline,middle 60%,0.8625206712923488,20646,1358,76.19047619047619,33.33333333333333,14.285714285714285,0.0,0.0,0.0
POLYIC_20190524_polyic___E3_P1_7,baseline,last 20%,0.7494442601593542,1831,869,28.57142857142857,0.0,0.0,0.0,0.0,0.0
POLYIC_20190524_polyic___E3_P1_7,adapted,first 20%,0.907243112391992,680,2826,100.0,87.5,0.0,0.0,0.0,0.0
POLYIC_20190524_polyic___E3_P1_7,adapted,middle 60%,0.9328810600162089,3962,5901,100.0,80.95238095238095,42.857142857142854,0.0,0.0,0.0
POLYIC_20190524_polyic___E3_P1_7,adapted,last 20%,0.7400746309111007,72,1663,42.857142857142854,0.0,0.0,0.0,0.0,0.0
POLYIC_20190524_polyic___E3_P1_9,baseline,first 20%,0.8416635174612539,3610,1238,75.0,62.5,0.0,0.0,0.0,0.0
POLYIC_20190524_polyic___E3_P1_9,baseline,middle 60%,0.8848851321831432,17341,1761,82.6086956521739,52.17391304347826,47.82608695652174,4.3478260869565215,0.0,0.0
POLYIC_20190524_polyic___E3_P1_9,baseline,last 20%,0.6892510943672402,1235,1123,0.0,0.0,0.0,0.0,0.0,0.0
POLYIC_20190524_polyic___E3_P1_9,adapted,first 20%,0.8950322008595636,467,2714,87.5,75.0,0.0,0.0,0.0,0.0
POLYIC_20190524_polyic___E3_P1_9,adapted,middle 60%,0.9382575502421703,3023,6656,100.0,91.30434782608695,34.78260869565217,0.0,0.0,0.0
POLYIC_20190524_polyic___E3_P1_9,adapted,last 20%,0.6775463075203894,35,1700,42.857142857142854,0.0,0.0,0.0,0.0,0.0
POLYIC_20190524_polyic___E4_P1_1,baseline,first 20%,0.827884855345946,6785,1003,85.71428571428571,0.0,0.0,0.0,0.0,0.0
POLYIC_20190524_polyic___E4_P1_1,baseline,middle 60%,0.9053220003992554,14637,1561,100.0,57.14285714285714,33.33333333333333,4.761904761904762,0.0,0.0
POLYIC_20190524_polyic___E4_P1_1,baseline,last 20%,0.835834486083722,769,670,66.66666666666666,16.666666666666664,0.0,0.0,0.0,0.0
POLYIC_20190524_polyic___E4_P1_1,adapted,first 20%,0.9214770677673432,263,2832,100.0,85.71428571428571,0.0,0.0,0.0,0.0
POLYIC_20190524_polyic___E4_P1_1,adapted,middle 60%,0.9468682870185513,1192,6634,100.0,90.47619047619048,71.42857142857143,9.523809523809524,0.0,0.0
POLYIC_20190524_polyic___E4_P1_1,adapted,last 20%,0.7873840777757827,27,1419,66.66666666666666,16.666666666666664,0.0,0.0,0.0,0.0
POLYIC_20190524_polyic___E4_P1_7,baseline,first 20%,0.8157739841701775,5727,1324,75.0,0.0,0.0,0.0,0.0,0.0
POLYIC_20190524_polyic___E4_P1_7,baseline,middle 60%,0.9191396037864715,13383,1234,100.0,52.38095238095239,33.33333333333333,0.0,0.0,0.0
POLYIC_20190524_polyic___E4_P1_7,baseline,last 20%,0.8873964214250579,814,388,100.0,42.857142857142854,0.0,0.0,0.0,0.0
POLYIC_20190524_polyic___E4_P1_7,adapted,first 20%,0.9112726411505887,395,2887,100.0,75.0,0.0,0.0,0.0,0.0
POLYIC_20190524_polyic___E4_P1_7,adapted,middle 60%,0.9519976031251147,1530,5761,100.0,100.0,61.904761904761905,9.523809523809524,0.0,0.0
POLYIC_20190524_polyic___E4_P1_7,adapted,last 20%,0.8159543178409423,86,1453,57.14285714285714,14.285714285714285,0.0,0.0,0.0,0.0
POLYIC_20190524_polyic___E4_P1_9,baseline,first 20%,0.7196030815847657,12496,535,62.5,12.5,0.0,0.0,0.0,0.0
POLYIC_20190524_polyic___E4_P1_9,baseline,middle 60%,0.9061858868901983,14548,3391,100.0,59.09090909090909,4.545454545454546,0.0,0.0,0.0
POLYIC_20190524_polyic___E4_P1_9,baseline,last 20%,0.7630227943337974,1037,1132,57.14285714285714,0.0,0.0,0.0,0.0,0.0
POLYIC_20190524_polyic___E4_P1_9,adapted,first 20%,0.9272222474788178,842,1665,100.0,87.5,12.5,0.0,0.0,0.0
POLYIC_20190524_polyic___E4_P1_9,adapted,middle 60%,0.9337231066949994,2042,8475,100.0,90.9090909090909,31.818181818181817,0.0,0.0,0.0
POLYIC_20190524_polyic___E4_P1_9,adapted,last 20%,0.6881761719225169,10,2001,42.857142857142854,0.0,0.0,0.0,0.0,0.0
POLYIC_20190524_polyic___E8_P1_1,baseline,first 20%,0.7073009786810722,12967,819,25.0,0.0,0.0,0.0,0.0,0.0
POLYIC_20190524_polyic___E8_P1_1,baseline,middle 60%,0.888157378048214,16625,1675,85.71428571428571,52.38095238095239,42.857142857142854,9.523809523809524,0.0,0.0
POLYIC_20190524_polyic___E8_P1_1,baseline,last 20%,0.6955027376235715,4292,439,0.0,0.0,0.0,0.0,0.0,0.0
POLYIC_20190524_polyic___E8_P1_1,adapted,first 20%,0.8867713112522642,2403,1915,87.5,50.0,0.0,0.0,0.0,0.0
POLYIC_20190524_polyic___E8_P1_1,adapted,middle 60%,0.9296622239692185,3667,6730,95.23809523809523,80.95238095238095,52.38095238095239,0.0,0.0,0.0
POLYIC_20190524_polyic___E8_P1_1,adapted,last 20%,0.7989043713176253,261,1519,57.14285714285714,14.285714285714285,0.0,0.0,0.0,0.0
POLYIC_20190524_polyic___E9_P1_1,baseline,first 20%,0.476898009324046,18178,174,0.0,0.0,0.0,0.0,0.0,0.0
POLYIC_20190524_polyic___E9_P1_1,baseline,middle 60%,0.9074623168821019,17229,2378,100.0,57.14285714285714,47.61904761904761,0.0,0.0,0.0
POLYIC_20190524_polyic___E9_P1_1,baseline,last 20%,0.8876305048808335,2714,86,100.0,57.14285714285714,14.285714285714285,0.0,0.0,0.0
POLYIC_20190524_polyic___E9_P1_1,adapted,first 20%,0.6349095964924892,5356,1360,37.5,0.0,0.0,0.0,0.0,0.0
POLYIC_20190524_polyic___E9_P1_1,adapted,middle 60%,0.9289453008921663,6041,7551,100.0,71.42857142857143,57.14285714285714,0.0,0.0,0.0
POLYIC_20190524_polyic___E9_P1_1,adapted,last 20%,0.9073865684345489,556,1478,100.0,57.14285714285714,0.0,0.0,0.0,0.0
POLYIC_20190531_polyic_m__E3_P1,baseline,first 20%,0.7370903619266493,12479,796,62.5,0.0,0.0,0.0,0.0,0.0
POLYIC_20190531_polyic_m__E3_P1,baseline,middle 60%,0.9237003787913577,11704,1958,100.0,71.42857142857143,23.809523809523807,0.0,0.0,0.0
POLYIC_20190531_polyic_m__E3_P1,baseline,last 20%,0.8366865539170739,641,875,71.42857142857143,28.57142857142857,0.0,0.0,0.0,0.0
POLYIC_20190531_polyic_m__E3_P1,adapted,first 20%,0.9093448424221304,1382,2209,100.0,87.5,0.0,0.0,0.0,0.0
POLYIC_20190531_polyic_m__E3_P1,adapted,middle 60%,0.9519483705834337,1427,6116,100.0,100.0,76.19047619047619,0.0,0.0,0.0
POLYIC_20190531_polyic_m__E3_P1,adapted,last 20%,0.7707167180310804,48,1672,57.14285714285714,14.285714285714285,0.0,0.0,0.0,0.0
POLYIC_20190531_polyic_m__E3_P1_1,baseline,first 20%,0.7363146176674364,11310,880,62.5,0.0,0.0,0.0,0.0,0.0
POLYIC_20190531_polyic_m__E3_P1_1,baseline,middle 60%,0.9234717949272884,12052,1413,100.0,72.72727272727273,27.27272727272727,0.0,0.0,0.0
POLYIC_20190531_polyic_m__E3_P1_1,baseline,last 20%,0.6802027792881765,278,1116,42.857142857142854,14.285714285714285,0.0,0.0,0.0,0.0
POLYIC_20190531_polyic_m__E3_P1_1,adapted,first 20%,0.869519546005406,1719,2416,87.5,87.5,0.0,0.0,0.0,0.0
POLYIC_20190531_polyic_m__E3_P1_1,adapted,middle 60%,0.9468134984616422,1608,5916,100.0,90.9090909090909,72.72727272727273,0.0,0.0,0.0
POLYIC_20190531_polyic_m__E3_P1_1,adapted,last 20%,0.5073451517022408,2,1982,28.57142857142857,0.0,0.0,0.0,0.0,0.0
POLYIC_20190531_polyic_m__E3_P1_10,baseline,first 20%,0.6480851093393325,16225,859,0.0,0.0,0.0,0.0,0.0,0.0
POLYIC_20190531_polyic_m__E3_P1_10,baseline,middle 60%,0.8571634365490415,25095,3068,100.0,0.0,0.0,0.0,0.0,0.0
POLYIC_20190531_polyic_m__E3_P1_10,baseline,last 20%,0.6837883759449868,155,1721,42.857142857142854,14.285714285714285,0.0,0.0,0.0,0.0
POLYIC_20190531_polyic_m__E3_P1_10,adapted,first 20%,0.8226838991981789,4984,1980,87.5,0.0,0.0,0.0,0.0,0.0
POLYIC_20190531_polyic_m__E3_P1_10,adapted,middle 60%,0.9046586099798172,8912,7833,100.0,59.09090909090909,9.090909090909092,0.0,0.0,0.0
POLYIC_20190531_polyic_m__E3_P1_10,adapted,last 20%,0.46483347469995634,0,2904,28.57142857142857,0.0,0.0,0.0,0.0,0.0
POLYIC_20190531_polyic_m__E3_P1_11,baseline,first 20%,0.7658052708510431,10196,760,71.42857142857143,0.0,0.0,0.0,0.0,0.0
POLYIC_20190531_polyic_m__E3_P1_11,baseline,middle 60%,0.9200424037553423,12995,2063,100.0,66.66666666666666,33.33333333333333,9.523809523809524,0.0,0.0
POLYIC_20190531_polyic_m__E3_P1_11,baseline,last 20%,0.7997516328666564,605,1246,71.42857142857143,28.57142857142857,0.0,0.0,0.0,0.0
POLYIC_20190531_polyic_m__E3_P1_11,adapted,first 20%,0.8962861630643285,439,3109,100.0,71.42857142857143,0.0,0.0,0.0,0.0
POLYIC_20190531_polyic_m__E3_P1_11,adapted,middle 60%,0.9472113669673251,794,7489,100.0,95.23809523809523,71.42857142857143,0.0,0.0,0.0
POLYIC_20190531_polyic_m__E3_P1_11,adapted,last 20%,0.6644406733560041,43,2324,42.857142857142854,14.285714285714285,0.0,0.0,0.0,0.0
POLYIC_20190531_polyic_m__E3_P1_12,baseline,first 20%,0.7555474195533792,9895,552,71.42857142857143,0.0,0.0,0.0,0.0,0.0
POLYIC_20190531_polyic_m__E3_P1_12,baseline,middle 60%,0.8997822364772057,17488,1875,100.0,52.38095238095239,0.0,0.0,0.0,0.0
POLYIC_20190531_polyic_m__E3_P1_12,baseline,last 20%,0.6482000856462619,912,1408,42.857142857142854,0.0,0.0,0.0,0.0,0.0
POLYIC_20190531_polyic_m__E3_P1_12,adapted,first 20%,0.9045023701820353,606,2254,85.71428571428571,85.71428571428571,0.0,0.0,0.0,0.0
POLYIC_20190531_polyic_m__E3_P1_12,adapted,middle 60%,0.9514159307856426,1196,6351,100.0,95.23809523809523,71.42857142857143,0.0,0.0,0.0
POLYIC_20190531_polyic_m__E3_P1_12,adapted,last 20%,0.5406902642785568,107,2272,42.857142857142854,0.0,0.0,0.0,0.0,0.0
POLYIC_20190531_polyic_m__E3_P1_13,baseline,first 20%,0.7825886773505988,8481,1023,75.0,62.5,0.0,0.0,0.0,0.0
POLYIC_20190531_polyic_m__E3_P1_13,baseline,middle 60%,0.9202963165733974,12898,1623,100.0,72.72727272727273,27.27272727272727,0.0,0.0,0.0
POLYIC_20190531_polyic_m__E3_P1_13,baseline,last 20%,0.7634760195823527,734,885,57.14285714285714,0.0,0.0,0.0,0.0,0.0
POLYIC_20190531_polyic_m__E3_P1_13,adapted,first 20%,0.8977138454028439,690,2561,87.5,87.5,0.0,0.0,0.0,0.0
POLYIC_20190531_polyic_m__E3_P1_13,adapted,middle 60%,0.9495631187713811,867,6852,100.0,95.45454545454545,72.72727272727273,0.0,0.0,0.0
POLYIC_20190531_polyic_m__E3_P1_13,adapted,last 20%,0.6533890428969633,56,1688,57.14285714285714,14.285714285714285,0.0,0.0,0.0,0.0
POLYIC_20190531_polyic_m__E3_P1_2,baseline,first 20%,0.6803779661320561,13823,1268,12.5,0.0,0.0,0.0,0.0,0.0
POLYIC_20190531_polyic_m__E3_P1_2,baseline,middle 60%,0.8630898917542825,24386,1916,90.9090909090909,31.818181818181817,0.0,0.0,0.0,0.0
POLYIC_20190531_polyic_m__E3_P1_2,baseline,last 20%,0.7968815844966448,801,1249,42.857142857142854,0.0,0.0,0.0,0.0,0.0
POLYIC_20190531_polyic_m__E3_P1_2,adapted,first 20%,0.8956580492834099,888,2677,87.5,75.0,0.0,0.0,0.0,0.0
POLYIC_20190531_polyic_m__E3_P1_2,adapted,middle 60%,0.9272253453856674,5696,6955,100.0,95.45454545454545,22.727272727272727,0.0,0.0,0.0
POLYIC_20190531_polyic_m__E3_P1_2,adapted,last 20%,0.7140635996500143,6,2084,42.857142857142854,0.0,0.0,0.0,0.0,0.0
POLYIC_20190531_polyic_m__E3_P1_3,baseline,first 20%,0.6225112335202607,20650,870,0.0,0.0,0.0,0.0,0.0,0.0
POLYIC_20190531_polyic_m__E3_P1_3,baseline,middle 60%,0.9132207382749948,13547,3333,95.23809523809523,71.42857142857143,28.57142857142857,0.0,0.0,0.0
POLYIC_20190531_polyic_m__E3_P1_3,baseline,last 20%,0.7954673689670457,989,1296,42.857142857142854,14.285714285714285,0.0,0.0,0.0,0.0
POLYIC_20190531_polyic_m__E3_P1_3,adapted,first 20%,0.7749458102440998,7704,2474,12.5,0.0,0.0,0.0,0.0,0.0
POLYIC_20190531_polyic_m__E3_P1_3,adapted,middle 60%,0.9168606411725704,4899,9216,100.0,66.66666666666666,33.33333333333333,0.0,0.0,0.0
POLYIC_20190531_polyic_m__E3_P1_3,adapted,last 20%,0.6928528662853096,12,2478,42.857142857142854,0.0,0.0,0.0,0.0,0.0
POLYIC_20190531_polyic_m__E3_P1_4,baseline,first 20%,0.7560794526219733,9818,524,71.42857142857143,14.285714285714285,0.0,0.0,0.0,0.0
POLYIC_20190531_polyic_m__E3_P1_4,baseline,middle 60%,0.946278443811838,7650,1449,100.0,85.71428571428571,66.66666666666666,28.57142857142857,0.0,0.0
POLYIC_20190531_polyic_m__E3_P1_4,baseline,last 20%,0.8662016660050457,1322,470,85.71428571428571,42.857142857142854,0.0,0.0,0.0,0.0
POLYIC_20190531_polyic_m__E3_P1_4,adapted,first 20%,0.8818138630107945,922,2077,85.71428571428571,85.71428571428571,42.857142857142854,0.0,0.0,0.0
POLYIC_20190531_polyic_m__E3_P1_4,adapted,middle 60%,0.9495008413765612,911,7113,100.0,95.23809523809523,61.904761904761905,0.0,0.0,0.0
POLYIC_20190531_polyic_m__E3_P1_4,adapted,last 20%,0.8224981157731662,308,1380,71.42857142857143,28.57142857142857,0.0,0.0,0.0,0.0
POLYIC_20190531_polyic_m__E3_P1_5,baseline,first 20%,0.6951653241977016,13647,1159,37.5,0.0,0.0,0.0,0.0,0.0
POLYIC_20190531_polyic_m__E3_P1_5,baseline,middle 60%,0.8991582826256764,17233,1761,100.0,50.0,9.090909090909092,0.0,0.0,0.0
POLYIC_20190531_polyic_m__E3_P1_5,baseline,last 20%,0.6660836489625404,212,1663,42.857142857142854,28.57142857142857,0.0,0.0,0.0,0.0
POLYIC_20190531_polyic_m__E3_P1_5,adapted,first 20%,0.9172306026620651,593,2497,100.0,75.0,0.0,0.0,0.0,0.0
POLYIC_20190531_polyic_m__E3_P1_5,adapted,middle 60%,0.9483764607354858,1559,6371,100.0,90.9090909090909,63.63636363636363,4.545454545454546,0.0,0.0
POLYIC_20190531_polyic_m__E3_P1_5,adapted,last 20%,0.535347721062281,4,2630,28.57142857142857,0.0,0.0,0.0,0.0,0.0
POLYIC_20190531_polyic_m__E3_P1_6,baseline,first 20%,0.6906278992577479,11713,1398,12.5,0.0,0.0,0.0,0.0,0.0
POLYIC_20190531_polyic_m__E3_P1_6,baseline,middle 60%,0.8553137292336409,26176,1917,91.30434782608695,8.695652173913043,0.0,0.0,0.0,0.0
POLYIC_20190531_polyic_m__E3_P1_6,baseline,last 20%,0.6792172308621168,213,1277,42.857142857142854,14.285714285714285,0.0,0.0,0.0,0.0
POLYIC_20190531_polyic_m__E3_P1_6,adapted,first 20%,0.8820136450632942,959,3021,87.5,37.5,0.0,0.0,0.0,0.0
POLYIC_20190531_polyic_m__E3_P1_6,adapted,middle 60%,0.9102862316943579,7112,8068,100.0,60.86956521739131,17.391304347826086,0.0,0.0,0.0
POLYIC_20190531_polyic_m__E3_P1_6,adapted,last 20%,0.5263244775738347,17,2185,28.57142857142857,0.0,0.0,0.0,0.0,0.0
POLYIC_20190531_polyic_m__E3_P1_7,baseline,first 20%,0.7386796550346287,10194,719,62.5,12.5,0.0,0.0,0.0,0.0
POLYIC_20190531_polyic_m__E3_P1_7,baseline,middle 60%,0.9335443359151034,10270,1989,100.0,85.71428571428571,38.095238095238095,0.0,0.0,0.0
POLYIC_20190531_polyic_m__E3_P1_7,baseline,last 20%,0.8519865709956935,673,766,71.42857142857143,42.857142857142854,0.0,0.0,0.0,0.0
POLYIC_20190531_polyic_m__E3_P1_7,adapted,first 20%,0.9003373735835598,1382,1652,87.5,75.0,0.0,0.0,0.0,0.0
POLYIC_20190531_polyic_m__E3_P1_7,adapted,middle 60%,0.9519255189834646,843,6824,100.0,100.0,76.19047619047619,0.0,0.0,0.0
POLYIC_20190531_polyic_m__E3_P1_7,adapted,last 20%,0.7351901738902166,82,1637,57.14285714285714,14.285714285714285,0.0,0.0,0.0,0.0
POLYIC_20190531_polyic_m__E3_P1_8,baseline,first 20%,0.7521862662982881,9951,934,75.0,0.0,0.0,0.0,0.0,0.0
POLYIC_20190531_polyic_m__E3_P1_8,baseline,middle 60%,0.921349707440766,11926,1990,100.0,80.95238095238095,19.047619047619047,0.0,0.0,0.0
POLYIC_20190531_polyic_m__E3_P1_8,baseline,last 20%,0.7989961646031134,403,1119,57.14285714285714,42.857142857142854,0.0,0.0,0.0,0.0
POLYIC_20190531_polyic_m__E3_P1_8,adapted,first 20%,0.9086753213730547,836,2163,87.5,87.5,0.0,0.0,0.0,0.0
POLYIC_20190531_polyic_m__E3_P1_8,adapted,middle 60%,0.9528612420428617,1330,5709,100.0,95.23809523809523,80.95238095238095,0.0,0.0,0.0
POLYIC_20190531_polyic_m__E3_P1_8,adapted,last 20%,0.6808387923632472,64,1994,42.857142857142854,0.0,0.0,0.0,0.0,0.0
POLYIC_20190531_polyic_m__E3_P1_9,baseline,first 20%,0.6527835376342082,15870,641,37.5,0.0,0.0,0.0,0.0,0.0
POLYIC_20190531_polyic_m__E3_P1_9,baseline,middle 60%,0.8601368457373316,26233,1434,90.9090909090909,27.27272727272727,0.0,0.0,0.0,0.0
POLYIC_20190531_polyic_m__E3_P1_9,baseline,last 20%,0.8317373027323789,923,789,85.71428571428571,28.57142857142857,0.0,0.0,0.0,0.0
POLYIC_20190531_polyic_m__E3_P1_9,adapted,first 20%,0.9066634895444287,824,1994,87.5,75.0,0.0,0.0,0.0,0.0
POLYIC_20190531_polyic_m__E3_P1_9,adapted,middle 60%,0.9278740494139215,6588,6591,100.0,81.81818181818183,18.181818181818183,9.090909090909092,0.0,0.0
POLYIC_20190531_polyic_m__E3_P1_9,adapted,last 20%,0.7029135873770818,24,1815,57.14285714285714,14.285714285714285,0.0,0.0,0.0,0.0
POLYIC_20190531_polyic_m__E5_P1_11,baseline,first 20%,0.7391791266234977,10429,480,62.5,0.0,0.0,0.0,0.0,0.0
POLYIC_20190531_polyic_m__E5_P1_11,baseline,middle 60%,0.9348176677376958,11364,960,100.0,77.27272727272727,54.54545454545454,9.090909090909092,0.0,0.0
POLYIC_20190531_polyic_m__E5_P1_11,baseline,last 20%,0.8613506825525051,433,722,71.42857142857143,28.57142857142857,0.0,0.0,0.0,0.0
POLYIC_20190531_polyic_m__E5_P1_11,adapted,first 20%,0.9027466888006546,1161,1779,87.5,75.0,12.5,0.0,0.0,0.0
POLYIC_20190531_polyic_m__E5_P1_11,adapted,middle 60%,0.9525417378187622,1047,6836,100.0,95.45454545454545,77.27272727272727,13.636363636363635,0.0,0.0
POLYIC_20190531_polyic_m__E5_P1_11,adapted,last 20%,0.622933333924722,18,2200,42.857142857142854,0.0,0.0,0.0,0.0,0.0
POLYIC_20190612_polyic___E10_P1_1,baseline,first 20%,0.783352221155385,8024,962,75.0,37.5,0.0,0.0,0.0,0.0
POLYIC_20190612_polyic___E10_P1_1,baseline,middle 60%,0.9511790696940341,6321,1611,100.0,95.45454545454545,59.09090909090909,22.727272727272727,0.0,0.0
POLYIC_20190612_polyic___E10_P1_1,baseline,last 20%,0.8195555282053641,340,1004,57.14285714285714,42.857142857142854,0.0,0.0,0.0,0.0
POLYIC_20190612_polyic___E10_P1_1,adapted,first 20%,0.9011035167623329,649,2651,87.5,87.5,0.0,0.0,0.0,0.0
POLYIC_20190612_polyic___E10_P1_1,adapted,middle 60%,0.9510096292413546,779,6643,100.0,95.45454545454545,72.72727272727273,9.090909090909092,0.0,0.0
POLYIC_20190612_polyic___E10_P1_1,adapted,last 20%,0.685869906114917,7,1942,42.857142857142854,14.285714285714285,0.0,0.0,0.0,0.0
POLYIC_20190612_polyic___E12_P1,baseline,first 20%,0.7886343613455693,8138,1573,75.0,0.0,0.0,0.0,0.0,0.0
POLYIC_20190612_polyic___E12_P1,baseline,middle 60%,0.9133551162782628,14002,1383,100.0,50.0,22.727272727272727,9.090909090909092,0.0,0.0
POLYIC_20190612_polyic___E12_P1,baseline,last 20%,0.8160408264417429,340,979,57.14285714285714,42.857142857142854,0.0,0.0,0.0,0.0
POLYIC_20190612_polyic___E12_P1,adapted,first 20%,0.9067920790654067,479,3217,100.0,75.0,0.0,0.0,0.0,0.0
POLYIC_20190612_polyic___E12_P1,adapted,middle 60%,0.9532247342781791,1077,5995,100.0,95.45454545454545,72.72727272727273,4.545454545454546,0.0,0.0
POLYIC_20190612_polyic___E12_P1,adapted,last 20%,0.6910736911490066,16,1784,42.857142857142854,28.57142857142857,0.0,0.0,0.0,0.0
POLYIC_20190612_polyic___E3_P1,baseline,first 20%,0.7527221445897943,11991,624,75.0,0.0,0.0,0.0,0.0,0.0
POLYIC_20190612_polyic___E3_P1,baseline,middle 60%,0.8945131690987422,17390,1480,100.0,38.095238095238095,23.809523809523807,0.0,0.0,0.0
POLYIC_20190612_polyic___E3_P1,baseline,last 20%,0.762508205723565,509,1247,57.14285714285714,14.285714285714285,0.0,0.0,0.0,0.0
POLYIC_20190612_polyic___E3_P1,adapted,first 20%,0.9014599093430622,970,2147,87.5,87.5,25.0,0.0,0.0,0.0
POLYIC_20190612_polyic___E3_P1,adapted,middle 60%,0.9533507976551128,1675,5596,100.0,100.0,71.42857142857143,9.523809523809524,0.0,0.0
POLYIC_20190612_polyic___E3_P1,adapted,last 20%,0.6546146427315687,31,2030,42.857142857142854,14.285714285714285,0.0,0.0,0.0,0.0
POLYIC_20190612_polyic___E3_P1_1,baseline,first 20%,0.7577489408382763,10325,1066,62.5,0.0,0.0,0.0,0.0,0.0
POLYIC_20190612_polyic___E3_P1_1,baseline,middle 60%,0.9265721428763919,11616,1187,100.0,77.27272727272727,31.818181818181817,0.0,0.0,0.0
POLYIC_20190612_polyic___E3_P1_1,baseline,last 20%,0.8519965460273954,468,742,71.42857142857143,42.857142857142854,0.0,0.0,0.0,0.0
POLYIC_20190612_polyic___E3_P1_1,adapted,first 20%,0.9207051734690742,532,2579,100.0,87.5,0.0,0.0,0.0,0.0
POLYIC_20190612_polyic___E3_P1_1,adapted,middle 60%,0.9524349292846545,1091,5949,100.0,95.45454545454545,77.27272727272727,4.545454545454546,0.0,0.0
POLYIC_20190612_polyic___E3_P1_1,adapted,last 20%,0.7354376434919442,41,1654,57.14285714285714,14.285714285714285,0.0,0.0,0.0,0.0
POLYIC_20190612_polyic___E3_P1_2,baseline,first 20%,0.7871187044319706,8614,775,75.0,0.0,0.0,0.0,0.0,0.0
POLYIC_20190612_polyic___E3_P1_2,baseline,middle 60%,0.898900985487459,16382,1712,100.0,61.904761904761905,9.523809523809524,0.0,0.0,0.0
POLYIC_20190612_polyic___E3_P1_2,baseline,last 20%,0.7724597166038032,581,857,57.14285714285714,28.57142857142857,0.0,0.0,0.0,0.0
POLYIC_20190612_polyic___E3_P1_2,adapted,first 20%,0.8916767935755369,1022,2365,87.5,75.0,0.0,0.0,0.0,0.0
POLYIC_20190612_polyic___E3_P1_2,adapted,middle 60%,0.9542564947423909,1138,5745,100.0,95.23809523809523,76.19047619047619,9.523809523809524,0.0,0.0
POLYIC_20190612_polyic___E3_P1_2,adapted,last 20%,0.6710009515897416,64,1564,42.857142857142854,28.57142857142857,0.0,0.0,0.0,0.0
POLYIC_20190612_polyic___E3_P1_3,baseline,first 20%,0.7879168554698375,8011,823,75.0,0.0,0.0,0.0,0.0,0.0
POLYIC_20190612_polyic___E3_P1_3,baseline,middle 60%,0.9348772593763977,9791,1124,100.0,80.95238095238095,38.095238095238095,0.0,0.0,0.0
POLYIC_20190612_polyic___E3_P1_3,baseline,last 20%,0.8063748083055734,733,799,71.42857142857143,28.57142857142857,0.0,0.0,0.0,0.0
POLYIC_20190612_polyic___E3_P1_3,adapted,first 20%,0.876417223249739,1303,2398,87.5,75.0,0.0,0.0,0.0,0.0
POLYIC_20190612_polyic___E3_P1_3,adapted,middle 60%,0.9556185454826712,1438,5215,100.0,100.0,80.95238095238095,0.0,0.0,0.0
POLYIC_20190612_polyic___E3_P1_3,adapted,last 20%,0.7452802996422011,72,1554,42.857142857142854,28.57142857142857,0.0,0.0,0.0,0.0
POLYIC_20190612_polyic___E3_P1_4,baseline,first 20%,0.7973264153802686,8806,1358,87.5,0.0,0.0,0.0,0.0,0.0
POLYIC_20190612_polyic___E3_P1_4,baseline,middle 60%,0.9377994727663522,9678,932,100.0,85.71428571428571,52.38095238095239,0.0,0.0,0.0
POLYIC_20190612_polyic___E3_P1_4,baseline,last 20%,0.7928813084287359,469,873,57.14285714285714,42.857142857142854,0.0,0.0,0.0,0.0
POLYIC_20190612_polyic___E3_P1_4,adapted,first 20%,0.9064287530167094,547,3376,100.0,87.5,0.0,0.0,0.0,0.0
POLYIC_20190612_polyic___E3_P1_4,adapted,middle 60%,0.9557833212547875,1139,5472,100.0,100.0,76.19047619047619,9.523809523809524,0.0,0.0
POLYIC_20190612_polyic___E3_P1_4,adapted,last 20%,0.6837682033461135,43,1739,42.857142857142854,14.285714285714285,0.0,0.0,0.0,0.0
POLYIC_20190614_polyic___E3_P1,baseline,first 20%,0.7648632735472225,7766,1064,62.5,0.0,0.0,0.0,0.0,0.0
POLYIC_20190614_polyic___E3_P1,baseline,middle 60%,0.89799628690621,15513,1236,81.81818181818183,63.63636363636363,45.45454545454545,18.181818181818183,0.0,0.0
POLYIC_20190614_polyic___E3_P1,baseline,last 20%,0.7482218738573482,1718,776,42.857142857142854,0.0,0.0,0.0,0.0,0.0
POLYIC_20190614_polyic___E3_P1,adapted,first 20%,0.9201465663316308,314,2612,100.0,87.5,0.0,0.0,0.0,0.0
POLYIC_20190614_polyic___E3_P1,adapted,middle 60%,0.9396340790200715,2823,6604,100.0,77.27272727272727,59.09090909090909,0.0,0.0,0.0
POLYIC_20190614_polyic___E3_P1,adapted,last 20%,0.6774502643504797,40,1535,57.14285714285714,28.57142857142857,0.0,0.0,0.0,0.0
POLYIC_20190614_polyic___E3_P1_1,baseline,first 20%,0.7137090635647766,14533,801,37.5,0.0,0.0,0.0,0.0,0.0
POLYIC_20190614_polyic___E3_P1_1,baseline,middle 60%,0.8347784656483692,31767,1704,86.36363636363636,0.0,0.0,0.0,0.0,0.0
POLYIC_20190614_polyic___E3_P1_1,baseline,last 20%,0.7215944267312903,1066,1004,57.14285714285714,0.0,0.0,0.0,0.0,0.0
POLYIC_20190614_polyic___E3_P1_1,adapted,first 20%,0.9053064448465389,346,3406,100.0,50.0,0.0,0.0,0.0,0.0
POLYIC_20190614_polyic___E3_P1_1,adapted,middle 60%,0.8936421111511064,11800,7539,100.0,31.818181818181817,0.0,0.0,0.0,0.0
POLYIC_20190614_polyic___E3_P1_1,adapted,last 20%,0.6670518270578175,31,1788,42.857142857142854,0.0,0.0,0.0,0.0,0.0
POLYIC_20190614_polyic___E3_P1_3,baseline,first 20%,0.6933801177255146,13855,235,62.5,0.0,0.0,0.0,0.0,0.0
POLYIC_20190614_polyic___E3_P1_3,baseline,middle 60%,0.8956996353414185,18869,1392,95.23809523809523,42.857142857142854,4.761904761904762,0.0,0.0,0.0
POLYIC_20190614_polyic___E3_P1_3,baseline,last 20%,0.8034406363403511,1250,707,71.42857142857143,28.57142857142857,0.0,0.0,0.0,0.0
POLYIC_20190614_polyic___E3_P1_3,adapted,first 20%,0.8779348434401336,1460,1509,75.0,75.0,50.0,0.0,0.0,0.0
POLYIC_20190614_polyic___E3_P1_3,adapted,middle 60%,0.9508839767675377,1938,6694,100.0,100.0,66.66666666666666,0.0,0.0,0.0
POLYIC_20190614_polyic___E3_P1_3,adapted,last 20%,0.7277476555434393,48,1629,57.14285714285714,28.57142857142857,0.0,0.0,0.0,0.0
POLYIC_20190614_polyic___E3_P1_4,baseline,first 20%,0.7777792932868746,8493,714,62.5,0.0,0.0,0.0,0.0,0.0
POLYIC_20190614_polyic___E3_P1_4,baseline,middle 60%,0.9018039433545422,16805,1344,100.0,40.909090909090914,22.727272727272727,9.090909090909092,0.0,0.0
POLYIC_20190614_polyic___E3_P1_4,baseline,last 20%,0.8674760201038328,832,350,85.71428571428571,42.857142857142854,0.0,0.0,0.0,0.0
POLYIC_20190614_polyic___E3_P1_4,adapted,first 20%,0.9195133869809338,761,2088,100.0,87.5,0.0,0.0,0.0,0.0
POLYIC_20190614_polyic___E3_P1_4,adapted,middle 60%,0.9543489654435363,1054,6520,100.0,100.0,77.27272727272727,9.090909090909092,0.0,0.0
POLYIC_20190614_polyic___E3_P1_4,adapted,last 20%,0.7654248762561139,43,1190,71.42857142857143,42.857142857142854,0.0,0.0,0.0,0.0
POLYIC_20190614_polyic___E3_P1_5,baseline,first 20%,0.7742825366479112,5478,906,62.5,25.0,0.0,0.0,0.0,0.0
POLYIC_20190614_polyic___E3_P1_5,baseline,middle 60%,0.8831878926849668,18016,1420,81.81818181818183,63.63636363636363,40.909090909090914,4.545454545454546,0.0,0.0
POLYIC_20190614_polyic___E3_P1_5,baseline,last 20%,0.5024678379920445,7023,613,0.0,0.0,0.0,0.0,0.0,0.0
POLYIC_20190614_polyic___E3_P1_5,adapted,first 20%,0.8524979307049347,389,2561,75.0,62.5,0.0,0.0,0.0,0.0
POLYIC_20190614_polyic___E3_P1_5,adapted,middle 60%,0.9146136051818948,5791,6604,90.9090909090909,72.72727272727273,54.54545454545454,0.0,0.0,0.0
POLYIC_20190614_polyic___E3_P1_5,adapted,last 20%,0.6500655198207278,1212,1317,28.57142857142857,0.0,0.0,0.0,0.0,0.0
POLYIC_20190614_polyic___E3_P1_6,baseline,first 20%,0.7420880838345802,9410,1409,62.5,0.0,0.0,0.0,0.0,0.0
POLYIC_20190614_polyic___E3_P1_6,baseline,middle 60%,0.9480060909331005,6710,1440,100.0,90.9090909090909,63.63636363636363,31.818181818181817,9.090909090909092,0.0
POLYIC_20190614_polyic___E3_P1_6,baseline,last 20%,0.8020978532420154,422,842,71.42857142857143,28.57142857142857,0.0,0.0,0.0,0.0
POLYIC_20190614_polyic___E3_P1_6,adapted,first 20%,0.9004470974143853,685,2771,87.5,87.5,0.0,0.0,0.0,0.0
POLYIC_20190614_polyic___E3_P1_6,adapted,middle 60%,0.9475442633410733,559,7860,100.0,100.0,68.18181818181817,0.0,0.0,0.0
POLYIC_20190614_polyic___E3_P1_6,adapted,last 20%,0.6386528993667747,3,1868,42.857142857142854,14.285714285714285,0.0,0.0,0.0,0.0
POLYIC_20190614_polyic___E4_P1_5,baseline,first 20%,0.7366650892408357,11378,739,62.5,0.0,0.0,0.0,0.0,0.0
POLYIC_20190614_polyic___E4_P1_5,baseline,middle 60%,0.8755455926250987,22242,1745,100.0,23.809523809523807,0.0,0.0,0.0,0.0
POLYIC_20190614_polyic___E4_P1_5,baseline,last 20%,0.837350640716564,702,909,71.42857142857143,14.285714285714285,0.0,0.0,0.0,0.0
POLYIC_20190614_polyic___E4_P1_5,adapted,first 20%,0.9278237281454966,627,2250,100.0,100.0,0.0,0.0,0.0,0.0
POLYIC_20190614_polyic___E4_P1_5,adapted,middle 60%,0.9395566610122599,4530,5939,100.0,100.0,47.61904761904761,9.523809523809524,0.0,0.0
POLYIC_20190614_polyic___E4_P1_5,adapted,last 20%,0.7844879993483568,55,1735,57.14285714285714,14.285714285714285,0.0,0.0,0.0,0.0
POLYIC_20190618_mouse33__E3_P1,baseline,first 20%,0.7889598296780285,8093,767,75.0,37.5,0.0,0.0,0.0,0.0
POLYIC_20190618_mouse33__E3_P1,baseline,middle 60%,0.9329969940576542,9939,1542,100.0,81.81818181818183,36.36363636363637,0.0,0.0,0.0
POLYIC_20190618_mouse33__E3_P1,baseline,last 20%,0.7564315196555299,516,955,57.14285714285714,28.57142857142857,0.0,0.0,0.0,0.0
POLYIC_20190618_mouse33__E3_P1,adapted,first 20%,0.8877776132699301,1298,2132,87.5,87.5,12.5,0.0,0.0,0.0
POLYIC_20190618_mouse33__E3_P1,adapted,middle 60%,0.9547384156731353,1125,5494,100.0,95.45454545454545,81.81818181818183,13.636363636363635,0.0,0.0
POLYIC_20190618_mouse33__E3_P1,adapted,last 20%,0.6982999563904687,56,1504,57.14285714285714,14.285714285714285,0.0,0.0,0.0,0.0
POLYIC_20190618_mouse34__E3_P1,baseline,first 20%,0.7263225084628775,11613,676,62.5,0.0,0.0,0.0,0.0,0.0
POLYIC_20190618_mouse34__E3_P1,baseline,middle 60%,0.9227731391937145,13131,956,100.0,72.72727272727273,45.45454545454545,0.0,0.0,0.0
POLYIC_20190618_mouse34__E3_P1,baseline,last 20%,0.8437751410170973,480,670,71.42857142857143,42.857142857142854,0.0,0.0,0.0,0.0
POLYIC_20190618_mouse34__E3_P1,adapted,first 20%,0.896070349510053,1327,1783,87.5,87.5,25.0,0.0,0.0,0.0
POLYIC_20190618_mouse34__E3_P1,adapted,middle 60%,0.9528567386142903,1680,5271,100.0,95.45454545454545,68.18181818181817,4.545454545454546,0.0,0.0
POLYIC_20190618_mouse34__E3_P1,adapted,last 20%,0.6833436175528729,11,1689,42.857142857142854,14.285714285714285,0.0,0.0,0.0,0.0
POLYIC_20190618_mouse35__E3_P1,baseline,first 20%,0.7974960781326764,8900,341,75.0,50.0,0.0,0.0,0.0,0.0
POLYIC_20190618_mouse35__E3_P1,baseline,middle 60%,0.8910701113317107,19838,1759,100.0,38.095238095238095,14.285714285714285,0.0,0.0,0.0
POLYIC_20190618_mouse35__E3_P1,baseline,last 20%,0.6567863976081115,504,1088,42.857142857142854,28.57142857142857,0.0,0.0,0.0,0.0
POLYIC_20190618_mouse35__E3_P1,adapted,first 20%,0.8944846424083587,1840,1612,87.5,87.5,25.0,0.0,0.0,0.0
POLYIC_20190618_mouse35__E3_P1,adapted,middle 60%,0.9232499283560317,6958,6223,100.0,85.71428571428571,23.809523809523807,0.0,0.0,0.0
POLYIC_20190618_mouse35__E3_P1,adapted,last 20%,0.5236221590478352,31,1889,28.57142857142857,14.285714285714285,0.0,0.0,0.0,0.0
POLYIC_20190618_mouse36__E3_P1,baseline,first 20%,0.760344690250385,11609,632,62.5,0.0,0.0,0.0,0.0,0.0
POLYIC_20190618_mouse36__E3_P1,baseline,middle 60%,0.9158379794698458,14862,1345,100.0,63.63636363636363,36.36363636363637,0.0,0.0,0.0
POLYIC_20190618_mouse36__E3_P1,baseline,last 20%,0.7884546385707598,333,1012,57.14285714285714,28.57142857142857,0.0,0.0,0.0,0.0
POLYIC_20190618_mouse36__E3_P1,adapted,first 20%,0.9248360196767416,846,2077,100.0,87.5,12.5,0.0,0.0,0.0
POLYIC_20190618_mouse36__E3_P1,adapted,middle 60%,0.942067237475991,3368,5979,100.0,90.9090909090909,54.54545454545454,4.545454545454546,0.0,0.0
POLYIC_20190618_mouse36__E3_P1,adapted,last 20%,0.6790104190337507,26,1705,42.857142857142854,14.285714285714285,0.0,0.0,0.0,0.0
POLYIC_20190619_mouse38__E3_P1,baseline,first 20%,0.7399521663301254,11053,632,75.0,0.0,0.0,0.0,0.0,0.0
POLYIC_20190619_mouse38__E3_P1,baseline,middle 60%,0.8933616727913147,20286,1410,100.0,45.45454545454545,22.727272727272727,0.0,0.0,0.0
POLYIC_20190619_mouse38__E3_P1,baseline,last 20%,0.716752646303228,516,843,57.14285714285714,28.57142857142857,0.0,0.0,0.0,0.0
POLYIC_20190619_mouse38__E3_P1,adapted,first 20%,0.8806636103937826,1728,1898,87.5,87.5,0.0,0.0,0.0,0.0
POLYIC_20190619_mouse38__E3_P1,adapted,middle 60%,0.9218890163660682,7595,6063,100.0,63.63636363636363,27.27272727272727,0.0,0.0,0.0
POLYIC_20190619_mouse38__E3_P1,adapted,last 20%,0.6392127793199053,41,1592,42.857142857142854,14.285714285714285,0.0,0.0,0.0,0.0
POLYIC_20190619_mouse39__E3_P1,baseline,first 20%,0.689667532629624,13925,980,50.0,0.0,0.0,0.0,0.0,0.0
POLYIC_20190619_mouse39__E3_P1,baseline,middle 60%,0.95249985887336,6257,1703,100.0,90.9090909090909,72.72727272727273,27.27272727272727,4.545454545454546,0.0
POLYIC_20190619_mouse39__E3_P1,baseline,last 20%,0.8448187635222925,398,944,71.42857142857143,42.857142857142854,0.0,0.0,0.0,0.0
POLYIC_20190619_mouse39__E3_P1,adapted,first 20%,0.9086049100830886,1050,2232,100.0,75.0,0.0,0.0,0.0,0.0
POLYIC_20190619_mouse39__E3_P1,adapted,middle 60%,0.947615257731324,705,7691,100.0,95.45454545454545,54.54545454545454,0.0,0.0,0.0
POLYIC_20190619_mouse39__E3_P1,adapted,last 20%,0.7311035718900418,27,1869,57.14285714285714,0.0,0.0,0.0,0.0,0.0
POLYIC_20190619_mouse42__E3_P1,baseline,first 20%,0.6988760111614661,13552,698,50.0,0.0,0.0,0.0,0.0,0.0
POLYIC_20190619_mouse42__E3_P1,baseline,middle 60%,0.8957737893809814,18548,1812,100.0,45.45454545454545,9.090909090909092,0.0,0.0,0.0
POLYIC_20190619_mouse42__E3_P1,baseline,last 20%,0.7225330289292905,356,906,57.14285714285714,42.857142857142854,0.0,0.0,0.0,0.0
POLYIC_20190619_mouse42__E3_P1,adapted,first 20%,0.9106256436857774,1665,1619,100.0,87.5,0.0,0.0,0.0,0.0
POLYIC_20190619_mouse42__E3_P1,adapted,middle 60%,0.9455317891452623,2528,6203,100.0,100.0,45.45454545454545,4.545454545454546,0.0,0.0
POLYIC_20190619_mouse42__E3_P1,adapted,last 20%,0.6353897640801838,36,1594,42.857142857142854,14.285714285714285,0.0,0.0,0.0,0.0
POLYIC_20190619_mouse43__E3_P1,baseline,first 20%,0.8149623038833574,7700,392,71.42857142857143,42.857142857142854,0.0,0.0,0.0,0.0
POLYIC_20190619_mouse43__E3_P1,baseline,middle 60%,0.9421573321829848,9056,1252,100.0,95.23809523809523,38.095238095238095,9.523809523809524,0.0,0.0
POLYIC_20190619_mouse43__E3_P1,baseline,last 20%,0.8167772802401233,728,760,71.42857142857143,42.857142857142854,0.0,0.0,0.0,0.0
POLYIC_20190619_mouse43__E3_P1,adapted,first 20%,0.9086880193744225,1318,1752,85.71428571428571,85.71428571428571,28.57142857142857,0.0,0.0,0.0
POLYIC_20190619_mouse43__E3_P1,adapted,middle 60%,0.9593602081871899,1159,5517,100.0,100.0,80.95238095238095,9.523809523809524,0.0,0.0
POLYIC_20190619_mouse43__E3_P1,adapted,last 20%,0.6883603963699839,83,1651,57.14285714285714,28.57142857142857,0.0,0.0,0.0,0.0
POLYIC_20190628_mouse33__E3_P1,baseline,first 20%,0.7972121494667472,8355,1582,75.0,0.0,0.0,0.0,0.0,0.0
POLYIC_20190628_mouse33__E3_P1,baseline,middle 60%,0.9503370426392839,7066,890,100.0,90.9090909090909,72.72727272727273,13.636363636363635,0.0,0.0
POLYIC_20190628_mouse33__E3_P1,baseline,last 20%,0.7219631124990303,337,895,57.14285714285714,42.857142857142854,0.0,0.0,0.0,0.0
POLYIC_20190628_mouse33__E3_P1,adapted,first 20%,0.9157195366084043,400,3362,100.0,75.0,0.0,0.0,0.0,0.0
POLYIC_20190628_mouse33__E3_P1,adapted,middle 60%,0.9539032705910743,781,5971,100.0,95.45454545454545,72.72727272727273,4.545454545454546,0.0,0.0
POLYIC_20190628_mouse33__E3_P1,adapted,last 20%,0.6362032564463934,49,1699,42.857142857142854,14.285714285714285,0.0,0.0,0.0,0.0
POLYIC_20190628_mouse34__E6_P1,baseline,first 20%,0.7318399620088529,11827,948,62.5,0.0,0.0,0.0,0.0,0.0
POLYIC_20190628_mouse34__E6_P1,baseline,middle 60%,0.9276950465235899,11116,1303,100.0,72.72727272727273,50.0,0.0,0.0,0.0
POLYIC_20190628_mouse34__E6_P1,baseline,last 20%,0.7807333286410552,465,813,57.14285714285714,28.57142857142857,0.0,0.0,0.0,0.0
POLYIC_20190628_mouse34__E6_P1,adapted,first 20%,0.8863490360427358,1691,2414,87.5,75.0,0.0,0.0,0.0,0.0
POLYIC_20190628_mouse34__E6_P1,adapted,middle 60%,0.9499889830746753,1793,5697,100.0,95.45454545454545,50.0,13.636363636363635,0.0,0.0
POLYIC_20190628_mouse34__E6_P1,adapted,last 20%,0.6717384963897903,6,1599,42.857142857142854,14.285714285714285,0.0,0.0,0.0,0.0
POLYIC_20190628_mouse35__E3_P1,baseline,first 20%,0.784052912130603,9984,791,75.0,0.0,0.0,0.0,0.0,0.0
POLYIC_20190628_mouse35__E3_P1,baseline,middle 60%,0.9236713092945323,12846,962,100.0,66.66666666666666,28.57142857142857,0.0,0.0,0.0
POLYIC_20190628_mouse35__E3_P1,baseline,last 20%,0.8327891338672172,631,713,71.42857142857143,28.57142857142857,0.0,0.0,0.0,0.0
POLYIC_20190628_mouse35__E3_P1,adapted,first 20%,0.9058823628279964,892,2661,87.5,87.5,0.0,0.0,0.0,0.0
POLYIC_20190628_mouse35__E3_P1,adapted,middle 60%,0.9541484872676892,1356,5739,100.0,100.0,85.71428571428571,0.0,0.0,0.0
POLYIC_20190628_mouse35__E3_P1,adapted,last 20%,0.7240025261797507,61,1550,57.14285714285714,28.57142857142857,0.0,0.0,0.0,0.0
POLYIC_20190628_mouse36__E3_P1,baseline,first 20%,0.8083775426214803,6875,981,75.0,0.0,0.0,0.0,0.0,0.0
POLYIC_20190628_mouse36__E3_P1,baseline,middle 60%,0.9333960524418036,10401,1368,100.0,78.26086956521739,39.130434782608695,0.0,0.0,0.0
POLYIC_20190628_mouse36__E3_P1,baseline,last 20%,0.8444765504880424,498,610,85.71428571428571,42.857142857142854,0.0,0.0,0.0,0.0
POLYIC_20190628_mouse36__E3_P1,adapted,first 20%,0.9191356326026636,430,2664,100.0,87.5,0.0,0.0,0.0,0.0
POLYIC_20190628_mouse36__E3_P1,adapted,middle 60%,0.9531249417004376,967,6428,100.0,95.65217391304348,78.26086956521739,0.0,0.0,0.0
POLYIC_20190628_mouse36__E3_P1,adapted,last 20%,0.7410239810872179,22,1358,57.14285714285714,28.57142857142857,0.0,0.0,0.0,0.0
POLYIC_20190629_polyic_mo__E3_P1,baseline,first 20%,0.6982875714257379,12603,1437,0.0,0.0,0.0,0.0,0.0,0.0
POLYIC_20190629_polyic_mo__E3_P1,baseline,middle 60%,0.8918543021658448,19277,1398,100.0,50.0,18.181818181818183,0.0,0.0,0.0
POLYIC_20190629_polyic_mo__E3_P1,baseline,last 20%,0.8462262559956298,758,665,71.42857142857143,14.285714285714285,0.0,0.0,0.0,0.0
POLYIC_20190629_polyic_mo__E3_P1,adapted,first 20%,0.896157888155372,396,3297,100.0,87.5,0.0,0.0,0.0,0.0
POLYIC_20190629_polyic_mo__E3_P1,adapted,middle 60%,0.9389902103543456,3445,6941,100.0,100.0,40.909090909090914,0.0,0.0,0.0
POLYIC_20190629_polyic_mo__E3_P1,adapted,last 20%,0.6794898715075176,15,1635,57.14285714285714,28.57142857142857,0.0,0.0,0.0,0.0
POLYIC_20190629_polyic_mo__E3_P1_1,baseline,first 20%,0.676751215684552,9887,163,62.5,37.5,0.0,0.0,0.0,0.0
POLYIC_20190629_polyic_mo__E3_P1_1,baseline,middle 60%,0.9434380517780803,10207,1312,100.0,100.0,38.095238095238095,9.523809523809524,0.0,0.0
POLYIC_20190629_polyic_mo__E3_P1_1,baseline,last 20%,0.8614866578009728,1760,365,85.71428571428571,42.857142857142854,0.0,0.0,0.0,0.0
POLYIC_20190629_polyic_mo__E3_P1_1,adapted,first 20%,0.8405640048305729,1400,1324,62.5,62.5,50.0,0.0,0.0,0.0
POLYIC_20190629_polyic_mo__E3_P1_1,adapted,middle 60%,0.9561388421172017,663,7358,100.0,100.0,80.95238095238095,0.0,0.0,0.0
POLYIC_20190629_polyic_mo__E3_P1_1,adapted,last 20%,0.8397194539826083,314,1347,71.42857142857143,42.857142857142854,0.0,0.0,0.0,0.0
POLYIC_20190629_polyic_mo__E3_P1_2,baseline,first 20%,0.7441122465336002,9218,600,62.5,0.0,0.0,0.0,0.0,0.0
POLYIC_20190629_polyic_mo__E3_P1_2,baseline,middle 60%,0.9079122337683591,15801,1754,95.45454545454545,54.54545454545454,27.27272727272727,13.636363636363635,0.0,0.0
POLYIC_20190629_polyic_mo__E3_P1_2,baseline,last 20%,0.8720693993746444,1281,569,85.71428571428571,42.857142857142854,0.0,0.0,0.0,0.0
POLYIC_20190629_polyic_mo__E3_P1_2,adapted,first 20%,0.911984502369314,680,1843,87.5,75.0,37.5,0.0,0.0,0.0
POLYIC_20190629_polyic_mo__E3_P1_2,adapted,middle 60%,0.9454912148477269,1613,8198,100.0,100.0,36.36363636363637,0.0,0.0,0.0
POLYIC_20190629_polyic_mo__E3_P1_2,adapted,last 20%,0.823922668941215,51,1631,71.42857142857143,28.57142857142857,0.0,0.0,0.0,0.0
POLYIC_20190629_polyic_mo__E3_P1_3,baseline,first 20%,0.69789840401638,10521,1204,62.5,0.0,0.0,0.0,0.0,0.0
POLYIC_20190629_polyic_mo__E3_P1_3,baseline,middle 60%,0.9131508294380614,13793,1131,100.0,59.09090909090909,40.909090909090914,13.636363636363635,0.0,0.0
POLYIC_20190629_polyic_mo__E3_P1_3,baseline,last 20%,0.8435485545234035,567,706,85.71428571428571,42.857142857142854,0.0,0.0,0.0,0.0
POLYIC_20190629_polyic_mo__E3_P1_3,adapted,first 20%,0.8733444813524327,1064,2410,75.0,75.0,0.0,0.0,0.0,0.0
POLYIC_20190629_polyic_mo__E3_P1_3,adapted,middle 60%,0.9523503595205896,1224,6431,100.0,100.0,77.27272727272727,0.0,0.0,0.0
POLYIC_20190629_polyic_mo__E3_P1_3,adapted,last 20%,0.6109423653294382,16,1912,42.857142857142854,0.0,0.0,0.0,0.0,0.0
POLYIC_20190629_polyic_mo__E3_P1_5,baseline,first 20%,0.7182942590310004,9190,556,50.0,0.0,0.0,0.0,0.0,0.0
POLYIC_20190629_polyic_mo__E3_P1_5,baseline,middle 60%,0.9499824636687186,7199,1742,100.0,86.36363636363636,63.63636363636363,22.727272727272727,0.0,0.0
POLYIC_20190629_polyic_mo__E3_P1_5,baseline,last 20%,0.8858779460169218,807,502,100.0,42.857142857142854,0.0,0.0,0.0,0.0
POLYIC_20190629_polyic_mo__E3_P1_5,adapted,first 20%,0.9133763415183818,500,1906,100.0,75.0,0.0,0.0,0.0,0.0
POLYIC_20190629_polyic_mo__E3_P1_5,adapted,middle 60%,0.9499077201003391,592,8007,100.0,100.0,63.63636363636363,0.0,0.0,0.0
POLYIC_20190629_polyic_mo__E3_P1_5,adapted,last 20%,0.7714855090044771,41,1595,57.14285714285714,28.57142857142857,0.0,0.0,0.0,0.0
POLYIC_20190629_polyic_mo__E4_P1_2,baseline,first 20%,0.67080154365755,14071,861,12.5,0.0,0.0,0.0,0.0,0.0
POLYIC_20190629_polyic_mo__E4_P1_2,baseline,middle 60%,0.876916691269464,22456,1873,90.9090909090909,40.909090909090914,18.181818181818183,13.636363636363635,0.0,0.0
POLYIC_20190629_polyic_mo__E4_P1_2,baseline,last 20%,0.7580540355279072,2933,646,28.57142857142857,0.0,0.0,0.0,0.0,0.0
POLYIC_20190629_polyic_mo__E4_P1_2,adapted,first 20%,0.8923520660084991,828,2601,87.5,62.5,0.0,0.0,0.0,0.0
POLYIC_20190629_polyic_mo__E4_P1_2,adapted,middle 60%,0.9258546333254111,5034,8373,100.0,77.27272727272727,31.818181818181817,0.0,0.0,0.0
POLYIC_20190629_polyic_mo__E4_P1_2,adapted,last 20%,0.8148371062079266,95,1585,57.14285714285714,28.57142857142857,0.0,0.0,0.0,0.0
POLYIC_20190629_polyic_mo__E4_P1_4,baseline,first 20%,0.6543934457485472,15987,952,0.0,0.0,0.0,0.0,0.0,0.0
POLYIC_20190629_polyic_mo__E4_P1_4,baseline,middle 60%,0.8757862060024262,20317,2373,86.36363636363636,40.909090909090914,22.727272727272727,4.545454545454546,0.0,0.0
POLYIC_20190629_polyic_mo__E4_P1_4,baseline,last 20%,0.7753799480170738,1679,921,42.857142857142854,0.0,0.0,0.0,0.0,0.0
POLYIC_20190629_polyic_mo__E4_P1_4,adapted,first 20%,0.8926967422578157,1174,2724,100.0,62.5,0.0,0.0,0.0,0.0
POLYIC_20190629_polyic_mo__E4_P1_4,adapted,middle 60%,0.9309385491532255,3593,7622,100.0,81.81818181818183,45.45454545454545,0.0,0.0,0.0
POLYIC_20190629_polyic_mo__E4_P1_4,adapted,last 20%,0.7499316920693626,60,1731,42.857142857142854,14.285714285714285,0.0,0.0,0.0,0.0
