domain,subject,component_rank,component_label,is_largest_component,voxel_volume,physical_volume_mm3,centroid_i,centroid_j,centroid_k,centroid_world_x,centroid_world_y,centroid_world_z,centroid_distance_to_largest_mm,minimum_distance_to_largest_mm,bbox_i0,bbox_j0,bbox_k0,bbox_i1_exclusive,bbox_j1_exclusive,bbox_k1_exclusive,occupied_slices,average_image_intensity,brain_intensity_zscore,locally_brain_like,expert_overlap_voxels,expert_overlap_fraction
CAMRI,064,1,1,1,250810,2006.480089696647,77.04697579841314,84.89645947131295,27.537235357441887,1.74038904164426,-2.3593504358479755,6.421202748788016,0.0,0.0,41,3,2,114,144,55,53,2987.103759765625,0.048077916922217356,1,250358,0.9981978390016347
CAMRI,064,2,3,0,201,1.6080000718832026,72.07462686567165,138.91044776119404,60.49751243781095,0.7459192402772068,-13.16214825479842,-0.1708527655150771,12.694274567954064,1.600000023841858,64,134,60,82,143,62,2,3435.457763671875,0.41205899977930727,1,0,0.0
CAMRI,064,3,2,0,8,0.06400000286102299,53.0,116.625,42.375,-3.0690061897039413,-8.705058636143804,3.453649776056409,8.497332858055211,0.6324555414579976,52,116,42,55,119,44,2,3974.875,0.8499666978926569,1,0,0.0
CAMRI,064,4,4,0,1,0.008000000357627874,102.0,116.0,41.0,6.730993956327438,-8.580058634281158,3.728649780154228,8.41743365839092,0.9165151526483079,102,116,41,103,117,42,1,4346.0,1.1512520175250047,0,0,0.0
CAMRI,007,1,1,1,142331,1423.3100424179438,128.42117318082498,147.9765546507788,5.0754508856117075,12.842117509444957,5.0754508856117075,-14.79765568558013,0.0,0.0,51,95,0,210,206,12,12,9337.3427734375,0.034605001611933105,1,141503,0.9941825744215947
CAMRI,043,1,1,1,129849,1298.490038698018,137.91572518848815,110.51171745643016,5.045830156566473,0.9915725336243977,2.0845901033895933,1.3870700482998561,0.0,0.0,62,60,0,217,166,12,12,5303.189453125,0.032543479675936335,1,129213,0.9951020030959037
CAMRI,043,2,2,0,30,0.3000000089406968,150.5,47.0,7.0,2.2500000335276127,4.03875994682312,7.7382418885827065,6.76312082505551,1.600000023841858,148,45,7,154,50,8,1,4923.033203125,-0.12607580561843867,1,0,0.0
CAMRI,078,1,1,1,235742,1885.9360843079103,77.24706670852034,86.93425863868127,28.622494082513935,1.049413953387992,-0.5603825654338159,6.163731421987038,0.0,0.0,42,7,4,114,144,62,58,3970.770751953125,0.04901760677044489,1,235056,0.997090039110553
CAMRI,078,2,2,0,19,0.1520000067949296,102.36842105263158,116.73684210526316,44.26315789473684,6.073684897077712,-6.520899347568815,3.035598612929645,8.399778193310764,0.44721360216395983,101,115,43,104,120,46,3,4200.78955078125,0.21493918895477487,1,0,0.0
CAMRI,078,3,3,0,18,0.14400000643730174,108.77777777777777,101.88888888888889,10.333333333333334,7.355556261208321,-3.5513086600436097,9.821563626329104,7.87989886642089,0.7483314885057962,108,100,9,111,105,13,4,3809.4443359375,-0.06735346520198643,1,0,0.0
CAMRI,078,4,5,0,10,0.08000000357627873,115.7,100.5,28.7,8.740000726282599,-3.2735308781266212,6.148230238258839,8.155154134949644,0.6000000089406967,115,99,28,117,103,30,2,6565.10009765625,1.9204091275476034,0,0,0.0
CAMRI,078,5,4,0,4,0.032000001430511495,111.5,113.0,30.0,7.900000713765621,-5.773530915379524,5.888230234384537,8.61297600045265,0.7483314885057962,111,113,29,113,114,32,3,4913.5,0.7290451923603555,1,0,0.0
CAMRI,009,1,1,1,128515,1285.150038300455,124.2664202622262,144.50005835894643,4.997190989378672,12.426642211394016,4.997190989378672,-14.45000605121651,0.0,0.0,48,95,0,204,198,12,12,10602.6826171875,0.020165069429284876,1,127588,0.9927868342216862
CAMRI,099,1,2,1,153028,1530.2800456058983,124.64690122069163,125.13931437384008,4.988551114828659,-0.3353098829273442,0.6032409417939908,3.2986284576258154,0.0,0.0,39,73,0,215,183,12,12,20.538654327392578,0.01577852475082645,1,151909,0.9926876127244687
CAMRI,099,2,1,0,9,0.09000000268220903,32.0,144.0,2.0,-9.600000143051147,-2.385310173034668,1.4125598669052124,9.915804461105477,0.8544003872633108,31,143,2,34,146,3,1,8.082104682922363,-1.2992971168419913,0,0,0.0
Mouse,POLYIC_20190510_mouse34__E2_P1,1,1,1,101528,406.11192738151306,84.39710227720431,121.47564218737688,15.070896698447719,0.09931191080818813,0.4493924233990061,0.1197232380826243,0.0,0.0,35,87,0,134,155,35,35,21.35515785217285,0.05260170681077728,1,99378,0.9788235757623512
Mouse,POLYIC_20190510_mouse35__E3_P1,1,1,1,103888,415.5520804986975,89.94363160326506,121.43018442938549,15.327073386724164,-0.5245657943109263,0.3530301866186285,-0.5933005113078291,0.0,0.0,40,90,0,138,155,35,35,22.17606544494629,0.049135440458407315,1,101948,0.9813260434313876
Mouse,POLYIC_20190510_mouse37__E2_P1,1,1,1,116136,464.5437438769261,88.65202865605842,111.9516170696425,14.896535096783081,-1.0678713135537734,-1.729192939745559,-2.2208075773120344,0.0,0.0,37,80,0,139,147,35,35,28.89972496032715,0.05554939507899621,1,114637,0.9870927188813116
Mouse,POLYIC_20190510_mouse38__E2_P1,1,1,1,111459,445.83598671305106,84.52765590934783,118.54715186750285,15.11507370423205,-0.5270485734277504,-4.874943174882496,-1.8644476141473607,0.0,0.0,33,85,0,134,152,35,35,29.563465118408203,0.05060771245834765,1,109823,0.9853219569527808
Mouse,POLYIC_20190510_mouse39__E4_P1,1,1,1,113051,452.2038854477965,92.44924856922982,116.27997983211117,15.453874799869086,-0.38646910439566007,-4.820647231041081,-1.8199006057279759,0.0,0.0,41,85,0,142,150,35,35,30.644258499145508,0.07663371510468502,1,111421,0.9855817286003662
Mouse,POLYIC_20190510_mouse39__E4_P1,2,2,0,21,0.08399997872114114,122.14285714285714,89.42857142857143,10.0,-3.3465260328361346,-2.0213591292528665,-3.866432348304939,4.559193247691594,0.3162277707289988,120,87,10,125,95,11,1,41.20222473144531,1.9021759177917905,0,0,0.0
Mouse,POLYIC_20190510_mouse42__E2_P1,1,1,1,110441,441.7641843183093,93.7074908774821,111.00576778551444,15.007995219166794,0.017082137326471347,-0.5279822992920664,-3.422693397723388,0.0,0.0,43,75,0,143,147,35,35,29.34815216064453,0.05978585672884435,1,108914,0.9861736130603671
Mouse,POLYIC_20190510_mouse42__E2_P1,2,3,0,44,0.17600007343292445,90.13636363636364,78.56818181818181,32.02272727272727,-0.8112665509236887,1.8576161859415024,3.6901450620828875,7.547828339156487,2.3853727486093352,89,75,31,93,82,34,3,22.509428024291992,-1.0857945367793456,0,0,0.0
Mouse,POLYIC_20190510_mouse42__E2_P1,3,2,0,17,0.06800002837181171,63.76470588235294,131.8235294117647,3.0,3.6614063008148485,-1.1366899433183573,-8.189096891107361,6.030773239496262,1.153256328335727,62,130,3,66,135,4,1,25.34463119506836,-0.6108589933512162,1,0,0.0
Mouse,POLYIC_20190510_mouse43__E2_P1_1,1,1,1,78165,312.66001397699137,89.82324569820253,122.44335700121538,7.502808162220943,-0.03497208037690669,-5.3790275053019805,1.0905910908066159,0.0,0.0,38,90,0,143,160,24,24,23.462997436523438,0.027516645455939476,1,75643,0.9677349197211028
Mouse,POLYIC_20190510_mouse43__E9_P1,1,2,1,116387,465.54795143955766,80.14000704546041,125.25785525874883,14.254616065368126,1.3032153424590156,-6.254719737398103,3.825814951726655,0.0,0.0,28,87,0,131,162,34,34,12.045830726623535,0.029338970249895086,1,111704,0.9597635474752335
Mouse,POLYIC_20190510_mouse43__E9_P1,2,1,0,87,0.34799996370076997,18.114942528735632,116.10344827586206,14.96551724137931,7.42551891245051,-4.924468341564783,4.197042917830978,6.276143719041578,0.9000000134110451,16,110,14,22,122,17,3,6.520285606384277,-1.2052271527012102,0,0,0.0
Mouse,POLYIC_20190517_mouse33__E2_P1,1,1,1,105460,421.8400188577178,102.40593589986725,105.8073203110184,15.434790441873696,-1.1808042696856536,-1.6909198473662261,-1.1362720199627665,0.0,0.0,52,75,0,151,137,35,35,28.20198631286621,0.05975001691084989,1,103614,0.9824957329793287
Mouse,POLYIC_20190517_mouse35__E2_P1,1,1,1,108192,432.76798710250785,90.94505139012126,119.92056713989943,14.761017450458445,-0.07019261650791364,-0.13827721326680198,0.33236746055674704,0.0,0.0,40,85,0,140,152,35,35,29.169172286987305,0.05548227610357506,1,106490,0.9842687074829932
Mouse,POLYIC_20190517_mouse36__E2_P1,1,1,1,110421,441.6839539287669,96.99049999547188,120.23145959554795,14.987357477291457,-0.6454012649391441,-1.4987861055512681,-0.6795651788553192,0.0,0.0,45,85,0,147,152,35,35,29.350488662719727,0.06373264353904114,1,109142,0.9884170583494082
Mouse,POLYIC_20190517_mouse37__E3_P1,1,1,1,304110,451.04233998747077,132.04689750419257,164.55450988129294,20.36077735030088,-0.24652096819315972,-0.682099370219726,-0.9244538880236846,0.0,0.0,58,114,0,204,213,43,43,4.048980712890625,-0.04507130034835973,1,292396,0.9614810430436356
Mouse,POLYIC_20190517_mouse37__E3_P1,2,2,0,60,0.08898931439034641,84.6,179.7,41.0,3.1661872062804512,-2.1002460162690255,5.153702608986988,7.113487428538335,0.9167628382316225,80,174,41,90,185,42,1,5.2267842292785645,1.336833085314182,0,0,0.0
Mouse,POLYIC_20190517_mouse38__E3_P1,1,1,1,111461,445.84415280265046,98.8310619858067,110.79900593032541,15.393447035285885,-1.5557957280622716,-1.5624175330495822,-1.4584001544242868,0.0,0.0,48,80,0,149,145,35,35,27.06669807434082,0.05115104004639633,1,110014,0.9870178806936956
Mouse,POLYIC_20190517_mouse39__E12_P1,1,1,1,294755,437.1674227187759,132.02452206069447,177.53483401469018,20.001268850401182,-0.18684139568998148,-1.7835766750618802,-0.90846719488541,0.0,0.0,59,132,0,203,224,43,43,5.122557640075684,-0.02865387109966422,1,286565,0.9722142118030228
Mouse,POLYIC_20190517_mouse39__E12_P1,2,2,0,145,0.21505750977667049,85.07586206896552,182.13793103448276,40.39310344827586,3.1500080053303643,-2.4598548612017037,5.16066952602408,6.958903408384859,0.8893905919223567,80,178,39,92,188,42,3,6.906948089599609,1.8241079889610756,0,0,0.0
Mouse,POLYIC_20190517_mouse39__E12_P1,3,3,0,41,0.06080936483340338,93.48780487804878,177.29268292682926,38.0,2.5380737789844012,-2.0906123712694598,4.474727453472276,6.041375526320412,0.33870245455591896,90,174,38,97,181,39,1,4.096487522125244,-1.094039297699432,0,0,0.0
Mouse,POLYIC_20190517_mouse42__E4_P1,1,1,1,113071,452.28378433417606,97.22334639297432,121.91510643754809,15.276348489002485,-0.6080052346273597,-2.1660609373455717,-0.22045783765621607,0.0,0.0,46,87,0,147,157,35,35,28.91410255432129,0.05709466127125617,1,111561,0.9866455589850625
Mouse,POLYIC_20190517_mouse43__E3_P1,1,1,1,115424,461.6957110481173,95.84290095647353,116.91058185472691,15.286569517604658,-0.5913568657508979,-2.962448227465922,-0.6103755226336816,0.0,0.0,44,77,0,145,152,35,35,29.06850814819336,0.0515544255121854,1,113850,0.9863633213196562
Mouse,POLYIC_20190524_polyic___E3_P1,1,1,1,103914,415.65561598705074,90.64176145658911,105.80467501972785,15.496343129895875,0.5593045160883037,-0.34624632906386665,0.1726121431538612,0.0,0.0,41,75,0,139,140,37,37,26.963825225830078,0.07557185232767102,1,102962,0.99083857805493
Mouse,POLYIC_20190524_polyic___E3_P1,2,2,0,2138,8.551992099046466,94.22263797942001,31.18288119738073,12.55378858746492,0.2012168584692926,7.115969947330024,-1.0041753277660153,7.562917907655151,3.300000049173832,76,22,7,116,45,18,11,18.50516128540039,-1.5820973153280562,0,0,0.0
Mouse,POLYIC_20190524_polyic___E3_P1,3,3,0,168,0.671999379158001,94.63690476190476,58.50595238095238,20.363095238095237,0.15979017960351172,4.383565160847706,2.119458956409556,5.130393839603376,1.4317821276628513,89,55,19,101,62,23,4,19.131389617919922,-1.4593735133138397,0,0,0.0
Mouse,POLYIC_20190524_polyic___E3_P1_1,1,1,1,112613,450.45212082064484,89.33601804409793,116.53502703950699,14.734773072380632,-0.19032534146149693,-0.4162984693720695,-1.4598571555935784,0.0,0.0,38,82,0,141,150,35,35,24.649314880371094,0.043142403754138574,1,111345,0.9887401987337163
Mouse,POLYIC_20190524_polyic___E3_P1_10,1,1,1,109501,438.004117481831,97.60651500899534,118.840174975571,14.687253997680386,-0.8429707934957342,-1.3344976533101747,-0.134966068694939,0.0,0.0,46,85,0,147,152,35,35,22.098941802978516,0.029041910862679415,1,107299,0.9798905946064419
Mouse,POLYIC_20190524_polyic___E3_P1_12,1,1,1,114508,458.0321228537593,94.25029692248576,106.81012680336745,15.643666818038914,-0.5350542849019355,-0.17930010290451293,0.016538574079752344,0.0,0.0,45,70,0,143,145,36,36,26.21122169494629,0.023272802508630626,1,112376,0.9813812135396653
Mouse,POLYIC_20190524_polyic___E3_P1_12,2,2,0,29,0.11600003111362542,107.86206896551724,27.310344827586206,10.0,-1.8962315094882047,7.770748764143958,-2.240680221607108,8.375626371609057,4.592385194312462,105,25,10,112,30,11,1,22.928756713867188,-0.5455192501342073,1,0,0.0
Mouse,POLYIC_20190524_polyic___E3_P1_13,1,1,1,105849,423.3961135636599,84.79852431293635,110.954775198632,15.210630237413675,0.39050781679740076,-0.7567491511466198,1.2698980517283962,0.0,0.0,36,77,0,135,145,36,36,26.793846130371094,0.03580555991906536,1,104173,0.9841661234399947
Mouse,POLYIC_20190524_polyic___E3_P1_13,2,3,0,1903,7.612002041697558,92.13084603258014,34.44771413557541,4.699421965317919,-0.3427243660929893,6.894088472393134,-2.9343471422862457,8.760629168455473,3.732291586501775,76,27,1,109,50,10,9,21.726558685302734,-0.9608132852852289,1,0,0.0
Mouse,POLYIC_20190524_polyic___E3_P1_13,3,4,0,814,3.256000873327279,97.14619164619165,38.62653562653563,12.43980343980344,-0.8442589349275877,6.476109550088094,0.16179312368584053,7.4207001323826844,3.6124784274678112,87,32,11,109,50,16,5,22.891027450561523,-0.7317890728857231,1,0,0.0
Mouse,POLYIC_20190524_polyic___E3_P1_13,4,6,0,21,0.08400002253055634,92.28571428571429,44.42857142857143,9.0,-0.3582111916371762,5.895948964583594,-1.2141467132935992,7.140689796319735,3.9812059427350834,90,42,9,96,47,10,1,20.523244857788086,-1.1974774276289104,0,0,0.0
Mouse,POLYIC_20190524_polyic___E3_P1_13,5,2,0,8,0.03200000858306908,72.5,45.5,2.0,1.620360266417265,5.788893617126487,-4.014150728141338,8.501714403914356,3.9000000581145287,71,45,2,75,47,3,1,22.816360473632812,-0.7464743492053072,1,0,0.0
Mouse,POLYIC_20190524_polyic___E3_P1_13,6,5,0,4,0.01600000429153454,90.5,40.5,7.0,-0.1796397604048252,6.288831116311455,-2.0141346252791332,7.794237627160042,4.440720728406798,90,40,7,92,42,8,1,23.833261489868164,-0.5464733175934371,1,0,0.0
Mouse,POLYIC_20190524_polyic___E3_P1_3,1,1,1,106969,427.8756046973346,80.59118997092615,104.24405201506978,15.53167740186409,-0.05373554973301431,-1.0813044250666533,-2.987869337007778,0.0,0.0,31,67,0,130,142,36,36,27.939241409301758,0.030216773508225294,1,104974,0.9813497368396451
Mouse,POLYIC_20190524_polyic___E3_P1_3,2,2,0,826,3.3039969475268385,82.35956416464892,25.814769975786923,1.662227602905569,-0.23057303954781005,6.76179728207643,-8.535398838023095,9.608360913861947,4.100000061094761,71,17,0,101,45,5,5,22.922924041748047,-0.940159841256415,1,0,0.0
Mouse,POLYIC_20190524_polyic___E3_P1_3,3,3,0,524,2.0959980635642412,98.93511450381679,27.446564885496183,11.255725190839694,-1.8881280512606882,6.598497854778621,-4.698008544105434,8.078919173678509,4.166532798174545,83,20,8,111,37,14,6,25.95848846435547,-0.3529480457343427,1,0,0.0
Mouse,POLYIC_20190524_polyic___E3_P1_3,4,4,0,20,0.07999992609023822,99.3,40.5,2.6,-1.9246166437415635,5.293262534843199,-8.160336113620591,8.419602873619176,4.617358621050083,96,40,2,103,42,4,2,23.37320899963379,-0.8530549072785856,1,0,0.0
Mouse,POLYIC_20190524_polyic___E3_P1_3,5,5,0,8,0.03199997043609529,98.5,40.5,10.0,-1.8446166063702343,5.293170023076297,-5.200338938920067,6.981131798529185,3.9849712061891696,97,40,10,101,42,11,1,21.248933792114258,-1.263983250456064,0,0,0.0
Mouse,POLYIC_20190524_polyic___E3_P1_4,1,1,1,108252,433.0081161417993,97.6980748623582,117.16075453571297,15.986355910283413,-0.8999412606625103,-1.174617076038464,-1.8673312303482552,0.0,0.0,47,87,0,148,150,36,36,28.86994171142578,0.055708911665062984,1,106931,0.9877969922033774
Mouse,POLYIC_20190524_polyic___E3_P1_5,1,1,1,108179,432.71663190116357,97.01123138501927,109.51156878876677,14.55448839423548,-0.8314228512361961,-1.4009983389185336,-2.9753277538134952,0.0,0.0,48,75,0,146,145,35,35,7.491085529327393,0.011395070341803627,1,105874,0.9786927222473862
Mouse,POLYIC_20190524_polyic___E3_P1_5,2,2,0,401,1.6040023423433993,97.69576059850374,37.55112219451372,11.376558603491272,-0.8998757736046716,5.79508615348964,-4.246276582709793,7.307778646766134,3.815757396753948,84,32,10,113,42,15,5,5.950716495513916,-0.99904957668862,1,0,0.0
Mouse,POLYIC_20190524_polyic___E3_P1_6,1,1,1,114115,456.45957828937674,93.21542303816325,124.45108005082592,16.8675897121325,-0.5782658466487938,-1.5012301202792262,-3.4437882461946856,0.0,0.0,44,90,0,142,160,36,36,25.77124786376953,0.05405536717592015,1,111980,0.9812908031371862
Mouse,POLYIC_20190524_polyic___E3_P1_7,1,1,1,102349,409.3956217704896,86.20633323237159,116.01922832660797,14.925587939305709,-0.7575534269753668,-0.4381510439486114,1.3424683817013134,0.0,0.0,35,85,0,135,147,36,36,27.762887954711914,0.07309229922352524,1,100773,0.984601705927757
Mouse,POLYIC_20190524_polyic___E3_P1_9,1,1,1,106161,424.6441138983996,91.8611542845301,122.07904032554328,16.16024717174857,-1.0296366835008595,-0.6773349820259327,-0.10677197627161572,0.0,0.0,42,90,0,141,155,38,38,26.271638870239258,0.04109636027596461,1,104598,0.9852770791533614
Mouse,POLYIC_20190524_polyic___E4_P1_1,1,1,1,108531,434.1235989249822,93.24133196966766,112.47434373589113,14.406915996351273,-0.8693622940370602,-1.2851836910641392,-3.0270393655302517,0.0,0.0,43,77,0,142,150,35,35,26.262556076049805,0.048382094242830104,1,106765,0.9837281514037464
Mouse,POLYIC_20190524_polyic___E4_P1_1,2,2,0,3,0.011999988913535733,92.0,38.0,11.0,-0.7452290952205658,6.162293381727856,-4.389571701628255,7.572107907823522,4.3920382813612635,92,37,11,93,40,12,1,16.678356170654297,-1.6666129402596768,0,0,0.0
Mouse,POLYIC_20190524_polyic___E4_P1_7,1,1,1,103975,415.900111553076,89.51119980764607,123.16316422216879,15.430545804279875,0.012251162708780683,-0.9689905854079903,-1.6742778720492408,0.0,0.0,41,90,0,137,157,36,36,27.651084899902344,0.06261143221543165,1,102648,0.9872373166626593
Mouse,POLYIC_20190524_polyic___E4_P1_9,1,1,1,106644,426.5761144166024,85.50246614905667,115.34527962191966,16.09389182701324,0.4129709929762573,-0.5541413686137187,1.7748890693823238,0.0,0.0,36,80,0,133,150,38,38,24.722944259643555,0.05191356188181836,1,105608,0.9902854356550767
Mouse,POLYIC_20190524_polyic___E8_P1_1,1,1,1,109860,439.44011786699616,81.39970872018934,109.58934097942836,15.557582377571455,0.7297294385097786,-0.7322601211741677,-0.6745148621858448,0.0,0.0,31,77,0,130,142,36,36,29.181045532226562,0.04226517264129591,1,107238,0.9761332605133807
Mouse,POLYIC_20190524_polyic___E8_P1_1,2,3,0,68,0.2720000729560872,91.67647058823529,38.14705882352941,8.529411764705882,-0.297946763608385,6.4120560607915635,-3.4855604904823934,7.745924709720755,3.9102430540542925,88,35,8,96,42,10,2,20.1477108001709,-1.4053419776880407,0,0,0.0
Mouse,POLYIC_20190524_polyic___E8_P1_1,3,2,0,4,0.01600000429153454,88.5,30.5,2.0,0.019700299948453903,7.1768435822881,-6.097301917661882,9.615855771524716,4.796874061019012,88,30,2,90,32,3,1,21.543283462524414,-1.1816991010814561,0,0,0.0
Mouse,POLYIC_20190524_polyic___E8_P1_1,4,4,0,3,0.012000003218650905,113.0,88.0,10.0,-2.430299736559391,1.426743486580504,-2.8974808668067147,4.425907683547647,0.5000000074505806,113,87,10,114,90,11,1,39.948978424072266,1.767844608238617,0,0,0.0
Mouse,POLYIC_20190524_polyic___E9_P1_1,1,1,1,116991,467.96468337430576,89.15878144472651,110.03015616585891,18.34165876007556,-0.025902729539062364,-1.0641495784713513,-1.9298890317618485,0.0,0.0,38,62,0,138,147,36,36,29.69415855407715,0.047047940521876046,1,114633,0.9798446034310332
Mouse,POLYIC_20190524_polyic___E9_P1_1,2,2,0,1928,7.712011261940334,95.79253112033194,28.689834024896264,12.227178423236515,-0.6892777069846616,7.069959193763411,-4.375430442963568,8.519651675576295,3.6878180835412824,79,22,9,113,40,17,8,23.956605911254883,-0.9626355224554656,1,0,0.0
Mouse,POLYIC_20190524_polyic___E9_P1_1,3,3,0,102,0.4080005958080467,105.2843137254902,118.83333333333333,2.107843137254902,-1.638455981644345,-1.9442643589257607,-8.42345208023563,6.748428786180806,0.8000011444091797,100,115,1,111,125,4,3,17.25881004333496,-2.14130073865995,0,0,0.0
Mouse,POLYIC_20190531_polyic_m__E3_P1,1,1,1,111660,446.64011979818673,90.24946265448683,113.42862260433459,15.344832527315063,0.9889235896105664,-2.1565562450086286,-1.533415751189331,0.0,0.0,39,75,0,140,147,36,36,28.576887130737305,0.06254078919997681,1,110215,0.9870589288912771
Mouse,POLYIC_20190531_polyic_m__E3_P1_1,1,1,1,104958,419.8321126077206,90.8110291735742,122.3626498218335,15.04379847176966,0.7366112380138912,-2.112678948222136,-0.13790044546733782,0.0,0.0,41,90,0,140,155,36,36,28.217124938964844,0.06603257054146605,1,103748,0.9884715791078336
Mouse,POLYIC_20190531_polyic_m__E3_P1_10,1,1,1,107990,431.96005149364595,95.91187146958052,110.3301231595518,15.753384572645615,0.6854125941553253,-3.190098379313957,5.58850082551668,0.0,0.0,46,77,0,146,145,37,37,20.485443115234375,0.07208469625930286,1,106968,0.9905361607556256
Mouse,POLYIC_20190531_polyic_m__E3_P1_10,2,2,0,552,2.208000263214118,99.30978260869566,27.07608695652174,11.378623188405797,0.3456214751805291,5.135360052508556,3.83885631841747,8.514104298501467,4.833218463924853,90,22,8,112,35,16,8,14.547603607177734,-1.3772152723747295,0,0,0.0
Mouse,POLYIC_20190531_polyic_m__E3_P1_10,3,3,0,42,0.16800002002716113,97.71428571428571,42.285714285714285,10.357142857142858,0.5051711669990002,3.6144100678090183,3.4302166134059586,7.1408691991435935,4.029888422595153,94,40,10,101,45,12,2,15.070320129394531,-1.249631318947663,0,0,0.0
Mouse,POLYIC_20190531_polyic_m__E3_P1_11,1,1,1,108139,432.5561160205634,88.2331721210664,121.67753539426108,14.669203525092705,1.0498420649850235,-3.2386034165459474,-2.4260391215365553,0.0,0.0,38,87,0,137,155,35,35,28.147756576538086,0.08797138955764619,1,107077,0.9901793062632352
Mouse,POLYIC_20190531_polyic_m__E3_P1_11,2,2,0,30,0.12000003218650906,55.3,101.5,2.0,4.343159326165915,-1.2206914626694125,-7.493658674451325,6.371708967731806,0.5830951981733254,53,97,2,59,105,3,1,20.66082763671875,-1.2939010067077177,0,0,0.0
Mouse,POLYIC_20190531_polyic_m__E3_P1_11,3,3,0,6,0.02400000643730181,117.5,98.0,10.0,-1.876840766519308,-0.8707914704592046,-4.2936469741734715,4.202376101622078,0.22360680108197992,117,97,10,119,100,11,1,33.33811950683594,1.04596355398584,0,0,0.0
Mouse,POLYIC_20190531_polyic_m__E3_P1_12,1,1,1,106811,427.24360528122173,96.96022881538418,121.0786623100617,14.701556955744259,0.5805472941089764,-3.411288113381234,-2.0301187233503146,0.0,0.0,47,87,0,146,155,35,35,27.967559814453125,0.06157814379524775,1,105489,0.9876229976313301
Mouse,POLYIC_20190531_polyic_m__E3_P1_13,1,2,1,107293,429.1721151129039,90.88851090005872,124.11493760077545,15.616815635689187,1.3378905280793072,-4.243188904612687,-1.9672078747595299,0.0,0.0,40,95,0,140,157,37,37,25.9819393157959,0.05149639440027946,1,106060,0.9885081039769603
Mouse,POLYIC_20190531_polyic_m__E3_P1_13,2,1,0,9,0.036000009655952715,8.0,146.33333333333334,1.0,9.794059492032659,-5.7040174867313596,-7.81400496169051,10.383922662896106,4.923413879328231,7,145,1,10,150,2,1,25.39971160888672,-0.06892564588452336,1,0,0.0
Mouse,POLYIC_20190531_polyic_m__E3_P1_2,1,1,1,113617,454.4678510137749,89.1125447776301,117.04200075692899,15.894989306177772,1.6845352988117437,-2.5524681481095985,2.005779040161749,0.0,0.0,38,85,0,140,150,38,38,23.83702278137207,0.040453822643765014,1,112297,0.9883820202962584
Mouse,POLYIC_20190531_polyic_m__E3_P1_3,1,1,1,111967,447.868120127562,92.12799306938652,112.79368921199996,15.741111220270259,0.6644779300475179,-5.191254677536675,-0.2578811676644701,0.0,0.0,42,75,0,142,150,37,37,28.38296127319336,0.06221274875065671,1,111101,0.9922655782507346
Mouse,POLYIC_20190531_polyic_m__E3_P1_3,2,2,0,6351,25.404006813883967,82.68666351755628,23.825066918595496,3.978113682884585,1.6086108992992187,3.705754736372448,-4.9628032395623505,10.108632710581952,4.384062141314032,63,5,0,106,50,11,11,22.9489688873291,-1.0084295441033777,0,0,0.0
Mouse,POLYIC_20190531_polyic_m__E3_P1_3,3,3,0,41,0.16400004398822904,83.26829268292683,174.21951219512195,33.26829268292683,1.55044798189547,-11.334056182267233,6.752801105206286,9.363152203741844,5.13127706223789,81,172,33,87,177,35,2,23.565513610839844,-0.8869536918103659,1,0,0.0
Mouse,POLYIC_20190531_polyic_m__E3_P1_4,1,1,1,107271,429.08462659730367,84.97239701317224,129.67449730122775,14.845037335346925,1.695123985410321,-2.6569987581284487,-2.3078499986016423,0.0,0.0,34,92,0,133,162,36,36,27.14642906188965,0.07617740597779389,1,105550,0.9839565213338181
Mouse,POLYIC_20190531_polyic_m__E3_P1_5,1,1,1,110896,443.5841189785036,91.43845585052662,118.58487231279757,15.675669095368633,2.0104139603950806,-3.3371761100215203,2.660069794273256,0.0,0.0,40,87,0,142,152,37,37,25.0881404876709,0.04756089654702232,1,109056,0.9834078776511326
Mouse,POLYIC_20190531_polyic_m__E3_P1_5,2,2,0,21,0.08400002253055634,121.85714285714286,97.28571428571429,8.857142857142858,-1.031454785593919,-1.2071750340984195,-0.067274781553885,4.607415597333497,0.22360680108197992,120,95,8,124,100,10,2,34.93864059448242,2.079863875615714,0,0,0.0
Mouse,POLYIC_20190531_polyic_m__E3_P1_6,1,1,1,107642,430.56811548734026,97.64294606194608,120.62095650396685,16.092231656788243,0.9909952797391703,-3.6444083615994796,3.648498502003269,0.0,0.0,47,87,0,148,155,38,38,20.372840881347656,0.08286474760990642,1,106587,0.9901989929581391
Mouse,POLYIC_20190531_polyic_m__E3_P1_7,1,1,1,110697,442.78811876499975,90.03434600757022,120.07964082134114,15.623576068005457,0.7708743974216699,-1.2897532582953701,4.130047837522631,0.0,0.0,40,85,0,139,155,36,36,24.1606388092041,0.03882190330665252,1,109042,0.9850492786615717
Mouse,POLYIC_20190531_polyic_m__E3_P1_8,1,1,1,104302,417.20801865065124,89.7897739257157,116.2884796072942,15.268892255182067,0.8986822712996965,-2.2087506445729144,-0.33728373201761475,0.0,0.0,40,87,0,138,150,36,36,28.63176727294922,0.0810693653943207,1,103259,0.9900001917508773
Mouse,POLYIC_20190531_polyic_m__E3_P1_9,1,1,1,114744,458.97612310695985,91.79637279509168,121.24452694694276,16.14148887959283,1.0969624677367804,-3.204210175422146,-0.9036060302366113,0.0,0.0,42,87,0,143,155,37,37,26.238252639770508,0.029486823947944964,1,112665,0.9818814055636896
Mouse,POLYIC_20190531_polyic_m__E3_P1_9,2,2,0,12,0.04800001287460362,90.5,68.0,26.0,1.2265997491776943,2.120119348807327,3.0399657666454782,6.626993981020721,2.097617744646484,89,67,26,93,70,27,1,18.219032287597656,-1.5230584142062003,0,0,0.0
Mouse,POLYIC_20190531_polyic_m__E5_P1_11,1,2,1,117836,471.3439859528534,86.22409110967786,124.17018568179503,15.855358294578906,1.2552505582167637,-2.2602555234589836,4.911156119358984,0.0,0.0,35,85,0,137,160,37,37,26.278505325317383,0.04531283189205373,1,115508,0.9802437285719136
Mouse,POLYIC_20190531_polyic_m__E5_P1_11,2,1,0,7,0.027999999165534927,20.714285714285715,111.57142857142857,15.0,7.806231195373194,-1.000369100916327,4.569052198248016,6.679797616615739,1.529705876872229,20,110,15,22,115,16,1,24.129558563232422,-0.37620432826287625,1,0,0.0
Mouse,POLYIC_20190612_polyic___E10_P1_1,1,1,1,110814,443.25611889052715,89.3223238940928,118.99856516324652,15.639919143790495,0.320458176861516,1.1830342197314394,-1.1874736602736222,0.0,0.0,39,87,0,138,152,37,37,14.855595588684082,0.04834073332445079,1,109469,0.9878625444438428
Mouse,POLYIC_20190612_polyic___E12_P1,1,1,1,108814,435.2561167447599,88.80021872185564,121.75075817449961,15.506047016008969,0.329658631339969,0.43025483328069214,-1.0235218566094435,0.0,0.0,38,92,0,138,155,37,37,16.827945709228516,0.050393848322352,1,107439,0.9873637583399195
Mouse,POLYIC_20190612_polyic___E3_P1,1,1,1,111999,447.996654214759,85.30596701756265,112.31994928526147,15.214966205055402,0.6814800578885158,2.26752954741346,-3.91373501732044,0.0,0.0,34,75,0,135,147,36,36,15.043747901916504,0.03579975952260296,1,110386,0.9855980856971938
Mouse,POLYIC_20190612_polyic___E3_P1,2,2,0,19,0.07600011098385183,117.05263157894737,87.47368421052632,9.68421052631579,-2.559974387564015,4.664442800376971,-6.125962797786394,4.598496690967758,0.3162277707289988,116,85,9,119,90,11,2,24.603836059570312,3.505124961465561,0,0,0.0
Mouse,POLYIC_20190612_polyic___E3_P1_1,1,1,1,106661,426.6441144348414,98.09836772578544,123.90365738179841,15.530653190950769,-1.1234926964477276,-5.869121671162848,-1.013686112925801,0.0,0.0,48,92,0,148,155,37,37,17.06793975830078,0.04983647825204394,1,105265,0.9869118046896241
Mouse,POLYIC_20190612_polyic___E3_P1_2,1,1,1,108723,434.89211664712747,88.6175326287906,117.49789832878048,15.071981089557868,0.5048399282553326,1.809674874797489,-0.8183240940410919,0.0,0.0,38,82,0,138,150,36,36,14.450845718383789,0.04154457047716189,1,107429,0.9880981944942653
Mouse,POLYIC_20190612_polyic___E3_P1_3,1,1,1,107664,430.6561155109437,87.97689106850943,119.17249034031802,15.10838348937435,0.4836031612003229,1.752363862459399,-0.8554913662330295,0.0,0.0,38,85,0,138,150,36,36,12.514860153198242,0.007870218296303908,1,105759,0.9823060633080696
Mouse,POLYIC_20190612_polyic___E3_P1_4,1,1,1,108250,433.0001161396535,88.28584757505773,124.00323325635104,14.915584295612009,0.4377585208467618,0.6374998499550344,-1.4772233100779602,0.0,0.0,38,92,0,136,157,36,36,13.018804550170898,0.04991081945553228,1,106656,0.9852748267898384
Mouse,POLYIC_20190614_polyic___E3_P1,1,1,1,111509,446.0361196361813,90.29487305957366,123.57192692966487,15.972100906653274,-0.298545668046275,0.3423888698939166,-1.3812181532974854,0.0,0.0,39,90,0,140,157,37,37,14.099384307861328,0.026889649521262264,1,109865,0.9852567954156167
Mouse,POLYIC_20190614_polyic___E3_P1_1,1,1,1,113595,454.37958021103054,98.52825388441393,122.20722743078481,15.571979400501784,-0.7855380901915723,-1.8211659304970365,-4.541304763017102,0.0,0.0,49,85,0,148,157,37,37,14.3618803024292,0.046018539062192616,1,112206,0.9877723491350852
Mouse,POLYIC_20190614_polyic___E3_P1_1,2,2,0,121,0.4839995528459412,88.62809917355372,74.94214876033058,22.421487603305785,0.204477395646828,2.905256374931387,-1.8013563738192033,5.552163150243276,1.5652476075738595,81,72,21,96,80,25,4,13.07992935180664,-0.39017161186328,1,0,0.0
Mouse,POLYIC_20190614_polyic___E3_P1_1,3,3,0,22,0.08799991869926205,91.27272727272727,70.5,26.454545454545453,-0.059985418211329744,3.349420837733608,-0.18812088910733316,6.797911741681232,2.1840329283719764,89,70,26,95,72,28,2,11.804737091064453,-0.824062085131393,1,0,0.0
Mouse,POLYIC_20190614_polyic___E3_P1_3,1,1,1,117117,468.4681256529127,82.15908023600332,119.66803282187898,15.357565511411666,-0.20968575189700367,-0.34467445788706286,-0.4162581468070714,0.0,0.0,31,77,0,135,157,36,36,15.019866943359375,0.02117850161781898,1,114918,0.9812239043008274
Mouse,POLYIC_20190614_polyic___E3_P1_4,1,1,1,117040,468.1601255703007,89.45403280929597,121.66678058783322,15.866498632946001,0.18912569954303748,0.49928494634449017,-1.4234531184856962,0.0,0.0,38,82,0,140,155,37,37,13.639379501342773,0.02114813441695583,1,115183,0.9841336295283664
Mouse,POLYIC_20190614_polyic___E3_P1_5,1,1,1,106575,426.30062253178994,93.7045085620455,123.86901243255923,16.504743138634765,-0.7754254454148821,-0.3468574884327644,-3.447329549347444,0.0,0.0,44,90,0,143,157,37,37,14.464607238769531,0.021989761979952064,1,104420,0.979779498006099
Mouse,POLYIC_20190614_polyic___E3_P1_5,2,3,0,393,1.5720022956133564,98.44783715012723,89.69211195928753,36.089058524173026,-1.3430751154109615,3.056331843783367,4.386514623797675,8.559967190817735,2.6981496514929635,88,80,34,116,97,38,4,11.294347763061523,-1.0416335909956105,0,0,0.0
Mouse,POLYIC_20190614_polyic___E3_P1_5,3,5,0,33,0.13200019276142688,100.84848484848484,67.0909090909091,36.39393939393939,-1.6448822204570952,5.309034708364548,4.508537783918737,9.800045747341766,5.048765170948375,99,65,36,104,70,38,2,22.20667266845703,2.6194558856136907,0,0,0.0
Mouse,POLYIC_20190614_polyic___E3_P1_5,4,2,0,9,0.036000052571298236,84.0,78.0,35.0,0.06918022817557912,4.264645374169907,3.950927133642045,8.758625425433632,3.921736447825417,83,77,35,86,80,36,1,17.267269134521484,0.9622839762731854,1,0,0.0
Mouse,POLYIC_20190614_polyic___E3_P1_5,5,4,0,6,0.024000035047532158,94.0,90.5,32.0,-0.8962490572738631,2.987792755811288,2.7508863501551843,7.039344496007192,2.2715649675301006,93,90,32,96,92,33,1,9.100239753723145,-1.7777577270686813,0,0,0.0
Mouse,POLYIC_20190614_polyic___E3_P1_6,1,1,1,111683,446.73211982286307,89.67729197818826,130.94458422499395,15.710878110365947,0.7051165090056966,0.6877765800703539,3.646554778923644,0.0,0.0,38,97,0,140,165,37,37,14.031577110290527,0.04548428003273148,1,110078,0.9856289677032315
Mouse,POLYIC_20190614_polyic___E4_P1_5,1,1,1,112325,449.3001205116543,89.98613843756955,117.91226352103271,15.66680614288894,0.6067832465795195,-0.3304610404001771,-0.8651333748831567,0.0,0.0,40,85,0,141,152,37,37,15.938796997070312,0.02507697295519486,1,110513,0.9838682394836412
Mouse,POLYIC_20190618_mouse33__E3_P1,1,1,1,108076,432.30411595297176,88.86836115326251,115.30860690625116,15.462202524149673,-0.35630158731902384,1.2386827285117032,0.7707056527560603,0.0,0.0,39,82,0,138,147,37,37,13.469862937927246,0.02657514538259145,1,106295,0.9835208556941412
Mouse,POLYIC_20190618_mouse34__E3_P1,1,1,1,107217,428.86817893767864,93.52683809470513,125.1528302414729,15.336579087271607,-0.4107586557768652,-0.04453369730757828,1.0239983350449107,0.0,0.0,43,95,0,143,157,37,37,13.704374313354492,0.026331080134238464,1,105416,0.9832022906815151
Mouse,POLYIC_20190618_mouse35__E3_P1,1,1,1,107952,431.80808364773014,88.94440121535497,114.85337001630354,14.748638283681636,-0.2716467077066138,0.8892618465403572,-0.12247995749570162,0.0,0.0,39,82,0,139,147,36,36,14.218134880065918,0.02279252729141295,1,106088,0.9827330665480954
Mouse,POLYIC_20190618_mouse35__E3_P1,2,2,0,552,2.208000427722942,95.19202898550725,28.452898550724637,11.701086956521738,-1.0066945543559154,9.579591488734845,-0.8041194323119125,8.747957304450889,5.273518868645117,87,22,9,105,35,16,7,12.46851921081543,-0.661145458797052,1,0,0.0
Mouse,POLYIC_20190618_mouse36__E3_P1,1,1,1,111688,446.7518535432769,90.56382959673375,119.50074314160877,15.205259293746867,-0.05566911806474284,0.9077583247776406,1.1767299476062867,0.0,0.0,40,87,0,140,152,37,37,15.09485149383545,0.03414462931645662,1,110115,0.9859161234868562
Mouse,POLYIC_20190619_mouse38__E3_P1,1,1,1,109554,438.2159869401448,89.86946163535791,122.36072621720795,15.32799350092192,-0.7377151673060212,0.32703880876715274,1.048467095956207,0.0,0.0,38,92,0,140,155,36,36,13.557451248168945,0.033993852344451014,1,106966,0.9763769465286526
Mouse,POLYIC_20190619_mouse39__E3_P1,1,1,1,112314,449.2558192502204,93.32998557615257,125.47124134123973,15.76677885214666,-0.4827728331686778,0.42392418021339395,0.6094100322165295,0.0,0.0,42,92,0,144,160,38,38,12.782750129699707,0.05660851724627762,1,110460,0.9834927079438004
Mouse,POLYIC_20190619_mouse42__E3_P1,1,1,1,113327,453.30775007181586,96.17991299513797,117.15408508122513,15.59101538027125,-0.4017817262901726,1.033350530736044,-1.1732404955604938,0.0,0.0,45,85,0,146,150,37,37,13.573244094848633,0.02702725427681915,1,110845,0.9780987761080766
Mouse,POLYIC_20190619_mouse43__E3_P1,1,1,1,117001,468.00391631436065,90.0213587918052,114.55310638370612,14.365646447466261,-0.6443194169812969,1.1124007135083787,0.5744083886950158,0.0,0.0,39,72,0,141,150,36,36,13.321573257446289,0.002524771754525984,1,114411,0.9778634370646405
Mouse,POLYIC_20190628_mouse33__E3_P1,1,1,1,109459,437.8360195727947,84.78207365314867,124.73197270210764,15.176422222019204,-0.24963413964704628,-6.229397798639409,0.38897100901752246,0.0,0.0,34,95,0,134,157,37,37,13.85347843170166,0.04014025066628728,1,107662,0.983582894051654
Mouse,POLYIC_20190628_mouse34__E6_P1,1,1,1,108273,433.0922452358078,88.4520425221431,127.39994273733987,15.221929751646302,-0.24333235758226035,-7.170952798420199,0.03454956802192832,0.0,0.0,35,95,0,138,160,37,37,15.052599906921387,0.044818202377019514,1,106418,0.982867381526327
Mouse,POLYIC_20190628_mouse35__E3_P1,1,1,1,111358,445.43188716327785,91.83045672515671,122.22870382011172,14.929309075234828,-0.5376788561183599,-5.511801179696548,0.7830584850623685,0.0,0.0,42,90,0,141,155,36,36,13.282090187072754,0.030166273655037164,1,109426,0.9826505504768405
Mouse,POLYIC_20190628_mouse35__E3_P1,2,2,0,3,0.01199999696016302,42.0,168.0,0.0,4.454884706128039,-9.852237033879526,-5.355121185849511,9.024540099071169,4.004996831424775,42,167,0,43,170,1,1,17.653390884399414,1.8031488958847162,0,0,0.0
Mouse,POLYIC_20190628_mouse36__E3_P1,1,1,1,114601,458.404020492256,89.78118864582333,124.39619200530537,15.952496051517874,-0.90145049615424,-6.60827586404784,-0.915146384987322,0.0,0.0,39,92,0,140,157,38,38,13.209364891052246,0.039745132781524015,1,113041,0.9863875533372309
Mouse,POLYIC_20190629_polyic_mo__E3_P1,1,1,1,111287,445.14811939800114,93.57405626892628,122.38088006685417,15.875349322023236,-0.4458771666466941,-4.903273333630562,-0.5053135419687393,0.0,0.0,42,92,0,143,155,37,37,14.76217269897461,0.038298124913201094,1,109911,0.9876355728881181
Mouse,POLYIC_20190629_polyic_mo__E3_P1,2,2,0,14,0.05600001502037089,124.28571428571429,97.64285714285714,9.357142857142858,-3.5269074614661733,-2.4518943981272834,-3.1221201814148154,4.727545171785634,0.3162277707289988,123,95,9,127,100,11,2,27.197282791137695,4.331968232363142,0,0,0.0
Mouse,POLYIC_20190629_polyic_mo__E3_P1_1,1,1,1,119344,477.3761280422246,85.42321356750234,125.39136445904276,16.264512669258615,1.3393833212805628,-3.499842311218517,-0.29372971061184927,0.0,0.0,34,75,0,138,165,37,37,14.22962474822998,-0.006945209431636373,1,115855,0.9707651830004022
Mouse,POLYIC_20190629_polyic_mo__E3_P1_2,1,2,1,120036,480.14412878466004,81.41493385317737,132.71391915758605,16.39314039121597,2.0585179162913434,-3.939558457361846,-0.9630486330390333,0.0,0.0,28,92,0,131,170,37,37,14.785685539245605,0.04789417971540919,1,117939,0.9825302409277217
Mouse,POLYIC_20190629_polyic_mo__E3_P1_2,2,1,0,6,0.02400000643730181,23.5,108.0,13.0,7.840814652811981,-1.4547914920296972,-2.335017126348392,6.441375626977261,1.2529964272852683,23,107,13,25,110,14,1,25.350296020507812,3.753764209113185,0,0,0.0
Mouse,POLYIC_20190629_polyic_mo__E3_P1_3,1,1,1,112242,448.9680535211576,89.73227490600667,125.48926426827747,15.812138058837155,-0.060660540004469965,-2.2989591833078595,5.305732280842633,0.0,0.0,37,92,0,140,157,37,37,13.827972412109375,0.05452648331654732,1,110045,0.9804262219133658
Mouse,POLYIC_20190629_polyic_mo__E3_P1_5,1,1,1,113377,453.50812164032794,93.23795831606057,126.11355036735846,16.596046817255704,0.28006261437232816,-4.4136852030304805,-0.15310999419195603,0.0,0.0,42,92,0,143,160,37,37,15.836785316467285,0.03776245551773283,1,111543,0.9838238796228512
Mouse,POLYIC_20190629_polyic_mo__E4_P1_2,1,1,1,117208,468.8321257505451,86.3939577503242,124.42626783154734,16.320652173913043,0.12855605246821433,-5.290765551961794,-1.238834126126597,0.0,0.0,35,90,0,138,160,38,38,14.250768661499023,0.04180138583592394,1,115694,0.9870827929834141
Mouse,POLYIC_20190629_polyic_mo__E4_P1_4,1,1,1,112701,450.80358351479686,85.50164594812823,112.21478070292189,16.0933887010763,1.375024777578167,-4.121761348366263,-0.8828643430750045,0.0,0.0,36,75,0,135,147,37,37,15.589924812316895,0.04685356410586765,1,111457,0.9889619435497466
Mouse,POLYIC_20190629_polyic_mo__E4_P1_4,2,2,0,25,0.09999990761279777,79.08,59.6,27.04,2.001819237512062,1.161904772820331,3.4712164982976503,6.875174103132751,2.1377557920053936,77,57,26,81,62,29,3,13.859539985656738,-0.5222748039919974,1,0,0.0
