domain,subject,threshold,dice,precision,recall,volume_ratio
CAMRI,108,0.3,0.9584161770960481,0.9750788898778219,0.9423133803176028,0.966397068072795
CAMRI,108,0.4,0.9571318279998959,0.9772864157815301,0.9377917393358968,0.9595874087597445
CAMRI,108,0.5,0.9558973252278578,0.9792298092351578,0.9336508681210712,0.9534542957289192
CAMRI,108,0.6,0.9543463835434638,0.9811108039307911,0.9290034371270921,0.9468894169802917
CAMRI,108,0.7,0.952473914978778,0.982871175762135,0.923900442304881,0.9400015638758282
CAMRI,075,0.3,0.9763360110059596,0.9846237158431066,0.9681866589967428,0.9833062553929152
CAMRI,075,0.4,0.9757603871419193,0.9870323535025768,0.964742966861265,0.9774177750483904
CAMRI,075,0.5,0.9749472194350755,0.9891323042954797,0.9611632372260788,0.9717236339891636
CAMRI,075,0.6,0.9740150913266375,0.9908123713329903,0.9577778468761903,0.9666591522143018
CAMRI,075,0.7,0.9727185154939962,0.9924808684819363,0.9537278161705832,0.9609533507979571
CAMRI,111,0.3,0.9662928564547378,0.9775130842808157,0.9553272847850319,0.9773038337260657
CAMRI,111,0.4,0.9654232047283405,0.9796665444020352,0.9515880966827052,0.9713387704420708
CAMRI,111,0.5,0.9646101227753473,0.9816796569683777,0.9481240563841346,0.9658181766872205
CAMRI,111,0.6,0.963644379661871,0.9835795181121222,0.9445012769680123,0.9602693626448053
CAMRI,111,0.7,0.9621857765662656,0.9853509378431641,0.940084801964132,0.9540608993805647
CAMRI,051,0.3,0.975765972969051,0.9704397268561171,0.9811510078114382,1.011037554068424
CAMRI,051,0.4,0.9763182382443018,0.9732715708513926,0.979384039720803,1.006280332285945
CAMRI,051,0.5,0.9765333407887721,0.9756351578367723,0.9774331790234503,1.0018429237325401
CAMRI,051,0.6,0.976683854850591,0.9781013703682915,0.9752704420618359,0.9971056902768783
CAMRI,051,0.7,0.9766904210976273,0.9806243879635861,0.9727878918711472,0.9920086669385079
CAMRI,110,0.3,0.9723774348519024,0.9750552103715401,0.9697143268986393,0.9945224809671387
CAMRI,110,0.4,0.9719605845931996,0.9775244687095945,0.9664596791630472,0.9886808055442811
CAMRI,110,0.5,0.9714914252374439,0.979909852893506,0.9632164113146425,0.9829643088804846
CAMRI,110,0.6,0.971014214736519,0.9822367629537349,0.9600452160850912,0.9774071306373117
CAMRI,110,0.7,0.9701008056369573,0.9843687766019759,0.9562405404687755,0.9714251032724762
CAMRI,074,0.3,0.9706470219862229,0.9779038266169997,0.9634971262427461,0.9852677738013433
CAMRI,074,0.4,0.9703468563012428,0.9804988625350262,0.960402921818709,0.9795043712092024
CAMRI,074,0.5,0.969854292055788,0.9828460961205913,0.9572014728254178,0.973907793502568
CAMRI,074,0.6,0.9692465360996119,0.9848189797600062,0.954158904675466,0.9688672987476218
CAMRI,074,0.7,0.9682437886533805,0.9866576508229706,0.9505046452786572,0.963358105504824
CAMRI,015,0.3,0.9708505764950265,0.9851305989719921,0.9569786326147184,0.9714231124414865
CAMRI,015,0.4,0.9703842057729596,0.9866958948837454,0.9546030634015858,0.9674744451167085
CAMRI,015,0.5,0.969646842077949,0.9879964835513487,0.9519663726395567,0.9635321466101965
CAMRI,015,0.6,0.9688199682187899,0.9890720171981369,0.9493806324236538,0.9598700761073783
CAMRI,015,0.7,0.9678051830886831,0.99036141365933,0.9462535426551604,0.9554628538674649
CAMRI,106,0.3,0.9680336033232698,0.9657741075692915,0.9703036963655501,1.0046901120673644
CAMRI,106,0.4,0.9681352518542905,0.9690022252029432,0.9672698284935918,0.9982121850040245
CAMRI,106,0.5,0.9679246382441488,0.9716652238002761,0.9642127422450623,0.9923301962726766
CAMRI,106,0.6,0.9675217404856155,0.9741714787848356,0.9609621695251068,0.9864404680824717
CAMRI,106,0.7,0.9669515658378987,0.9768587077997212,0.9572433595443006,0.9799199739954182
CAMRI,058,0.3,0.9821365291066654,0.9848770579517601,0.9794112095864171,0.9944502226737719
CAMRI,058,0.4,0.9818534876022381,0.9870856720767229,0.9766764785016404,0.9894546199285998
CAMRI,058,0.5,0.9814892738940094,0.9889518078674543,0.9741385195507171,0.9850212232801513
CAMRI,058,0.6,0.9809210606349373,0.9906099633489629,0.9714198514972753,0.9806279842100402
CAMRI,058,0.7,0.9801521505900712,0.9920329048843187,0.9685526004039853,0.9763311233279388
CAMRI,062,0.3,0.9814596054125372,0.9797273238918944,0.983198023568105,1.0035425159547695
CAMRI,062,0.4,0.9816781470787945,0.9829316959677047,0.9804277914603081,0.9974526159674488
CAMRI,062,0.5,0.9817440463217099,0.9856851824597008,0.9778343009294301,0.9920351024140595
CAMRI,062,0.6,0.9815131056009933,0.9881348276103769,0.9749795402413676,0.9866867486081601
CAMRI,062,0.7,0.9809263353892703,0.9904431031714014,0.9715907126143537,0.9809657006074531
CAMRI,121,0.3,0.9898071302591123,0.9895909180126504,0.9900234370051308,1.0004370684740609
CAMRI,121,0.4,0.9898824589113653,0.9912846834027849,0.988484195857351,0.9971748907328815
CAMRI,121,0.5,0.9897241889732765,0.9926344562177041,0.9868309368467727,0.9941534173687211
CAMRI,121,0.6,0.9894609597429658,0.993839665143624,0.9851206689047951,0.9912269588902262
CAMRI,121,0.7,0.9889258452167042,0.994808158242209,0.9831126876543992,0.988243491480332
CAMRI,041,0.3,0.9893510267048092,0.9898995953843849,0.9888030656846896,0.9988922818992875
CAMRI,041,0.4,0.9891945903936578,0.9914585952396706,0.9869409017424107,0.9954433866235555
CAMRI,041,0.5,0.9888344889562125,0.992710200288454,0.9849889228189929,0.9922220226333752
CAMRI,041,0.6,0.9884685888695244,0.9938443100724519,0.983150709538351,0.9892401652595653
CAMRI,041,0.7,0.9878344031621507,0.994874379793882,0.9808933596790611,0.985946949284474
CAMRI,013,0.3,0.9893517041079527,0.9902011346054668,0.9885037297060114,0.9982857978645605
CAMRI,013,0.4,0.989068425730116,0.9917183290787818,0.9864326458973234,0.9946701769782068
CAMRI,013,0.5,0.9886584280422643,0.9928025297338116,0.98454877870411,0.99168641216908
CAMRI,013,0.6,0.9881782500985636,0.9939333676615943,0.9824893959338892,0.9884861781483106
CAMRI,013,0.7,0.9875774750002211,0.9950468588532944,0.9802193944712593,0.9850987275120667
CAMRI,130,0.3,0.9878112568652012,0.9860603479073347,0.9895683949255378,1.003557639271925
CAMRI,130,0.4,0.9878855992387992,0.9879264693714317,0.9878447324875896,0.9999172642029784
CAMRI,130,0.5,0.9878108576598228,0.9894439755952463,0.9861831218974076,0.9967043574186432
CAMRI,130,0.6,0.9874861649142225,0.9907759578012215,0.9842181467181467,0.9933811362382791
CAMRI,130,0.7,0.9871204482375077,0.9922191185382809,0.9820739106453392,0.9897752344180916
CAMRI,129,0.3,0.9891549468344035,0.987745195296483,0.9905687282374399,1.0028585640855578
CAMRI,129,0.4,0.9892556582775218,0.9895478013883174,0.9889636876139943,0.9994097164649312
CAMRI,129,0.5,0.9891254871602337,0.9910055657638944,0.9872525286022219,0.996212900016581
CAMRI,129,0.6,0.9889166536346122,0.9922479067345058,0.9856076935831537,0.99330790913613
CAMRI,129,0.7,0.9885693338221082,0.9934693057369637,0.9837174597910794,0.9901840490797545
CAMRI,124,0.3,0.9889678586263627,0.988505521664934,0.9894306282722513,1.0009358638743455
CAMRI,124,0.4,0.9889674922752786,0.9903011372211905,0.9876374345549738,0.9973102094240838
CAMRI,124,0.5,0.9887453844260278,0.991756378600823,0.9857526178010472,0.993946335078534
CAMRI,124,0.6,0.988362766111323,0.9929456524610955,0.9838219895287958,0.9908115183246073
CAMRI,124,0.7,0.987851264436709,0.9942261671958794,0.9815575916230367,0.9872578534031413
CAMRI,104,0.3,0.9900229775675098,0.9903420935304679,0.9897040671945089,0.9993557515729897
CAMRI,104,0.4,0.9899917351881904,0.9919185691575849,0.9880723725803052,0.9961224674112653
CAMRI,104,0.5,0.9898837339261927,0.9932410314852758,0.9865490562061595,0.9932624860764067
CAMRI,104,0.6,0.9894778241665154,0.9943814417317808,0.9846223319384653,0.9901857482614324
CAMRI,104,0.7,0.9889182153993473,0.9954610898264965,0.9824607881506457,0.9869404220730349
CAMRI,011,0.3,0.9868283355320694,0.9850032550156833,0.9886601918678903,1.0037126139772492
CAMRI,011,0.4,0.9870173072867627,0.9870495562393812,0.9869850604413556,0.9999346579940004
CAMRI,011,0.5,0.9870049504950495,0.988657968924146,0.9853574504737296,0.9966616175116576
CAMRI,011,0.6,0.9869404541932407,0.9903346391937558,0.9835694555822864,0.9931687902818617
CAMRI,011,0.7,0.9865071853194355,0.991751413786065,0.9813181264664825,0.9894799370340669
CAMRI,101,0.3,0.990183256907312,0.9902870829240296,0.9900794526594571,0.9997903332597661
CAMRI,101,0.4,0.9900096449071297,0.991739060622671,0.9882862502758772,0.9965184286029574
CAMRI,101,0.5,0.9897841977509182,0.9930191099781743,0.9865702935334363,0.9935058485985434
CAMRI,101,0.6,0.9893190292042635,0.994127970138444,0.9845563893180314,0.9903718825866255
CAMRI,101,0.7,0.9884865315190225,0.9950631779045063,0.981996248068859,0.9868682410064004
CAMRI,122,0.3,0.9890883234428267,0.9865903938698943,0.9915989340439707,1.005076615589607
CAMRI,122,0.4,0.9891716458898524,0.9884642251272329,0.9898800799467022,1.0014323784143904
CAMRI,122,0.5,0.9891854939558149,0.9902587214154566,0.9881145902731512,0.9978347768154564
CAMRI,122,0.6,0.9888903734384394,0.9916063772775991,0.9861892071952032,0.9945369753497668
CAMRI,122,0.7,0.9884680512144354,0.9930474307768857,0.9839307128580946,0.990819453697535
Mouse,POLYIC_20190524_polyic___E3_P1,0.3,0.6397011607804396,0.477631894373859,0.9682441777877463,2.0271765541475086
Mouse,POLYIC_20190524_polyic___E3_P1,0.4,0.6514963574887136,0.49123123522318335,0.9669731972636537,1.9684684684684686
Mouse,POLYIC_20190524_polyic___E3_P1,0.5,0.6623816878031901,0.5039835392551708,0.9659825800904639,1.916694703001757
Mouse,POLYIC_20190524_polyic___E3_P1,0.6,0.6725829782243247,0.516264554075141,0.964674217786251,1.8685656610967813
Mouse,POLYIC_20190524_polyic___E3_P1,0.7,0.6831586692385706,0.5292885095368687,0.963160255691376,1.8197263653695188
Mouse,POLYIC_20190517_mouse31__E3_P1,0.3,0.6655555129826175,0.5066206494264048,0.9697956601034726,1.9142442401459039
Mouse,POLYIC_20190517_mouse31__E3_P1,0.4,0.6787701661567366,0.5225654161016523,0.968176573491644,1.8527375590873563
Mouse,POLYIC_20190517_mouse31__E3_P1,0.5,0.6904315695734812,0.5369650609882158,0.9667249785982804,1.8003498715896824
Mouse,POLYIC_20190517_mouse31__E3_P1,0.6,0.7016542065559351,0.5512219493786608,0.965012841031749,1.7506792719693305
Mouse,POLYIC_20190517_mouse31__E3_P1,0.7,0.7137067313657104,0.5667666506108509,0.9635054155655637,1.700003722038188
Mouse,POLYIC_20190614_polyic___E3_P1_1,0.3,0.6320804480308863,0.4650772940476977,0.9862186110040977,2.120547753300879
Mouse,POLYIC_20190614_polyic___E3_P1_1,0.4,0.6470781031677122,0.48171739223492144,0.9853080236752706,2.0454067873778587
Mouse,POLYIC_20190614_polyic___E3_P1_1,0.5,0.6599666564914176,0.49638826583776335,0.9843449024620881,1.9830140440584176
Mouse,POLYIC_20190614_polyic___E3_P1_1,0.6,0.6728494913548294,0.5113835057555005,0.9833292473645502,1.9228802577662591
Mouse,POLYIC_20190614_polyic___E3_P1_1,0.7,0.6864202970387913,0.5275757946325266,0.9821209680243758,1.8615732147234967
Mouse,POLYIC_20190531_polyic_m__E3_P1_10,0.3,0.646564002678191,0.4854933362584325,0.967572688187714,1.9929680099103695
Mouse,POLYIC_20190531_polyic_m__E3_P1_10,0.4,0.6601236004705033,0.5013281405087582,0.9661517160970633,1.927184289149603
Mouse,POLYIC_20190531_polyic_m__E3_P1_10,0.5,0.6715954195569195,0.5150648693859291,0.9648036143700357,1.8731691321139692
Mouse,POLYIC_20190531_polyic_m__E3_P1_10,0.6,0.6828729567222305,0.5289609285106809,0.9631093784157982,1.8207571230780442
Mouse,POLYIC_20190531_polyic_m__E3_P1_10,0.7,0.6947874160852968,0.5438854999587833,0.9615791007797129,1.7679807622240036
Mouse,POLYIC_20190524_polyic___E3_P1_3,0.3,0.6475877678549462,0.48292848493743806,0.982622816186352,2.0347170374794685
Mouse,POLYIC_20190524_polyic___E3_P1_3,0.4,0.6606318355142066,0.49788374317069245,0.9814469165297894,1.9712371210989996
Mouse,POLYIC_20190524_polyic___E3_P1_3,0.5,0.6722989189915708,0.5115665208879192,0.9803083470210542,1.9162871434970883
Mouse,POLYIC_20190524_polyic___E3_P1_3,0.6,0.6833529860129381,0.5248741530978853,0.978927131551441,1.8650701806779155
Mouse,POLYIC_20190524_polyic___E3_P1_3,0.7,0.6948718628959516,0.538940329218107,0.977769896968792,1.8142451844109302
Mouse,POLYIC_20190531_polyic_m__E3_P1_9,0.3,0.6376777008829646,0.4706765529851873,0.9883577567986473,2.0998661406227983
Mouse,POLYIC_20190531_polyic_m__E3_P1_9,0.4,0.6530498139185434,0.4878396839623052,0.9874594899253205,2.024147527124137
Mouse,POLYIC_20190531_polyic_m__E3_P1_9,0.5,0.6669483959288137,0.5036859233687542,0.98680780611526,1.9591728899535015
Mouse,POLYIC_20190531_polyic_m__E3_P1_9,0.6,0.6798192880824863,0.5187570663355142,0.9859271523178808,1.9005565731999436
Mouse,POLYIC_20190531_polyic_m__E3_P1_9,0.7,0.6937195670378067,0.5354225911776253,0.984905593912921,1.8394920388896716
Mouse,POLYIC_20190531_polyic_m__E3_P1_6,0.3,0.6574824121526056,0.49582128972083445,0.9755614506868232,1.9675666836252634
Mouse,POLYIC_20190531_polyic_m__E3_P1_6,0.4,0.6727670703637036,0.5137011886176214,0.9745257649538484,1.8970673740824189
Mouse,POLYIC_20190531_polyic_m__E3_P1_6,0.5,0.6859341686568025,0.529574596395488,0.9733083799694745,1.8379060978268769
Mouse,POLYIC_20190531_polyic_m__E3_P1_6,0.6,0.6989168637391066,0.5456353658785369,0.9719638055091213,1.781343120866342
Mouse,POLYIC_20190531_polyic_m__E3_P1_6,0.7,0.7124383948995312,0.5627798674547734,0.9705283814230685,1.7245257649538484
Mouse,POLYIC_20190524_polyic___E3_P1_13,0.3,0.6430799570850052,0.4774612997393891,0.9846177219036044,2.062193778723081
Mouse,POLYIC_20190524_polyic___E3_P1_13,0.4,0.6567194452543641,0.4928644822468318,0.9837821413650347,1.9960499829085798
Mouse,POLYIC_20190524_polyic___E3_P1_13,0.5,0.6696850724740795,0.5077931122423958,0.9831174750275362,1.9360590983326371
Mouse,POLYIC_20190524_polyic___E3_P1_13,0.6,0.6825335031309179,0.5229789170332171,0.9821869421550382,1.87806221276919
Mouse,POLYIC_20190524_polyic___E3_P1_13,0.7,0.6959509533113252,0.5393016748110094,0.980857609480041,1.8187549849975313
Mouse,POLYIC_20190531_polyic_m__E3_P1_2,0.3,0.6695975284404001,0.5094246259014561,0.976686577652846,1.917234715390021
Mouse,POLYIC_20190531_polyic_m__E3_P1_2,0.4,0.6832821661262836,0.5257576761756881,0.9755797610681658,1.8555692199578355
Mouse,POLYIC_20190531_polyic_m__E3_P1_2,0.5,0.6951944707275656,0.5403099340586557,0.9745607870695713,1.803706957132818
Mouse,POLYIC_20190531_polyic_m__E3_P1_2,0.6,0.7074842960012256,0.5556413444569228,0.9735242445537596,1.7520730850316233
Mouse,POLYIC_20190531_polyic_m__E3_P1_2,0.7,0.7211465798045602,0.5730793124870573,0.9723822909346451,1.696767392832045
Mouse,POLYIC_20190510_mouse39__E4_P1,0.3,0.6988154194559888,0.5402693602693602,0.9890634355957874,1.830685780705153
Mouse,POLYIC_20190510_mouse39__E4_P1,0.4,0.7130885595024048,0.5577597773691796,0.9883237645732803,1.7719523792751224
Mouse,POLYIC_20190510_mouse39__E4_P1,0.5,0.7257374683757255,0.5736189102662452,0.9876545384100596,1.7217956394632101
Mouse,POLYIC_20190510_mouse39__E4_P1,0.6,0.73762702048123,0.5888800151320905,0.9869148673875524,1.6759184248529464
Mouse,POLYIC_20190510_mouse39__E4_P1,0.7,0.7493907827437538,0.604482125499514,0.9856820823500405,1.6306223803317952
Mouse,POLYIC_20190628_mouse32__E3_P1,0.3,0.6413659120655957,0.4748442157774437,0.9877607838883465,2.0801786166250857
Mouse,POLYIC_20190628_mouse32__E3_P1,0.4,0.6606249432832209,0.4964402942326402,0.9870737968687855,1.9883031420616841
Mouse,POLYIC_20190628_mouse32__E3_P1,0.5,0.6769079955576788,0.5152980739257342,0.9862060237914452,1.9138554434681998
Mouse,POLYIC_20190628_mouse32__E3_P1,0.6,0.6929673445257424,0.5343889406343448,0.9853744079256608,1.8439273963191958
Mouse,POLYIC_20190628_mouse32__E3_P1,0.7,0.7094618360886388,0.5545271260997068,0.9845427920598764,1.7754637162382036
Mouse,POLYIC_20190510_mouse43__E2_P1_1,0.3,0.4716489681426568,0.3099917695473251,0.9856589553019993,3.1796294357793364
Mouse,POLYIC_20190510_mouse43__E2_P1_1,0.4,0.4843913896843528,0.321172866371402,0.9849262011933424,3.066654454098189
Mouse,POLYIC_20190510_mouse43__E2_P1_1,0.5,0.49581438270384287,0.33137147791150506,0.9842457866638752,2.970218779441013
Mouse,POLYIC_20190510_mouse43__E2_P1_1,0.6,0.5070935621622715,0.3416075112932985,0.9835653721344081,2.879226421019575
Mouse,POLYIC_20190510_mouse43__E2_P1_1,0.7,0.5198089700996678,0.35336131290698986,0.9827017690777766,2.781011200669947
Mouse,POLYIC_20190629_polyic_mo__E3_P1_5,0.3,0.6210302209196229,0.4527036287559357,0.9886263600831016,2.1838268953132154
Mouse,POLYIC_20190629_polyic_mo__E3_P1_5,0.4,0.6405036270967815,0.4738664482184932,0.9879045036797071,2.084774111764499
Mouse,POLYIC_20190629_polyic_mo__E3_P1_5,0.5,0.6591754576709471,0.4947290418765493,0.9873763160674671,1.9957921053558223
Mouse,POLYIC_20190629_polyic_mo__E3_P1_5,0.6,0.677923649343578,0.516415956936917,0.9864255783654354,1.9101376809042572
Mouse,POLYIC_20190629_polyic_mo__E3_P1_5,0.7,0.6972208557248628,0.5393820273434112,0.9856509032008169,1.8273706820662698
Mouse,POLYIC_20190628_mouse33__E3_P1,0.3,0.6235457384063837,0.45654530059271803,0.9831874544128374,2.1535375638220278
Mouse,POLYIC_20190628_mouse33__E3_P1,0.4,0.6422015067709327,0.4770223843592831,0.9823668854850474,2.0593727206418673
Mouse,POLYIC_20190628_mouse33__E3_P1,0.5,0.660322952710496,0.49756832723103667,0.9813092633114515,1.9722100656455142
Mouse,POLYIC_20190628_mouse33__E3_P1,0.6,0.6787610228441936,0.5190623763045347,0.9803975200583516,1.8887855579868709
Mouse,POLYIC_20190628_mouse33__E3_P1,0.7,0.698016938246248,0.5423126256148183,0.9791393143690736,1.8054886943836617
Mouse,POLYIC_20190517_mouse37__E3_P1,0.3,0.5916582025490645,0.42165317559153176,0.9913625882955751,2.351132745306152
Mouse,POLYIC_20190517_mouse37__E3_P1,0.4,0.6059517615267125,0.43639748249268684,0.9909782966731325,2.2708157962156426
Mouse,POLYIC_20190517_mouse37__E3_P1,0.5,0.6191129714769322,0.4502536804458122,0.9906306042528273,2.2001610364894044
Mouse,POLYIC_20190517_mouse37__E3_P1,0.6,0.6327649920478997,0.4649418274931688,0.9901731142261099,2.129670973172785
Mouse,POLYIC_20190517_mouse37__E3_P1,0.7,0.6472872623699281,0.4808887466325251,0.9897705230025985,2.0582110309995243
Mouse,POLYIC_20190619_mouse43__E3_P1,0.3,0.7059529764882442,0.5490196078431373,0.9885121882880359,1.8005043429532082
Mouse,POLYIC_20190619_mouse43__E3_P1,0.4,0.7243956947262966,0.5719385064698008,0.9876716166993555,1.7268842813112917
Mouse,POLYIC_20190619_mouse43__E3_P1,0.5,0.7426068052307389,0.5952202426840988,0.9870061641916503,1.6582200896609696
Mouse,POLYIC_20190619_mouse43__E3_P1,0.6,0.7609030479896238,0.6193801689248636,0.9862531521434575,1.5923227794900532
Mouse,POLYIC_20190619_mouse43__E3_P1,0.7,0.7797622346616416,0.645082530949106,0.9855176520033623,1.52773886242645
Mouse,POLYIC_20190517_mouse39__E12_P1,0.3,0.5883128830955785,0.4178205663095416,0.9938582529725681,2.378672408950473
Mouse,POLYIC_20190517_mouse39__E12_P1,0.4,0.6005241440207394,0.4303527388369678,0.99329650781762,2.308098492650501
Mouse,POLYIC_20190517_mouse39__E12_P1,0.5,0.611483992988283,0.4417883835059449,0.9928471116936617,2.2473363917236213
Mouse,POLYIC_20190517_mouse39__E12_P1,0.6,0.6224900305982816,0.45347663135556965,0.9923415410542084,2.1882969759385826
Mouse,POLYIC_20190517_mouse39__E12_P1,0.7,0.6347884437947108,0.4667359758944855,0.9919483194457448,2.125287894391911
Mouse,POLYIC_20190612_polyic___E10_P1_1,0.3,0.6424796880270314,0.4771850250081309,0.9829790316155435,2.059953645022272
Mouse,POLYIC_20190612_polyic___E10_P1_1,0.4,0.6607336476493305,0.4978428492748302,0.9820555535436207,1.9726215912794698
Mouse,POLYIC_20190612_polyic___E10_P1_1,0.5,0.6786644624787096,0.5187135062697426,0.9812407199507478,1.8916814543874263
Mouse,POLYIC_20190612_polyic___E10_P1_1,0.6,0.6972735880045601,0.541111433227035,0.9801361677470757,1.811338862130156
Mouse,POLYIC_20190612_polyic___E10_P1_1,0.7,0.71573415928735,0.5640124332443258,0.9791221526092783,1.7359939159091733
Mouse,POLYIC_20190524_polyic___E3_P1_10,0.3,0.5848256750589698,0.4158710050750307,0.9849977774485109,2.368517558156764
Mouse,POLYIC_20190524_polyic___E3_P1_10,0.4,0.6039020453628402,0.4356178310526618,0.9840531930656393,2.258982812268484
Mouse,POLYIC_20190524_polyic___E3_P1_10,0.5,0.6222078949682033,0.4551332070003344,0.9830900874203585,2.160005185953475
Mouse,POLYIC_20190524_polyic___E3_P1_10,0.6,0.6397003383860013,0.47432353861979515,0.9821269817750777,2.0705845310416358
Mouse,POLYIC_20190524_polyic___E3_P1_10,0.7,0.6595965949073065,0.49685245471005995,0.9808860571936583,1.9741998814639206
Mouse,POLYIC_20190517_mouse40__E3_P1,0.3,0.651855370183459,0.4854186930763109,0.9919768702565956,2.0435489700036142
Mouse,POLYIC_20190517_mouse40__E3_P1,0.4,0.6681687807908022,0.5038990383290624,0.9913444163353813,1.9673473075533068
Mouse,POLYIC_20190517_mouse40__E3_P1,0.5,0.6830043169769948,0.521166661913318,0.9906216118539934,1.9007770148174918
Mouse,POLYIC_20190517_mouse40__E3_P1,0.6,0.6976418457777325,0.5385719341013644,0.990061438380918,1.8383086375135527
Mouse,POLYIC_20190517_mouse40__E3_P1,0.7,0.7141012261935821,0.5587160645029597,0.9892121431152873,1.7705095771593784
