condition,domain,subject,boundary_band_probability_std,boundary_band_intermediate_0.1_0.9_percent,boundary_band_gradient_mean_per_native_pixel,probability_isocontour_points,probability_isocontour_subvoxel_coordinate_percent,probability_isocontour_mean_fractional_offset
corrected_baseline,CAMRI,064,0.4412779211997986,18.531728700603356,0.2050527036190033,21214,49.938719713396814,0.1484709987830226
true_level0,CAMRI,064,0.43556830286979675,20.75019046538393,0.20142988860607147,20782,49.94225772302954,0.1459624183919693
corrected_baseline,CAMRI,007,0.3865818381309509,7.768506104015242,0.1297284960746765,6470,49.837712519319936,0.15434266942962946
true_level0,CAMRI,007,0.3863633871078491,8.40884123566375,0.12770912051200867,6545,49.87012987012987,0.15489092986402334
corrected_baseline,CAMRI,043,0.38082531094551086,8.59075885198073,0.13038091361522675,6242,49.983979493752,0.1565896888233693
true_level0,CAMRI,043,0.3775949776172638,9.672439577403637,0.1284339278936386,6383,49.96866677111076,0.15425110696172759
corrected_baseline,CAMRI,078,0.4372166693210602,19.379838431147913,0.20482680201530457,20379,49.95583689091712,0.1471044753063261
true_level0,CAMRI,078,0.43290674686431885,20.756326654728518,0.2030530720949173,20049,49.955109980547654,0.1459326203161311
corrected_baseline,CAMRI,009,0.38562658429145813,7.8758903871919195,0.1312909722328186,6144,49.951171875,0.15605314179802607
true_level0,CAMRI,009,0.384561151266098,8.598689171161764,0.12781035900115967,6284,49.92043284532145,0.1575823562750245
corrected_baseline,CAMRI,099,0.3801337480545044,7.762451665031454,0.1271606683731079,6695,49.932785660941,0.15478426505740536
true_level0,CAMRI,099,0.38002142310142517,8.662903305908255,0.1254410743713379,6770,49.87444608567208,0.15510800326475613
corrected_baseline,Mouse,POLYIC_20190510_mouse34__E2_P1,0.4267088770866394,24.643684425671072,0.19661402702331543,8804,49.88641526578827,0.1477357043191942
true_level0,Mouse,POLYIC_20190510_mouse34__E2_P1,0.44635453820228577,17.64004277371062,0.20611128211021423,8827,49.954684490766965,0.1586115684793812
corrected_baseline,Mouse,POLYIC_20190510_mouse35__E3_P1,0.429523766040802,24.070518887056213,0.19498133659362793,8817,49.96030395826245,0.14714416868116403
true_level0,Mouse,POLYIC_20190510_mouse35__E3_P1,0.44878312945365906,17.07544966129409,0.20502415299415588,8850,49.994350282485875,0.16058854946586879
corrected_baseline,Mouse,POLYIC_20190510_mouse37__E2_P1,0.4272752106189728,22.43521706489943,0.1979377269744873,9444,49.94176196526895,0.15039758180551666
true_level0,Mouse,POLYIC_20190510_mouse37__E2_P1,0.44062453508377075,17.325410951732803,0.20663660764694214,9463,49.98414879002431,0.15947334681917424
corrected_baseline,Mouse,POLYIC_20190510_mouse38__E2_P1,0.42908623814582825,23.156292286874155,0.19881415367126465,9068,49.98345831495368,0.1485724941291051
true_level0,Mouse,POLYIC_20190510_mouse38__E2_P1,0.4442673921585083,18.02749222104061,0.20788319408893585,9167,49.901821751936296,0.1579991382232676
corrected_baseline,Mouse,POLYIC_20190510_mouse39__E4_P1,0.42597469687461853,24.46975952110641,0.19647811353206635,9265,49.95682676740421,0.147041700791168
true_level0,Mouse,POLYIC_20190510_mouse39__E4_P1,0.43961456418037415,18.737587540503814,0.2044934332370758,9328,49.994639794168094,0.15562696495647554
corrected_baseline,Mouse,POLYIC_20190510_mouse42__E2_P1,0.430646151304245,23.20284147942244,0.19805678725242615,9199,49.923904772257856,0.14656499075037063
true_level0,Mouse,POLYIC_20190510_mouse42__E2_P1,0.4446219503879547,17.482199469882023,0.20542024075984955,9179,49.89650288702473,0.159429164624715
corrected_baseline,Mouse,POLYIC_20190510_mouse43__E2_P1_1,0.4114990830421448,20.193597388536062,0.15166912972927094,6269,49.928218216621474,0.14166569749728383
true_level0,Mouse,POLYIC_20190510_mouse43__E2_P1_1,0.43107983469963074,15.809996455157746,0.16345946490764618,6765,49.99260901699926,0.15363206567629814
corrected_baseline,Mouse,POLYIC_20190510_mouse43__E9_P1,0.4177848696708679,26.99615595826469,0.19132374227046967,9804,49.93370053039576,0.14110613956203316
true_level0,Mouse,POLYIC_20190510_mouse43__E9_P1,0.4362303912639618,21.43919875167834,0.19485272467136383,10082,49.950406665344175,0.15093192880880063
corrected_baseline,Mouse,POLYIC_20190517_mouse33__E2_P1,0.42836326360702515,24.389387225764615,0.1969037801027298,8975,49.938718662952645,0.14552971879548063
true_level0,Mouse,POLYIC_20190517_mouse33__E2_P1,0.44212234020233154,18.167484470783325,0.20668622851371765,9085,49.950467804072645,0.1588119803364366
corrected_baseline,Mouse,POLYIC_20190517_mouse35__E2_P1,0.4293731153011322,23.2842110773741,0.20222410559654236,8998,49.90553456323627,0.14615628689546323
true_level0,Mouse,POLYIC_20190517_mouse35__E2_P1,0.4456866979598999,17.371775336875437,0.21025559306144714,8967,49.97769599643136,0.15778098729069054
corrected_baseline,Mouse,POLYIC_20190517_mouse36__E2_P1,0.429720401763916,23.532158887476324,0.19640733301639557,9118,49.95064707172626,0.14655252752938724
true_level0,Mouse,POLYIC_20190517_mouse36__E2_P1,0.44382333755493164,18.07573669357485,0.20460887253284454,9188,49.92381367000435,0.15603555776000466
corrected_baseline,Mouse,POLYIC_20190517_mouse37__E3_P1,0.41515281796455383,24.320165687674052,0.17833691835403442,17139,49.935818892584166,0.15029045792269158
true_level0,Mouse,POLYIC_20190517_mouse37__E3_P1,0.4347875714302063,18.529678882252817,0.18857000768184662,17687,49.96607677955561,0.16144596838983735
corrected_baseline,Mouse,POLYIC_20190517_mouse38__E3_P1,0.4306255877017975,22.026670904347593,0.1977957934141159,9165,49.97272231314784,0.15098813633435434
true_level0,Mouse,POLYIC_20190517_mouse38__E3_P1,0.4457313120365143,16.25550836739313,0.20535244047641754,9246,49.924291585550506,0.16177281097829957
corrected_baseline,Mouse,POLYIC_20190517_mouse39__E12_P1,0.4097888171672821,25.852400179452665,0.1792719066143036,16897,49.931940581168256,0.14833067904188205
true_level0,Mouse,POLYIC_20190517_mouse39__E12_P1,0.4297226071357727,19.247021445591738,0.18767186999320984,17384,49.91083755177174,0.15868818985696406
corrected_baseline,Mouse,POLYIC_20190517_mouse42__E4_P1,0.43227413296699524,22.123033636014835,0.1966933310031891,9243,49.94049551011576,0.14722371396073403
true_level0,Mouse,POLYIC_20190517_mouse42__E4_P1,0.4449949860572815,17.02493662372601,0.20549100637435913,9380,49.89339019189765,0.15960469647513673
corrected_baseline,Mouse,POLYIC_20190517_mouse43__E3_P1,0.4279380142688751,23.452603233878243,0.19856244325637817,9287,49.94616130074297,0.14687735973965663
true_level0,Mouse,POLYIC_20190517_mouse43__E3_P1,0.4405914843082428,18.497636905373472,0.20699842274188995,9381,49.99467007781686,0.15751025292787127
corrected_baseline,Mouse,POLYIC_20190524_polyic___E3_P1,0.43912360072135925,21.554328008925413,0.19732271134853363,10050,49.930348258706466,0.1494309671983069
true_level0,Mouse,POLYIC_20190524_polyic___E3_P1,0.44875025749206543,16.573296618331277,0.20552919805049896,9845,49.94921279837481,0.1609702729540931
corrected_baseline,Mouse,POLYIC_20190524_polyic___E3_P1_1,0.43611443042755127,19.55433149724587,0.19829806685447693,9277,49.92993424598469,0.15445509509024835
true_level0,Mouse,POLYIC_20190524_polyic___E3_P1_1,0.44630011916160583,15.875187808542607,0.20384058356285095,9335,49.98928762720943,0.1642252751118332
corrected_baseline,Mouse,POLYIC_20190524_polyic___E3_P1_10,0.4354044795036316,19.660887032827613,0.19633667171001434,9051,50.0,0.15194243661841345
true_level0,Mouse,POLYIC_20190524_polyic___E3_P1_10,0.4468497037887573,15.723998653651968,0.2033187747001648,9168,49.94546247818499,0.1639680096742058
corrected_baseline,Mouse,POLYIC_20190524_polyic___E3_P1_12,0.4336415231227875,21.303961056611236,0.1937560737133026,9432,49.920483460559794,0.14995332677881937
true_level0,Mouse,POLYIC_20190524_polyic___E3_P1_12,0.44323962926864624,17.306640550475052,0.20006823539733887,9481,49.920894420419785,0.15824994813544285
corrected_baseline,Mouse,POLYIC_20190524_polyic___E3_P1_13,0.4331873059272766,21.700815459466867,0.1982537806034088,10241,49.995117664290596,0.14835259579006213
true_level0,Mouse,POLYIC_20190524_polyic___E3_P1_13,0.4414863884449005,17.56794270327291,0.20493677258491516,9114,49.917709019091504,0.1589015933552734
corrected_baseline,Mouse,POLYIC_20190524_polyic___E3_P1_3,0.43416139483451843,22.39901125349639,0.19388632476329803,9947,49.96481351161154,0.14535075517679658
true_level0,Mouse,POLYIC_20190524_polyic___E3_P1_3,0.44248056411743164,17.763716941419478,0.20046764612197876,9141,49.91795208401707,0.15564660599774766
corrected_baseline,Mouse,POLYIC_20190524_polyic___E3_P1_4,0.44107577204704285,19.25993530809186,0.19887731969356537,9160,49.950873362445414,0.15459683036695007
true_level0,Mouse,POLYIC_20190524_polyic___E3_P1_4,0.4485905170440674,15.710635058721184,0.20625653862953186,9170,49.87459105779716,0.1657984922634154
corrected_baseline,Mouse,POLYIC_20190524_polyic___E3_P1_5,0.43510356545448303,18.99842099531743,0.1957159787416458,9212,49.95657837603126,0.15207028645921655
true_level0,Mouse,POLYIC_20190524_polyic___E3_P1_5,0.44380179047584534,15.871483728626586,0.2016042172908783,9000,49.96111111111111,0.1627220305545789
corrected_baseline,Mouse,POLYIC_20190524_polyic___E3_P1_6,0.4373705983161926,19.756557913793767,0.18996508419513702,9429,49.962880475129914,0.15153196921407766
true_level0,Mouse,POLYIC_20190524_polyic___E3_P1_6,0.44981375336647034,15.62923574184131,0.1959846466779709,9414,49.893775228383255,0.16117301829995265
corrected_baseline,Mouse,POLYIC_20190524_polyic___E3_P1_7,0.43639105558395386,20.228302836998488,0.19786959886550903,8884,49.909950472760016,0.1547995775516553
true_level0,Mouse,POLYIC_20190524_polyic___E3_P1_7,0.4461528956890106,16.041470045498727,0.20508383214473724,9023,49.97229302892608,0.1652640337072793
corrected_baseline,Mouse,POLYIC_20190524_polyic___E3_P1_9,0.43989723920822144,19.610879224451327,0.19656868278980255,9254,49.92976010373892,0.15460082041735418
true_level0,Mouse,POLYIC_20190524_polyic___E3_P1_9,0.44804927706718445,16.412281298931173,0.2048470377922058,9322,49.99463634413216,0.1641053087748256
corrected_baseline,Mouse,POLYIC_20190524_polyic___E4_P1_1,0.4388393461704254,19.054077413006766,0.1950468271970749,8919,49.96636394214598,0.15271638159016038
true_level0,Mouse,POLYIC_20190524_polyic___E4_P1_1,0.4474141299724579,16.16251844032103,0.19858726859092712,8972,49.97213553276861,0.15986723914182585
corrected_baseline,Mouse,POLYIC_20190524_polyic___E4_P1_7,0.4349853992462158,21.38070345448838,0.19796620309352875,9019,49.9223860738441,0.14852279290285708
true_level0,Mouse,POLYIC_20190524_polyic___E4_P1_7,0.4441966116428375,17.02317913179551,0.20670780539512634,9096,49.91754617414248,0.1584957732067518
corrected_baseline,Mouse,POLYIC_20190524_polyic___E4_P1_9,0.43266114592552185,24.20435095378662,0.19034525752067566,9349,49.94651834420794,0.14501034115063197
true_level0,Mouse,POLYIC_20190524_polyic___E4_P1_9,0.44720521569252014,18.780509679816525,0.19889189302921295,9409,49.904346901902436,0.15400832033246079
corrected_baseline,Mouse,POLYIC_20190524_polyic___E8_P1_1,0.4386644959449768,18.674206474744278,0.1983502209186554,9365,49.8611852642819,0.15581319620601694
true_level0,Mouse,POLYIC_20190524_polyic___E8_P1_1,0.44638779759407043,15.270365589108186,0.2051687240600586,9367,49.95195900501761,0.16598951952380608
corrected_baseline,Mouse,POLYIC_20190524_polyic___E9_P1_1,0.4375385344028473,20.161163664479965,0.18741284310817719,10169,49.98033238273184,0.15017232312192919
true_level0,Mouse,POLYIC_20190524_polyic___E9_P1_1,0.44334232807159424,18.17124634345178,0.18982087075710297,9704,49.93301731244848,0.15762231251208306
corrected_baseline,Mouse,POLYIC_20190531_polyic_m__E3_P1,0.44005781412124634,19.86000076502314,0.20132680237293243,9310,49.90332975295381,0.14848636710175314
true_level0,Mouse,POLYIC_20190531_polyic_m__E3_P1,0.4466001093387604,17.10662258497779,0.2066982388496399,9360,49.957264957264954,0.15583517705738484
corrected_baseline,Mouse,POLYIC_20190531_polyic_m__E3_P1_1,0.4386049211025238,21.41376618482328,0.19670982658863068,9016,49.90572315882875,0.15188967517751326
true_level0,Mouse,POLYIC_20190531_polyic_m__E3_P1_1,0.4455502927303314,18.285745099625224,0.20592714846134186,9078,49.93941396783433,0.15745639605496256
corrected_baseline,Mouse,POLYIC_20190531_polyic_m__E3_P1_10,0.4431721270084381,19.39720669652885,0.20097953081130981,9636,49.896222498962224,0.1494708744763301
true_level0,Mouse,POLYIC_20190531_polyic_m__E3_P1_10,0.4512689709663391,15.953204637283122,0.20517820119857788,9303,49.97312694829625,0.1610256388110999
corrected_baseline,Mouse,POLYIC_20190531_polyic_m__E3_P1_11,0.4400407671928406,20.16746315943611,0.19628660380840302,9106,49.98352734460795,0.15191059940479232
true_level0,Mouse,POLYIC_20190531_polyic_m__E3_P1_11,0.4479353129863739,16.98391420911528,0.2033318132162094,9135,49.961685823754785,0.16176097390569508
corrected_baseline,Mouse,POLYIC_20190531_polyic_m__E3_P1_12,0.43969401717185974,21.154751320537628,0.1998940408229828,8884,49.988743809095006,0.1509495240407348
true_level0,Mouse,POLYIC_20190531_polyic_m__E3_P1_12,0.44609037041664124,17.625080580442305,0.2067941278219223,9086,49.94497028395333,0.15622091289940956
corrected_baseline,Mouse,POLYIC_20190531_polyic_m__E3_P1_13,0.4389318525791168,20.897413432896172,0.19963017106056213,9150,49.94535519125683,0.15193850047539226
true_level0,Mouse,POLYIC_20190531_polyic_m__E3_P1_13,0.4472198784351349,17.24581376145547,0.2067805528640747,9307,49.91941549371441,0.16006311609560336
corrected_baseline,Mouse,POLYIC_20190531_polyic_m__E3_P1_2,0.440868616104126,19.210580751926358,0.2010619342327118,9469,49.97887844545358,0.15491156146439686
true_level0,Mouse,POLYIC_20190531_polyic_m__E3_P1_2,0.4472460448741913,16.143206281524623,0.20791752636432648,9608,49.97398001665279,0.16295720674483277
corrected_baseline,Mouse,POLYIC_20190531_polyic_m__E3_P1_3,0.44408777356147766,19.341025482816068,0.193757563829422,10920,49.96336996336996,0.1490392980266119
true_level0,Mouse,POLYIC_20190531_polyic_m__E3_P1_3,0.45321276783943176,15.411022568131964,0.19641104340553284,9829,49.93895615016787,0.15900931469022908
corrected_baseline,Mouse,POLYIC_20190531_polyic_m__E3_P1_4,0.43716907501220703,21.053462636683026,0.19845759868621826,9068,49.96140273489193,0.15189910921467592
true_level0,Mouse,POLYIC_20190531_polyic_m__E3_P1_4,0.44567376375198364,17.35425652967795,0.20340058207511902,9119,49.90678802500274,0.16199427447940323
corrected_baseline,Mouse,POLYIC_20190531_polyic_m__E3_P1_5,0.43791937828063965,20.248954029261192,0.19901028275489807,9373,49.96265870052278,0.15365674829222495
true_level0,Mouse,POLYIC_20190531_polyic_m__E3_P1_5,0.44614675641059875,16.827188033066527,0.20587337017059326,9480,49.994725738396625,0.16151390495359244
corrected_baseline,Mouse,POLYIC_20190531_polyic_m__E3_P1_6,0.4432259798049927,19.6403658347543,0.197688490152359,9254,49.93516317268208,0.1523991524960431
true_level0,Mouse,POLYIC_20190531_polyic_m__E3_P1_6,0.45060837268829346,15.996766749670806,0.20451289415359497,9285,49.95153473344104,0.16098009675157915
corrected_baseline,Mouse,POLYIC_20190531_polyic_m__E3_P1_7,0.4415102005004883,19.353884157167485,0.19912680983543396,9150,49.86338797814208,0.1532694399274385
true_level0,Mouse,POLYIC_20190531_polyic_m__E3_P1_7,0.45103806257247925,15.903091147899136,0.2052539885044098,9249,49.962158071142824,0.16263797494174959
corrected_baseline,Mouse,POLYIC_20190531_polyic_m__E3_P1_8,0.4438862204551697,20.2220994326222,0.19916591048240662,8960,49.93303571428571,0.15283904319214411
true_level0,Mouse,POLYIC_20190531_polyic_m__E3_P1_8,0.45088985562324524,16.79801081551129,0.2055344432592392,9090,49.95049504950495,0.1611859726222083
corrected_baseline,Mouse,POLYIC_20190531_polyic_m__E3_P1_9,0.43703779578208923,19.598879409143002,0.19848109781742096,9556,49.952909167015484,0.15128929061344273
true_level0,Mouse,POLYIC_20190531_polyic_m__E3_P1_9,0.4453723728656769,16.486632808270386,0.20467115938663483,9572,49.932093606351856,0.15934902660809852
corrected_baseline,Mouse,POLYIC_20190531_polyic_m__E5_P1_11,0.4374113976955414,20.23457894672337,0.19846384227275848,9599,49.989582248150846,0.1499964109669173
true_level0,Mouse,POLYIC_20190531_polyic_m__E5_P1_11,0.44604724645614624,16.948624287833645,0.20508573949337006,9599,49.953120116678825,0.15771878693778021
corrected_baseline,Mouse,POLYIC_20190612_polyic___E10_P1_1,0.44077038764953613,18.93231323368958,0.2049473077058792,9263,49.93522616862787,0.15438797020923264
true_level0,Mouse,POLYIC_20190612_polyic___E10_P1_1,0.4504270851612091,15.627037022255925,0.21042834222316742,9391,49.968054520285385,0.1617619716285145
corrected_baseline,Mouse,POLYIC_20190612_polyic___E12_P1,0.4373040199279785,20.506655800054332,0.20065149664878845,9277,49.97305163307104,0.15345501636974168
true_level0,Mouse,POLYIC_20190612_polyic___E12_P1,0.44588032364845276,16.481878956074752,0.2083301544189453,9468,49.93662864385298,0.16376501578616465
corrected_baseline,Mouse,POLYIC_20190612_polyic___E3_P1,0.4400424659252167,19.405328805423277,0.20388248562812805,9286,49.9461555029076,0.15239979944410936
true_level0,Mouse,POLYIC_20190612_polyic___E3_P1,0.4485466182231903,16.236492264635,0.2096835821866989,9351,49.914447652657465,0.16141887057460633
corrected_baseline,Mouse,POLYIC_20190612_polyic___E3_P1_1,0.43558403849601746,21.278653246346412,0.20074869692325592,9309,49.951659684176605,0.150711008016579
true_level0,Mouse,POLYIC_20190612_polyic___E3_P1_1,0.4422299265861511,17.687961159722413,0.2080201804637909,9477,49.989448137596284,0.16112468482522493
corrected_baseline,Mouse,POLYIC_20190612_polyic___E3_P1_2,0.44128158688545227,19.550011197028176,0.20349238812923431,9106,49.98352734460795,0.15499579811318534
true_level0,Mouse,POLYIC_20190612_polyic___E3_P1_2,0.4493395686149597,16.0648763626695,0.20934394001960754,9222,49.91867273910215,0.16159493912699743
corrected_baseline,Mouse,POLYIC_20190612_polyic___E3_P1_3,0.4366089701652527,20.573480487933672,0.19936557114124298,9109,49.97804369305083,0.15162262094919124
true_level0,Mouse,POLYIC_20190612_polyic___E3_P1_3,0.44604089856147766,17.402458578300376,0.20847366750240326,9229,49.967493769639184,0.16051177785573736
corrected_baseline,Mouse,POLYIC_20190612_polyic___E3_P1_4,0.43746283650398254,20.096539533618873,0.19981300830841064,9088,49.95598591549296,0.151690417403131
true_level0,Mouse,POLYIC_20190612_polyic___E3_P1_4,0.4461711645126343,16.856756234293446,0.2065003216266632,9195,49.96193583469277,0.16164788052890935
corrected_baseline,Mouse,POLYIC_20190614_polyic___E3_P1,0.44112253189086914,19.23520812495191,0.2038620263338089,9316,49.930227565478745,0.1534494937574206
true_level0,Mouse,POLYIC_20190614_polyic___E3_P1,0.4501437842845917,15.462994210949871,0.21165357530117035,9521,49.926478311101775,0.1656532581566846
corrected_baseline,Mouse,POLYIC_20190614_polyic___E3_P1_1,0.4408123195171356,18.888150782176023,0.20127929747104645,9784,49.88757154538021,0.15173829487615628
true_level0,Mouse,POLYIC_20190614_polyic___E3_P1_1,0.44825631380081177,15.908494674432028,0.20701934397220612,9487,49.91040371034047,0.1611910702284508
corrected_baseline,Mouse,POLYIC_20190614_polyic___E3_P1_3,0.440297931432724,19.422701173537273,0.20137706398963928,9525,49.94750656167979,0.15094399484338936
true_level0,Mouse,POLYIC_20190614_polyic___E3_P1_3,0.44760748744010925,16.59155885060813,0.2071339190006256,9622,49.94803575140303,0.15857775101692903
corrected_baseline,Mouse,POLYIC_20190614_polyic___E3_P1_4,0.43989598751068115,18.980926363153145,0.20268189907073975,9535,49.895123230204504,0.15389292919604355
true_level0,Mouse,POLYIC_20190614_polyic___E3_P1_4,0.44949597120285034,15.591411382686838,0.2081451714038849,9559,49.92677058269693,0.16226468451367534
corrected_baseline,Mouse,POLYIC_20190614_polyic___E3_P1_5,0.4422052204608917,19.061385004036772,0.19976279139518738,9497,49.95788143624302,0.1517909241352267
true_level0,Mouse,POLYIC_20190614_polyic___E3_P1_5,0.45167163014411926,15.481680165955366,0.20685599744319916,9750,49.93846153846154,0.16364611570463222
corrected_baseline,Mouse,POLYIC_20190614_polyic___E3_P1_6,0.4429640471935272,18.78506356477431,0.20562785863876343,9429,49.957577685862766,0.15533720959874167
true_level0,Mouse,POLYIC_20190614_polyic___E3_P1_6,0.4510287642478943,15.117909827550385,0.2133094072341919,9576,49.932121971595656,0.16635535527301087
corrected_baseline,Mouse,POLYIC_20190614_polyic___E4_P1_5,0.43954068422317505,18.97866150629245,0.20025154948234558,9328,49.95711835334477,0.15462889690307471
true_level0,Mouse,POLYIC_20190614_polyic___E4_P1_5,0.4484187662601471,15.634307704472969,0.20496848225593567,9373,49.951989757815,0.1636675346163708
corrected_baseline,Mouse,POLYIC_20190618_mouse33__E3_P1,0.4363812506198883,20.340971931859563,0.2016674280166626,9211,49.95657366192596,0.1547149699027002
true_level0,Mouse,POLYIC_20190618_mouse33__E3_P1,0.4468745291233063,16.260630212398834,0.20886056125164032,9263,49.95141962647091,0.1639043733582435
corrected_baseline,Mouse,POLYIC_20190618_mouse34__E3_P1,0.43435487151145935,21.265197619658064,0.20279012620449066,9205,49.92395437262358,0.15163444249321933
true_level0,Mouse,POLYIC_20190618_mouse34__E3_P1,0.4444061517715454,16.966664853988796,0.20997722446918488,9289,49.9784691570675,0.16226383944536635
corrected_baseline,Mouse,POLYIC_20190618_mouse35__E3_P1,0.43344858288764954,20.829659318637276,0.19780147075653076,9506,49.9474016410688,0.15108317878249625
true_level0,Mouse,POLYIC_20190618_mouse35__E3_P1,0.4449257254600525,16.659910275120264,0.2064346969127655,9328,49.962478559176674,0.16142242225609796
corrected_baseline,Mouse,POLYIC_20190618_mouse36__E3_P1,0.43665555119514465,20.2278682327176,0.20188720524311066,9386,49.97869166844236,0.1505221374315359
true_level0,Mouse,POLYIC_20190618_mouse36__E3_P1,0.4458807408809662,16.461754051981703,0.20752201974391937,9475,49.96833773087071,0.15997610375887855
corrected_baseline,Mouse,POLYIC_20190619_mouse38__E3_P1,0.4376547634601593,19.74738539986472,0.2005303055047989,9264,49.95142487046632,0.15497434385239464
true_level0,Mouse,POLYIC_20190619_mouse38__E3_P1,0.4471626579761505,15.765244383648131,0.20946228504180908,9327,49.871341267288514,0.16240028394873773
corrected_baseline,Mouse,POLYIC_20190619_mouse39__E3_P1,0.43959397077560425,19.632647781658257,0.20403175055980682,9455,49.90481226864093,0.15464427660619492
true_level0,Mouse,POLYIC_20190619_mouse39__E3_P1,0.4494776725769043,15.86417487942965,0.21107812225818634,9541,49.96331621423331,0.16185235337066856
corrected_baseline,Mouse,POLYIC_20190619_mouse42__E3_P1,0.4379834830760956,19.077770485052056,0.20081764459609985,9359,50.0,0.156899159229643
true_level0,Mouse,POLYIC_20190619_mouse42__E3_P1,0.4452662169933319,16.345350052246605,0.20632970333099365,9506,49.98948032821376,0.16136204016646472
corrected_baseline,Mouse,POLYIC_20190619_mouse43__E3_P1,0.4354797899723053,19.335458558116724,0.1950347125530243,9311,49.924820105251854,0.15198397925959442
true_level0,Mouse,POLYIC_20190619_mouse43__E3_P1,0.44337326288223267,16.795875310537685,0.20455192029476166,9481,49.97363147347326,0.1581110961910522
corrected_baseline,Mouse,POLYIC_20190628_mouse33__E3_P1,0.43804553151130676,19.563177435367397,0.1982690393924713,9230,49.92416034669556,0.15544703526971745
true_level0,Mouse,POLYIC_20190628_mouse33__E3_P1,0.44682544469833374,15.846904418332992,0.20577169954776764,9361,49.9252216643521,0.16259773112113107
corrected_baseline,Mouse,POLYIC_20190628_mouse34__E6_P1,0.4376085102558136,20.271568052072773,0.2038520872592926,9193,49.98368323724573,0.15440314260929988
true_level0,Mouse,POLYIC_20190628_mouse34__E6_P1,0.44612571597099304,16.56860501124231,0.21011418104171753,9259,49.891996975915326,0.16019472963570955
corrected_baseline,Mouse,POLYIC_20190628_mouse35__E3_P1,0.4366467595100403,19.6327942756795,0.19854030013084412,9297,49.97310960524901,0.15157677201102016
true_level0,Mouse,POLYIC_20190628_mouse35__E3_P1,0.4437634348869324,16.577419011082696,0.2061043679714203,9315,49.96242619431025,0.16205495261782402
corrected_baseline,Mouse,POLYIC_20190628_mouse36__E3_P1,0.4374517798423767,20.127926840232735,0.19988419115543365,9617,49.93241135489237,0.15032265696187985
true_level0,Mouse,POLYIC_20190628_mouse36__E3_P1,0.445121705532074,17.351255546787065,0.2070481777191162,9705,49.953632148377125,0.16053920562263058
corrected_baseline,Mouse,POLYIC_20190629_polyic_mo__E3_P1,0.44102174043655396,19.308275344698245,0.20436464250087738,9448,49.952370872142254,0.1529497466444678
true_level0,Mouse,POLYIC_20190629_polyic_mo__E3_P1,0.4485868811607361,15.885294577277701,0.21160055696964264,9578,49.95823762789727,0.16394035750451472
corrected_baseline,Mouse,POLYIC_20190629_polyic_mo__E3_P1_1,0.4395557940006256,19.883014873823186,0.19638505578041077,9606,49.880283156360605,0.15001884497610157
true_level0,Mouse,POLYIC_20190629_polyic_mo__E3_P1_1,0.44982996582984924,15.902814233218452,0.20200327038764954,9606,49.89069331667707,0.15833577551615421
corrected_baseline,Mouse,POLYIC_20190629_polyic_mo__E3_P1_2,0.43957698345184326,19.856778590663204,0.20124275982379913,9907,49.919249015847384,0.1498802421453239
true_level0,Mouse,POLYIC_20190629_polyic_mo__E3_P1_2,0.44789794087409973,17.16697594876833,0.20581269264221191,9810,49.93374108053007,0.1539471452947012
corrected_baseline,Mouse,POLYIC_20190629_polyic_mo__E3_P1_3,0.44098803400993347,19.203131015013476,0.203190878033638,9350,49.94652406417112,0.15338714170919154
true_level0,Mouse,POLYIC_20190629_polyic_mo__E3_P1_3,0.4501330256462097,15.440766527934446,0.20907774567604065,9400,49.88297872340425,0.16429011053164508
corrected_baseline,Mouse,POLYIC_20190629_polyic_mo__E3_P1_5,0.4405682384967804,19.925352432350643,0.19975757598876953,9503,49.952646532673896,0.15123143741707376
true_level0,Mouse,POLYIC_20190629_polyic_mo__E3_P1_5,0.4511963129043579,15.865611941061456,0.20607832074165344,9557,49.926755257926125,0.15909779226725163
corrected_baseline,Mouse,POLYIC_20190629_polyic_mo__E4_P1_2,0.4405171573162079,19.368465916213303,0.20207780599594116,9663,49.91203559971024,0.15301264188993507
true_level0,Mouse,POLYIC_20190629_polyic_mo__E4_P1_2,0.4485618472099304,16.25768808173678,0.20802545547485352,9737,49.92297422203964,0.16276143402000526
corrected_baseline,Mouse,POLYIC_20190629_polyic_mo__E4_P1_4,0.44408395886421204,18.629618336128477,0.20525775849819183,9638,49.9948122017016,0.15319896830579238
true_level0,Mouse,POLYIC_20190629_polyic_mo__E4_P1_4,0.4505816400051117,15.722641219024164,0.21028155088424683,9650,49.96373056994819,0.16251878388079807
