PatientID,StudyInstanceUID,manifest_SeriesInstanceUID,S5cmdManifestPath,completion_status,parsed_locally,note
TVD_GBM_IC1_070610_51_093010,1.3.46.670589.11.17169.5.0.6060.2010093011141718595.3,1.3.46.670589.11.17169.5.0.5780.2010093011593739511.3,/Users/estebanfelixmoran/Desktop/Purdue/Medical_Imaging/Datasets/Mouse_Astrocytoma_TCIA/Mouse-Astrocytoma-doiJNLP/mouse_astrocytoma/TVD_GBM_IC1_070610_51_093010/595.3/511.3,success,1,
TVD_GBM_IC1_070610_51_093010,1.3.46.670589.11.17169.5.0.6060.2010093011141718595.3,1.3.46.670589.11.17169.5.0.5780.2010093012184476741.3,/Users/estebanfelixmoran/Desktop/Purdue/Medical_Imaging/Datasets/Mouse_Astrocytoma_TCIA/Mouse-Astrocytoma-doiJNLP/mouse_astrocytoma/TVD_GBM_IC1_070610_51_093010/595.3/741.3,success,1,
TVD_GBM_U87_1202252_021512,1.3.46.670589.11.17169.5.0.548.2012021510554459498.1,1.3.46.670589.11.17169.5.0.7588.2012021512543057321.1,/Users/estebanfelixmoran/Desktop/Purdue/Medical_Imaging/Datasets/Mouse_Astrocytoma_TCIA/Mouse-Astrocytoma-doiJNLP/mouse_astrocytoma/TVD_GBM_U87_1202252_021512/498.1/321.1,success,1,
TVD_GBM_IC2_11311013_020811,1.3.46.670589.11.17169.5.0.3164.2011020809040192350.3,1.3.46.670589.11.17169.5.0.6148.2011020810241335140.3,/Users/estebanfelixmoran/Desktop/Purdue/Medical_Imaging/Datasets/Mouse_Astrocytoma_TCIA/Mouse-Astrocytoma-doiJNLP/mouse_astrocytoma/TVD_GBM_IC2_11311013_020811/350.3/140.3,success,1,
TVD_GBM_IC2_11311011_021511,1.3.46.670589.11.17169.5.0.4584.2011021511013196216.2,1.3.46.670589.11.17169.5.0.4564.2011021511582801965.2,/Users/estebanfelixmoran/Desktop/Purdue/Medical_Imaging/Datasets/Mouse_Astrocytoma_TCIA/Mouse-Astrocytoma-doiJNLP/mouse_astrocytoma/TVD_GBM_IC2_11311011_021511/216.2/965.2,success,1,
TVD_GBM_U87_4540_121411,1.3.46.670589.11.17169.5.0.8084.2011121408484042048.3,1.3.46.670589.11.17169.5.0.2192.2011121410530620844.3,/Users/estebanfelixmoran/Desktop/Purdue/Medical_Imaging/Datasets/Mouse_Astrocytoma_TCIA/Mouse-Astrocytoma-doiJNLP/mouse_astrocytoma/TVD_GBM_U87_4540_121411/048.3/844.3,success,1,
TVD_GBM_IC2_11311007_020111,1.3.46.670589.11.17169.5.0.2964.2011020108354798122.2,1.3.46.670589.11.17169.5.0.5936.2012020709115638000.2,/Users/estebanfelixmoran/Desktop/Purdue/Medical_Imaging/Datasets/Mouse_Astrocytoma_TCIA/Mouse-Astrocytoma-doiJNLP/mouse_astrocytoma/TVD_GBM_IC2_11311007_020111/122.2/000.2,success,1,
TVD_GBM_IC1_070610_33_100110,1.3.46.670589.11.17169.5.0.6060.2010100109470843631.4,1.3.46.670589.11.17169.5.0.5780.2010100111281740115.4,/Users/estebanfelixmoran/Desktop/Purdue/Medical_Imaging/Datasets/Mouse_Astrocytoma_TCIA/Mouse-Astrocytoma-doiJNLP/mouse_astrocytoma/TVD_GBM_IC1_070610_33_100110/631.4/115.4,success,1,
TVD_GBM_U87_1202252_021512,1.3.46.670589.11.17169.5.0.548.2012021510554459498.1,1.3.46.670589.11.17169.5.0.8768.2012021513152731000.1,/Users/estebanfelixmoran/Desktop/Purdue/Medical_Imaging/Datasets/Mouse_Astrocytoma_TCIA/Mouse-Astrocytoma-doiJNLP/mouse_astrocytoma/TVD_GBM_U87_1202252_021512/498.1/000.1,success,1,
TVD_GBM_U87_4541_121411,1.3.46.670589.11.17169.5.0.8084.2011121408484042048.4,1.3.46.670589.11.17169.5.0.2192.2011121410342762635.4,/Users/estebanfelixmoran/Desktop/Purdue/Medical_Imaging/Datasets/Mouse_Astrocytoma_TCIA/Mouse-Astrocytoma-doiJNLP/mouse_astrocytoma/TVD_GBM_U87_4541_121411/048.4/635.4,success,1,
TVD_GBM_U87_4536_121511,1.3.46.670589.11.17169.5.0.8084.2011121508500512218.2,1.3.46.670589.11.17169.5.0.2192.2011121510292490801.2,/Users/estebanfelixmoran/Desktop/Purdue/Medical_Imaging/Datasets/Mouse_Astrocytoma_TCIA/Mouse-Astrocytoma-doiJNLP/mouse_astrocytoma/TVD_GBM_U87_4536_121511/218.2/801.2,success,1,
TVD_GBM_U87_1202143_021412,1.3.46.670589.11.17169.5.0.548.2012021409575487420.3,1.3.46.670589.11.17169.5.0.7588.2012021411291722633.3,/Users/estebanfelixmoran/Desktop/Purdue/Medical_Imaging/Datasets/Mouse_Astrocytoma_TCIA/Mouse-Astrocytoma-doiJNLP/mouse_astrocytoma/TVD_GBM_U87_1202143_021412/420.3/633.3,success,1,
TVD_GBM_U87_4538_121511,1.3.46.670589.11.17169.5.0.8084.2011121508500512218.4,1.3.46.670589.11.17169.5.0.2192.2011121510292490801.4,/Users/estebanfelixmoran/Desktop/Purdue/Medical_Imaging/Datasets/Mouse_Astrocytoma_TCIA/Mouse-Astrocytoma-doiJNLP/mouse_astrocytoma/TVD_GBM_U87_4538_121511/218.4/801.4,success,1,
TVD_GBM_U87_4536_121511,1.3.46.670589.11.17169.5.0.8084.2011121508500512218.2,1.3.46.670589.11.17169.5.0.11152.2012020710014350000.2,/Users/estebanfelixmoran/Desktop/Purdue/Medical_Imaging/Datasets/Mouse_Astrocytoma_TCIA/Mouse-Astrocytoma-doiJNLP/mouse_astrocytoma/TVD_GBM_U87_4536_121511/218.2/000.2,success,1,
TVD_GBM_U87_4494_121511,1.3.46.670589.11.17169.5.0.8084.2011121510142175228.2,1.3.46.670589.11.17169.5.0.2192.2011121511493351322.2,/Users/estebanfelixmoran/Desktop/Purdue/Medical_Imaging/Datasets/Mouse_Astrocytoma_TCIA/Mouse-Astrocytoma-doiJNLP/mouse_astrocytoma/TVD_GBM_U87_4494_121511/228.2/322.2,success,1,
TVD_GBM_U87_1202141_021412,1.3.46.670589.11.17169.5.0.548.2012021409575487420.1,1.3.46.670589.11.17169.5.0.7588.2012021411491925952.1,/Users/estebanfelixmoran/Desktop/Purdue/Medical_Imaging/Datasets/Mouse_Astrocytoma_TCIA/Mouse-Astrocytoma-doiJNLP/mouse_astrocytoma/TVD_GBM_U87_1202141_021412/420.1/952.1,success,1,
TVD_GBM_U87_4494_121511,1.3.46.670589.11.17169.5.0.8084.2011121510142175228.2,1.3.46.670589.11.17169.5.0.2192.2011121512161373635.2,/Users/estebanfelixmoran/Desktop/Purdue/Medical_Imaging/Datasets/Mouse_Astrocytoma_TCIA/Mouse-Astrocytoma-doiJNLP/mouse_astrocytoma/TVD_GBM_U87_4494_121511/228.2/635.2,success,1,
TVD_GBM_U87_1202253_021512,1.3.46.670589.11.17169.5.0.548.2012021510554459498.2,1.3.46.670589.11.17169.5.0.7588.2012021512332107906.2,/Users/estebanfelixmoran/Desktop/Purdue/Medical_Imaging/Datasets/Mouse_Astrocytoma_TCIA/Mouse-Astrocytoma-doiJNLP/mouse_astrocytoma/TVD_GBM_U87_1202253_021512/498.2/906.2,success,1,
TVD_GBM_IC1_070610_16_100110,1.3.46.670589.11.17169.5.0.6060.2010100109470843631.2,1.3.46.670589.11.17169.5.0.9348.2012020709052553000.2,/Users/estebanfelixmoran/Desktop/Purdue/Medical_Imaging/Datasets/Mouse_Astrocytoma_TCIA/Mouse-Astrocytoma-doiJNLP/mouse_astrocytoma/TVD_GBM_IC1_070610_16_100110/631.2/000.2,success,1,
TVD_GBM_IC2_11311063_021811,1.3.46.670589.11.17169.5.0.4584.2011021811534083539.3,1.3.46.670589.11.17169.5.0.4564.2011021813152497428.3,/Users/estebanfelixmoran/Desktop/Purdue/Medical_Imaging/Datasets/Mouse_Astrocytoma_TCIA/Mouse-Astrocytoma-doiJNLP/mouse_astrocytoma/TVD_GBM_IC2_11311063_021811/539.3/428.3,success,1,
TVD_GBM_IC2_11311011_021511,1.3.46.670589.11.17169.5.0.4584.2011021511013196216.2,1.3.46.670589.11.17169.5.0.4564.2011021512383914016.2,/Users/estebanfelixmoran/Desktop/Purdue/Medical_Imaging/Datasets/Mouse_Astrocytoma_TCIA/Mouse-Astrocytoma-doiJNLP/mouse_astrocytoma/TVD_GBM_IC2_11311011_021511/216.2/016.2,success,1,
TVD_GBM_U87_4538_121511,1.3.46.670589.11.17169.5.0.8084.2011121508500512218.4,1.3.46.670589.11.17169.5.0.2192.2011121510231220724.4,/Users/estebanfelixmoran/Desktop/Purdue/Medical_Imaging/Datasets/Mouse_Astrocytoma_TCIA/Mouse-Astrocytoma-doiJNLP/mouse_astrocytoma/TVD_GBM_U87_4538_121511/218.4/724.4,success,1,
TVD_GBM_U87_1202254_021512,1.3.46.670589.11.17169.5.0.548.2012021510554459498.3,1.3.46.670589.11.17169.5.0.7588.2012021512332107906.3,/Users/estebanfelixmoran/Desktop/Purdue/Medical_Imaging/Datasets/Mouse_Astrocytoma_TCIA/Mouse-Astrocytoma-doiJNLP/mouse_astrocytoma/TVD_GBM_U87_1202254_021512/498.3/906.3,success,1,
TVD_GBM_IC2_11311019_020811,1.3.46.670589.11.17169.5.0.3164.2011020810281157364.4,1.3.46.670589.11.17169.5.0.2484.2012020611103543000.4,/Users/estebanfelixmoran/Desktop/Purdue/Medical_Imaging/Datasets/Mouse_Astrocytoma_TCIA/Mouse-Astrocytoma-doiJNLP/mouse_astrocytoma/TVD_GBM_IC2_11311019_020811/364.4/000.4,success,1,
TVD_GBM_IC2_11311019_020811,1.3.46.670589.11.17169.5.0.3164.2011020810281157364.4,1.3.46.670589.11.17169.5.0.6148.2011020812003226882.4,/Users/estebanfelixmoran/Desktop/Purdue/Medical_Imaging/Datasets/Mouse_Astrocytoma_TCIA/Mouse-Astrocytoma-doiJNLP/mouse_astrocytoma/TVD_GBM_IC2_11311019_020811/364.4/882.4,success,1,
TVD_GBM_IC2_11311022_020111,1.3.46.670589.11.17169.5.0.2964.2011020109561014136.3,1.3.46.670589.11.17169.5.0.5800.2011020110494625498.3,/Users/estebanfelixmoran/Desktop/Purdue/Medical_Imaging/Datasets/Mouse_Astrocytoma_TCIA/Mouse-Astrocytoma-doiJNLP/mouse_astrocytoma/TVD_GBM_IC2_11311022_020111/136.3/498.3,success,1,
TVD_GBM_IC1_070610_19,1.3.46.670589.11.17169.5.0.6060.2010092709381189369.3,1.3.46.670589.11.17169.5.0.5780.2010092712125435427.3,/Users/estebanfelixmoran/Desktop/Purdue/Medical_Imaging/Datasets/Mouse_Astrocytoma_TCIA/Mouse-Astrocytoma-doiJNLP/mouse_astrocytoma/TVD_GBM_IC1_070610_19/369.3/427.3,success,1,
TVD_GBM_IC2_11311020_020811,1.3.46.670589.11.17169.5.0.3164.2011020809040192350.4,1.3.46.670589.11.17169.5.0.6148.2011020810241335140.4,/Users/estebanfelixmoran/Desktop/Purdue/Medical_Imaging/Datasets/Mouse_Astrocytoma_TCIA/Mouse-Astrocytoma-doiJNLP/mouse_astrocytoma/TVD_GBM_IC2_11311020_020811/350.4/140.4,success,1,
TVD_GBM_U87_1202444_022112,1.3.46.670589.11.17169.5.0.548.2012022109060329918.1,1.3.46.670589.11.17169.5.0.7588.2012022110361184292.1,/Users/estebanfelixmoran/Desktop/Purdue/Medical_Imaging/Datasets/Mouse_Astrocytoma_TCIA/Mouse-Astrocytoma-doiJNLP/mouse_astrocytoma/TVD_GBM_U87_1202444_022112/918.1/292.1,success,1,
TVD_GBM_IC2_11311013_020811,1.3.46.670589.11.17169.5.0.3164.2011020809040192350.3,1.3.46.670589.11.17169.5.0.6148.2011020809463859089.3,/Users/estebanfelixmoran/Desktop/Purdue/Medical_Imaging/Datasets/Mouse_Astrocytoma_TCIA/Mouse-Astrocytoma-doiJNLP/mouse_astrocytoma/TVD_GBM_IC2_11311013_020811/350.3/089.3,success,1,
TVD_GBM_IC2_11311023_020111,1.3.46.670589.11.17169.5.0.2964.2011020108354798122.4,1.3.46.670589.11.17169.5.0.5800.2011020109221331908.4,/Users/estebanfelixmoran/Desktop/Purdue/Medical_Imaging/Datasets/Mouse_Astrocytoma_TCIA/Mouse-Astrocytoma-doiJNLP/mouse_astrocytoma/TVD_GBM_IC2_11311023_020111/122.4/908.4,success,1,
TVD_GBM_IC2_11311024_020111,1.3.46.670589.11.17169.5.0.2964.2011020109561014136.4,1.3.46.670589.11.17169.5.0.5800.2011020111194384522.4,/Users/estebanfelixmoran/Desktop/Purdue/Medical_Imaging/Datasets/Mouse_Astrocytoma_TCIA/Mouse-Astrocytoma-doiJNLP/mouse_astrocytoma/TVD_GBM_IC2_11311024_020111/136.4/522.4,success,1,
TVD_GBM_U87_4540_121411,1.3.46.670589.11.17169.5.0.8084.2011121408484042048.3,1.3.46.670589.11.17169.5.0.2192.2011121410342762635.3,/Users/estebanfelixmoran/Desktop/Purdue/Medical_Imaging/Datasets/Mouse_Astrocytoma_TCIA/Mouse-Astrocytoma-doiJNLP/mouse_astrocytoma/TVD_GBM_U87_4540_121411/048.3/635.3,success,1,
TVD_GBM_IC2_11311061_021811,1.3.46.670589.11.17169.5.0.4584.2011021811534083539.2,1.3.46.670589.11.17169.5.0.9496.2012020611365541000.2,/Users/estebanfelixmoran/Desktop/Purdue/Medical_Imaging/Datasets/Mouse_Astrocytoma_TCIA/Mouse-Astrocytoma-doiJNLP/mouse_astrocytoma/TVD_GBM_IC2_11311061_021811/539.2/000.2,success,1,
TVD_GBM_U87_1202141_021412,1.3.46.670589.11.17169.5.0.548.2012021409575487420.1,1.3.46.670589.11.17169.5.0.7588.2012021410522906582.1,/Users/estebanfelixmoran/Desktop/Purdue/Medical_Imaging/Datasets/Mouse_Astrocytoma_TCIA/Mouse-Astrocytoma-doiJNLP/mouse_astrocytoma/TVD_GBM_U87_1202141_021412/420.1/582.1,success,1,
TVD_GBM_U87_1202145_021412,1.3.46.670589.11.17169.5.0.548.2012021411421297446.1,1.3.46.670589.11.17169.5.0.7588.2012021413213268246.1,/Users/estebanfelixmoran/Desktop/Purdue/Medical_Imaging/Datasets/Mouse_Astrocytoma_TCIA/Mouse-Astrocytoma-doiJNLP/mouse_astrocytoma/TVD_GBM_U87_1202145_021412/446.1/246.1,success,1,
TVD_GBM_U87_1202143_021412,1.3.46.670589.11.17169.5.0.548.2012021409575487420.3,1.3.46.670589.11.17169.5.0.7588.2012021411214051607.3,/Users/estebanfelixmoran/Desktop/Purdue/Medical_Imaging/Datasets/Mouse_Astrocytoma_TCIA/Mouse-Astrocytoma-doiJNLP/mouse_astrocytoma/TVD_GBM_U87_1202143_021412/420.3/607.3,success,1,
TVD_GBM_IC1_070610_22_093010,1.3.46.670589.11.17169.5.0.6060.2010093011141718595.1,1.3.46.670589.11.17169.5.0.5780.2010093011593739511.1,/Users/estebanfelixmoran/Desktop/Purdue/Medical_Imaging/Datasets/Mouse_Astrocytoma_TCIA/Mouse-Astrocytoma-doiJNLP/mouse_astrocytoma/TVD_GBM_IC1_070610_22_093010/595.1/511.1,success,1,
TVD_GBM_U87_1202252_021512,1.3.46.670589.11.17169.5.0.548.2012021510554459498.1,1.3.46.670589.11.17169.5.0.7588.2012021512332107906.1,/Users/estebanfelixmoran/Desktop/Purdue/Medical_Imaging/Datasets/Mouse_Astrocytoma_TCIA/Mouse-Astrocytoma-doiJNLP/mouse_astrocytoma/TVD_GBM_U87_1202252_021512/498.1/906.1,success,1,
TVD_GBM_IC1_070610_33_100110,1.3.46.670589.11.17169.5.0.6060.2010100109470843631.4,1.3.46.670589.11.17169.5.0.9348.2012020709052553000.4,/Users/estebanfelixmoran/Desktop/Purdue/Medical_Imaging/Datasets/Mouse_Astrocytoma_TCIA/Mouse-Astrocytoma-doiJNLP/mouse_astrocytoma/TVD_GBM_IC1_070610_33_100110/631.4/000.4,success,1,
TVD_GBM_IC2_11311017_020811,1.3.46.670589.11.17169.5.0.3164.2011020810281157364.3,1.3.46.670589.11.17169.5.0.6148.2011020812190535091.3,/Users/estebanfelixmoran/Desktop/Purdue/Medical_Imaging/Datasets/Mouse_Astrocytoma_TCIA/Mouse-Astrocytoma-doiJNLP/mouse_astrocytoma/TVD_GBM_IC2_11311017_020811/364.3/091.3,success,1,
TVD_GBM_IC2_11311082_021511,1.3.46.670589.11.17169.5.0.4584.2011021511013196216.4,1.3.46.670589.11.17169.5.0.4564.2011021511582801965.4,/Users/estebanfelixmoran/Desktop/Purdue/Medical_Imaging/Datasets/Mouse_Astrocytoma_TCIA/Mouse-Astrocytoma-doiJNLP/mouse_astrocytoma/TVD_GBM_IC2_11311082_021511/216.4/965.4,success,1,
TVD_GBM_U87_1202445_022112,1.3.46.670589.11.17169.5.0.548.2012022109060329918.2,1.3.46.670589.11.17169.5.0.7588.2012022109591943241.2,/Users/estebanfelixmoran/Desktop/Purdue/Medical_Imaging/Datasets/Mouse_Astrocytoma_TCIA/Mouse-Astrocytoma-doiJNLP/mouse_astrocytoma/TVD_GBM_U87_1202445_022112/918.2/241.2,success,1,
TVD_GBM_IC2_11311021_020111,1.3.46.670589.11.17169.5.0.2964.2011020108354798122.3,1.3.46.670589.11.17169.5.0.5800.2011020109594775959.3,/Users/estebanfelixmoran/Desktop/Purdue/Medical_Imaging/Datasets/Mouse_Astrocytoma_TCIA/Mouse-Astrocytoma-doiJNLP/mouse_astrocytoma/TVD_GBM_IC2_11311021_020111/122.3/959.3,success,1,
TVD_GBM_IC2_11311004_020811,1.3.46.670589.11.17169.5.0.3164.2011020809040192350.2,1.3.46.670589.11.17169.5.0.9740.2012020610495343000.2,/Users/estebanfelixmoran/Desktop/Purdue/Medical_Imaging/Datasets/Mouse_Astrocytoma_TCIA/Mouse-Astrocytoma-doiJNLP/mouse_astrocytoma/TVD_GBM_IC2_11311004_020811/350.2/000.2,success,1,
TVD_GBM_U87_1202145_021412,1.3.46.670589.11.17169.5.0.548.2012021411421297446.1,1.3.46.670589.11.17169.5.0.7448.2012021414023043000.1,/Users/estebanfelixmoran/Desktop/Purdue/Medical_Imaging/Datasets/Mouse_Astrocytoma_TCIA/Mouse-Astrocytoma-doiJNLP/mouse_astrocytoma/TVD_GBM_U87_1202145_021412/446.1/000.1,success,1,
TVD_GBM_IC1_070610_34,1.3.46.670589.11.17169.5.0.6060.2010100409431882673.1,1.3.46.670589.11.17169.5.0.5780.2010100410311348570.1,/Users/estebanfelixmoran/Desktop/Purdue/Medical_Imaging/Datasets/Mouse_Astrocytoma_TCIA/Mouse-Astrocytoma-doiJNLP/mouse_astrocytoma/TVD_GBM_IC1_070610_34/673.1/570.1,success,1,
TVD_GBM_IC2_11311021_020111,1.3.46.670589.11.17169.5.0.2964.2011020108354798122.3,1.3.46.670589.11.17169.5.0.5800.2011020110194632252.3,/Users/estebanfelixmoran/Desktop/Purdue/Medical_Imaging/Datasets/Mouse_Astrocytoma_TCIA/Mouse-Astrocytoma-doiJNLP/mouse_astrocytoma/TVD_GBM_IC2_11311021_020111/122.3/252.3,success,1,
TVD_GBM_IC2_11311017_020811,1.3.46.670589.11.17169.5.0.3164.2011020810281157364.3,1.3.46.670589.11.17169.5.0.6148.2011020811491521699.3,/Users/estebanfelixmoran/Desktop/Purdue/Medical_Imaging/Datasets/Mouse_Astrocytoma_TCIA/Mouse-Astrocytoma-doiJNLP/mouse_astrocytoma/TVD_GBM_IC2_11311017_020811/364.3/699.3,success,1,
TVD_GBM_U87_1202144_021412,1.3.46.670589.11.17169.5.0.548.2012021409575487420.4,1.3.46.670589.11.17169.5.0.7588.2012021410522906582.4,/Users/estebanfelixmoran/Desktop/Purdue/Medical_Imaging/Datasets/Mouse_Astrocytoma_TCIA/Mouse-Astrocytoma-doiJNLP/mouse_astrocytoma/TVD_GBM_U87_1202144_021412/420.4/582.4,success,1,
TVD_GBM_IC2_11311014_021811,1.3.46.670589.11.17169.5.0.4584.2011021810251949513.3,1.3.46.670589.11.17169.5.0.4564.2011021811161058676.3,/Users/estebanfelixmoran/Desktop/Purdue/Medical_Imaging/Datasets/Mouse_Astrocytoma_TCIA/Mouse-Astrocytoma-doiJNLP/mouse_astrocytoma/TVD_GBM_IC2_11311014_021811/513.3/676.3,success,1,
TVD_GBM_IC1_070610_16_100110,1.3.46.670589.11.17169.5.0.6060.2010100109470843631.2,1.3.46.670589.11.17169.5.0.5780.2010100110490460987.2,/Users/estebanfelixmoran/Desktop/Purdue/Medical_Imaging/Datasets/Mouse_Astrocytoma_TCIA/Mouse-Astrocytoma-doiJNLP/mouse_astrocytoma/TVD_GBM_IC1_070610_16_100110/631.2/987.2,success,1,
TVD_GBM_IC1_070610_22_093010,1.3.46.670589.11.17169.5.0.6060.2010093011141718595.1,1.3.46.670589.11.17169.5.0.5780.2010093012000596532.1,/Users/estebanfelixmoran/Desktop/Purdue/Medical_Imaging/Datasets/Mouse_Astrocytoma_TCIA/Mouse-Astrocytoma-doiJNLP/mouse_astrocytoma/TVD_GBM_IC1_070610_22_093010/595.1/532.1,success,1,
TVD_GBM_IC1_070610_19,1.3.46.670589.11.17169.5.0.6060.2010092709381189369.3,1.3.46.670589.11.17169.5.0.5780.2010092711281771299.3,/Users/estebanfelixmoran/Desktop/Purdue/Medical_Imaging/Datasets/Mouse_Astrocytoma_TCIA/Mouse-Astrocytoma-doiJNLP/mouse_astrocytoma/TVD_GBM_IC1_070610_19/369.3/299.3,success,1,
TVD_GBM_U87_1202145_021412,1.3.46.670589.11.17169.5.0.548.2012021411421297446.1,1.3.46.670589.11.17169.5.0.7588.2012021412450314195.1,/Users/estebanfelixmoran/Desktop/Purdue/Medical_Imaging/Datasets/Mouse_Astrocytoma_TCIA/Mouse-Astrocytoma-doiJNLP/mouse_astrocytoma/TVD_GBM_U87_1202145_021412/446.1/195.1,success,1,
TVD_GBM_IC2_11311023_020111,1.3.46.670589.11.17169.5.0.2964.2011020108354798122.4,1.3.46.670589.11.17169.5.0.5936.2012020709115638000.4,/Users/estebanfelixmoran/Desktop/Purdue/Medical_Imaging/Datasets/Mouse_Astrocytoma_TCIA/Mouse-Astrocytoma-doiJNLP/mouse_astrocytoma/TVD_GBM_IC2_11311023_020111/122.4/000.4,success,1,
TVD_GBM_IC2_11311059_021811,1.3.46.670589.11.17169.5.0.4584.2011021811534083539.1,1.3.46.670589.11.17169.5.0.4564.2011021812452733404.1,/Users/estebanfelixmoran/Desktop/Purdue/Medical_Imaging/Datasets/Mouse_Astrocytoma_TCIA/Mouse-Astrocytoma-doiJNLP/mouse_astrocytoma/TVD_GBM_IC2_11311059_021811/539.1/404.1,success,1,
TVD_GBM_IC2_11311059_021811,1.3.46.670589.11.17169.5.0.4584.2011021811534083539.1,1.3.46.670589.11.17169.5.0.4564.2011021813282453533.1,/Users/estebanfelixmoran/Desktop/Purdue/Medical_Imaging/Datasets/Mouse_Astrocytoma_TCIA/Mouse-Astrocytoma-doiJNLP/mouse_astrocytoma/TVD_GBM_IC2_11311059_021811/539.1/533.1,success,1,
TVD_GBM_U87_4541_121411,1.3.46.670589.11.17169.5.0.8084.2011121408484042048.4,1.3.46.670589.11.17169.5.0.2192.2011121410230351531.4,/Users/estebanfelixmoran/Desktop/Purdue/Medical_Imaging/Datasets/Mouse_Astrocytoma_TCIA/Mouse-Astrocytoma-doiJNLP/mouse_astrocytoma/TVD_GBM_U87_4541_121411/048.4/531.4,success,1,
TVD_GBM_U87_1202254_021512,1.3.46.670589.11.17169.5.0.548.2012021510554459498.3,1.3.46.670589.11.17169.5.0.7588.2012021512254482849.3,/Users/estebanfelixmoran/Desktop/Purdue/Medical_Imaging/Datasets/Mouse_Astrocytoma_TCIA/Mouse-Astrocytoma-doiJNLP/mouse_astrocytoma/TVD_GBM_U87_1202254_021512/498.3/849.3,success,1,
TVD_GBM_U87_1202445_022112,1.3.46.670589.11.17169.5.0.548.2012022109060329918.2,1.3.46.670589.11.17169.5.0.7588.2012022110364148330.2,/Users/estebanfelixmoran/Desktop/Purdue/Medical_Imaging/Datasets/Mouse_Astrocytoma_TCIA/Mouse-Astrocytoma-doiJNLP/mouse_astrocytoma/TVD_GBM_U87_1202445_022112/918.2/330.2,success,1,
TVD_GBM_IC2_11311082_021511,1.3.46.670589.11.17169.5.0.4584.2011021511013196216.4,1.3.46.670589.11.17169.5.0.4564.2011021512574228302.4,/Users/estebanfelixmoran/Desktop/Purdue/Medical_Imaging/Datasets/Mouse_Astrocytoma_TCIA/Mouse-Astrocytoma-doiJNLP/mouse_astrocytoma/TVD_GBM_IC2_11311082_021511/216.4/302.4,success,1,
TVD_GBM_IC1_070610_33_100110,1.3.46.670589.11.17169.5.0.6060.2010100109470843631.4,1.3.46.670589.11.17169.5.0.5780.2010100111465823324.4,/Users/estebanfelixmoran/Desktop/Purdue/Medical_Imaging/Datasets/Mouse_Astrocytoma_TCIA/Mouse-Astrocytoma-doiJNLP/mouse_astrocytoma/TVD_GBM_IC1_070610_33_100110/631.4/324.4,success,1,
TVD_GBM_U87_1202253_021512,1.3.46.670589.11.17169.5.0.548.2012021510554459498.2,1.3.46.670589.11.17169.5.0.7588.2012021512254482849.2,/Users/estebanfelixmoran/Desktop/Purdue/Medical_Imaging/Datasets/Mouse_Astrocytoma_TCIA/Mouse-Astrocytoma-doiJNLP/mouse_astrocytoma/TVD_GBM_U87_1202253_021512/498.2/849.2,success,1,
TVD_GBM_U87_4493_121511,1.3.46.670589.11.17169.5.0.8084.2011121510142175228.1,1.3.46.670589.11.17169.5.0.2192.2011121511493351322.1,/Users/estebanfelixmoran/Desktop/Purdue/Medical_Imaging/Datasets/Mouse_Astrocytoma_TCIA/Mouse-Astrocytoma-doiJNLP/mouse_astrocytoma/TVD_GBM_U87_4493_121511/228.1/322.1,success,1,
TVD_GBM_IC2_11311070_021811,1.3.46.670589.11.17169.5.0.4584.2011021813241574561.1,1.3.46.670589.11.17169.5.0.4564.2011021814490747990.1,/Users/estebanfelixmoran/Desktop/Purdue/Medical_Imaging/Datasets/Mouse_Astrocytoma_TCIA/Mouse-Astrocytoma-doiJNLP/mouse_astrocytoma/TVD_GBM_IC2_11311070_021811/561.1/990.1,success,1,
TVD_GBM_U87_4535_121411,1.3.46.670589.11.17169.5.0.8084.2011121408484042048.2,1.3.46.670589.11.17169.5.0.2192.2011121410530620844.2,/Users/estebanfelixmoran/Desktop/Purdue/Medical_Imaging/Datasets/Mouse_Astrocytoma_TCIA/Mouse-Astrocytoma-doiJNLP/mouse_astrocytoma/TVD_GBM_U87_4535_121411/048.2/844.2,success,1,
TVD_GBM_IC2_11311082_021511,1.3.46.670589.11.17169.5.0.4584.2011021511013196216.4,1.3.46.670589.11.17169.5.0.4564.2011021512383914016.4,/Users/estebanfelixmoran/Desktop/Purdue/Medical_Imaging/Datasets/Mouse_Astrocytoma_TCIA/Mouse-Astrocytoma-doiJNLP/mouse_astrocytoma/TVD_GBM_IC2_11311082_021511/216.4/016.4,success,1,
TVD_GBM_U87_4538_121511,1.3.46.670589.11.17169.5.0.8084.2011121508500512218.4,1.3.46.670589.11.17169.5.0.2192.2011121509462420673.4,/Users/estebanfelixmoran/Desktop/Purdue/Medical_Imaging/Datasets/Mouse_Astrocytoma_TCIA/Mouse-Astrocytoma-doiJNLP/mouse_astrocytoma/TVD_GBM_U87_4538_121511/218.4/673.4,success,1,
TVD_GBM_IC2_11311017_020811,1.3.46.670589.11.17169.5.0.3164.2011020810281157364.3,1.3.46.670589.11.17169.5.0.6148.2011020812003226882.3,/Users/estebanfelixmoran/Desktop/Purdue/Medical_Imaging/Datasets/Mouse_Astrocytoma_TCIA/Mouse-Astrocytoma-doiJNLP/mouse_astrocytoma/TVD_GBM_IC2_11311017_020811/364.3/882.3,success,1,
TVD_GBM_U87_1202444_022112,1.3.46.670589.11.17169.5.0.548.2012022109060329918.1,1.3.46.670589.11.17169.5.0.9584.2012022111052173000.1,/Users/estebanfelixmoran/Desktop/Purdue/Medical_Imaging/Datasets/Mouse_Astrocytoma_TCIA/Mouse-Astrocytoma-doiJNLP/mouse_astrocytoma/TVD_GBM_U87_1202444_022112/918.1/000.1,success,1,
TVD_GBM_IC2_11311002_020811,1.3.46.670589.11.17169.5.0.3164.2011020809040192350.1,1.3.46.670589.11.17169.5.0.6148.2011020810163662113.1,/Users/estebanfelixmoran/Desktop/Purdue/Medical_Imaging/Datasets/Mouse_Astrocytoma_TCIA/Mouse-Astrocytoma-doiJNLP/mouse_astrocytoma/TVD_GBM_IC2_11311002_020811/350.1/113.1,success,1,
TVD_GBM_U87_1202254_021512,1.3.46.670589.11.17169.5.0.548.2012021510554459498.3,1.3.46.670589.11.17169.5.0.7588.2012021512355711112.3,/Users/estebanfelixmoran/Desktop/Purdue/Medical_Imaging/Datasets/Mouse_Astrocytoma_TCIA/Mouse-Astrocytoma-doiJNLP/mouse_astrocytoma/TVD_GBM_U87_1202254_021512/498.3/112.3,success,1,
TVD_GBM_IC1_070610_33_100110,1.3.46.670589.11.17169.5.0.6060.2010100109470843631.4,1.3.46.670589.11.17169.5.0.5780.2010100111190240011.4,/Users/estebanfelixmoran/Desktop/Purdue/Medical_Imaging/Datasets/Mouse_Astrocytoma_TCIA/Mouse-Astrocytoma-doiJNLP/mouse_astrocytoma/TVD_GBM_IC1_070610_33_100110/631.4/011.4,success,1,
TVD_GBM_IC2_11311013_020811,1.3.46.670589.11.17169.5.0.3164.2011020809040192350.3,1.3.46.670589.11.17169.5.0.6148.2011020810431689426.3,/Users/estebanfelixmoran/Desktop/Purdue/Medical_Imaging/Datasets/Mouse_Astrocytoma_TCIA/Mouse-Astrocytoma-doiJNLP/mouse_astrocytoma/TVD_GBM_IC2_11311013_020811/350.3/426.3,success,1,
TVD_GBM_IC2_11311021_020111,1.3.46.670589.11.17169.5.0.2964.2011020108354798122.3,1.3.46.670589.11.17169.5.0.5936.2012020709115638000.3,/Users/estebanfelixmoran/Desktop/Purdue/Medical_Imaging/Datasets/Mouse_Astrocytoma_TCIA/Mouse-Astrocytoma-doiJNLP/mouse_astrocytoma/TVD_GBM_IC2_11311021_020111/122.3/000.3,success,1,
TVD_GBM_IC2_11311020_020811,1.3.46.670589.11.17169.5.0.3164.2011020809040192350.4,1.3.46.670589.11.17169.5.0.6148.2011020810431689426.4,/Users/estebanfelixmoran/Desktop/Purdue/Medical_Imaging/Datasets/Mouse_Astrocytoma_TCIA/Mouse-Astrocytoma-doiJNLP/mouse_astrocytoma/TVD_GBM_IC2_11311020_020811/350.4/426.4,success,1,
TVD_GBM_IC2_11311063_021811,1.3.46.670589.11.17169.5.0.4584.2011021811534083539.3,1.3.46.670589.11.17169.5.0.4564.2011021812452733404.3,/Users/estebanfelixmoran/Desktop/Purdue/Medical_Imaging/Datasets/Mouse_Astrocytoma_TCIA/Mouse-Astrocytoma-doiJNLP/mouse_astrocytoma/TVD_GBM_IC2_11311063_021811/539.3/404.3,success,1,
TVD_GBM_IC2_11311059_021811,1.3.46.670589.11.17169.5.0.4584.2011021811534083539.1,1.3.46.670589.11.17169.5.0.4564.2011021813152497428.1,/Users/estebanfelixmoran/Desktop/Purdue/Medical_Imaging/Datasets/Mouse_Astrocytoma_TCIA/Mouse-Astrocytoma-doiJNLP/mouse_astrocytoma/TVD_GBM_IC2_11311059_021811/539.1/428.1,success,1,
TVD_GBM_IC2_11311061_021811,1.3.46.670589.11.17169.5.0.4584.2011021811534083539.2,1.3.46.670589.11.17169.5.0.4564.2011021813275085512.2,/Users/estebanfelixmoran/Desktop/Purdue/Medical_Imaging/Datasets/Mouse_Astrocytoma_TCIA/Mouse-Astrocytoma-doiJNLP/mouse_astrocytoma/TVD_GBM_IC2_11311061_021811/539.2/512.2,success,1,
TVD_GBM_IC1_070610_22_093010,1.3.46.670589.11.17169.5.0.6060.2010093011141718595.1,1.3.46.670589.11.17169.5.0.8704.2012020612500053000.1,/Users/estebanfelixmoran/Desktop/Purdue/Medical_Imaging/Datasets/Mouse_Astrocytoma_TCIA/Mouse-Astrocytoma-doiJNLP/mouse_astrocytoma/TVD_GBM_IC1_070610_22_093010/595.1/000.1,success,1,
TVD_GBM_U87_4540_121411,1.3.46.670589.11.17169.5.0.8084.2011121408484042048.3,1.3.46.670589.11.17169.5.0.2192.2011121409534775507.3,/Users/estebanfelixmoran/Desktop/Purdue/Medical_Imaging/Datasets/Mouse_Astrocytoma_TCIA/Mouse-Astrocytoma-doiJNLP/mouse_astrocytoma/TVD_GBM_U87_4540_121411/048.3/507.3,success,1,
TVD_GBM_U87_4536_121511,1.3.46.670589.11.17169.5.0.8084.2011121508500512218.2,1.3.46.670589.11.17169.5.0.2192.2011121510153548697.2,/Users/estebanfelixmoran/Desktop/Purdue/Medical_Imaging/Datasets/Mouse_Astrocytoma_TCIA/Mouse-Astrocytoma-doiJNLP/mouse_astrocytoma/TVD_GBM_U87_4536_121511/218.2/697.2,success,1,
TVD_GBM_IC2_11311063_021811,1.3.46.670589.11.17169.5.0.4584.2011021811534083539.3,1.3.46.670589.11.17169.5.0.9496.2012020611365541000.3,/Users/estebanfelixmoran/Desktop/Purdue/Medical_Imaging/Datasets/Mouse_Astrocytoma_TCIA/Mouse-Astrocytoma-doiJNLP/mouse_astrocytoma/TVD_GBM_IC2_11311063_021811/539.3/000.3,success,1,
TVD_GBM_IC2_11311008_020111,1.3.46.670589.11.17169.5.0.2964.2011020109561014136.2,1.3.46.670589.11.17169.5.0.5800.2011020111480776836.2,/Users/estebanfelixmoran/Desktop/Purdue/Medical_Imaging/Datasets/Mouse_Astrocytoma_TCIA/Mouse-Astrocytoma-doiJNLP/mouse_astrocytoma/TVD_GBM_IC2_11311008_020111/136.2/836.2,success,1,
TVD_GBM_IC2_11311002_020811,1.3.46.670589.11.17169.5.0.3164.2011020809040192350.1,1.3.46.670589.11.17169.5.0.9740.2012020610495343000.1,/Users/estebanfelixmoran/Desktop/Purdue/Medical_Imaging/Datasets/Mouse_Astrocytoma_TCIA/Mouse-Astrocytoma-doiJNLP/mouse_astrocytoma/TVD_GBM_IC2_11311002_020811/350.1/000.1,success,1,
TVD_GBM_IC2_11311045_022311,1.3.46.670589.11.17169.5.0.4584.2011022312420330645.2,1.3.46.670589.11.17169.5.0.2416.2012020612001246000.2,/Users/estebanfelixmoran/Desktop/Purdue/Medical_Imaging/Datasets/Mouse_Astrocytoma_TCIA/Mouse-Astrocytoma-doiJNLP/mouse_astrocytoma/TVD_GBM_IC2_11311045_022311/645.2/000.2,success,1,
TVD_GBM_U87_4536_121511,1.3.46.670589.11.17169.5.0.8084.2011121508500512218.2,1.3.46.670589.11.17169.5.0.2192.2011121509462420673.2,/Users/estebanfelixmoran/Desktop/Purdue/Medical_Imaging/Datasets/Mouse_Astrocytoma_TCIA/Mouse-Astrocytoma-doiJNLP/mouse_astrocytoma/TVD_GBM_U87_4536_121511/218.2/673.2,success,1,
TVD_GBM_U87_1202143_021412,1.3.46.670589.11.17169.5.0.548.2012021409575487420.3,1.3.46.670589.11.17169.5.0.7588.2012021410522906582.3,/Users/estebanfelixmoran/Desktop/Purdue/Medical_Imaging/Datasets/Mouse_Astrocytoma_TCIA/Mouse-Astrocytoma-doiJNLP/mouse_astrocytoma/TVD_GBM_U87_1202143_021412/420.3/582.3,success,1,
TVD_GBM_U87_1202141_021412,1.3.46.670589.11.17169.5.0.548.2012021409575487420.1,1.3.46.670589.11.17169.5.0.5388.2012021412475089000.1,/Users/estebanfelixmoran/Desktop/Purdue/Medical_Imaging/Datasets/Mouse_Astrocytoma_TCIA/Mouse-Astrocytoma-doiJNLP/mouse_astrocytoma/TVD_GBM_U87_1202141_021412/420.1/000.1,success,1,
TVD_GBM_IC2_11311024_020111,1.3.46.670589.11.17169.5.0.2964.2011020109561014136.4,1.3.46.670589.11.17169.5.0.10748.2012020709125741000.4,/Users/estebanfelixmoran/Desktop/Purdue/Medical_Imaging/Datasets/Mouse_Astrocytoma_TCIA/Mouse-Astrocytoma-doiJNLP/mouse_astrocytoma/TVD_GBM_IC2_11311024_020111/136.4/000.4,success,1,
TVD_GBM_U87_1202795_022312,1.3.46.670589.11.17169.5.0.548.2012022309232575113.4,1.3.46.670589.11.17169.5.0.7588.2012022310353873693.4,/Users/estebanfelixmoran/Desktop/Purdue/Medical_Imaging/Datasets/Mouse_Astrocytoma_TCIA/Mouse-Astrocytoma-doiJNLP/mouse_astrocytoma/TVD_GBM_U87_1202795_022312/113.4/693.4,success,1,
TVD_GBM_IC2_11311059_021811,1.3.46.670589.11.17169.5.0.4584.2011021811534083539.1,1.3.46.670589.11.17169.5.0.4564.2011021813275085512.1,/Users/estebanfelixmoran/Desktop/Purdue/Medical_Imaging/Datasets/Mouse_Astrocytoma_TCIA/Mouse-Astrocytoma-doiJNLP/mouse_astrocytoma/TVD_GBM_IC2_11311059_021811/539.1/512.1,success,1,
TVD_GBM_IC2_11311059_021811,1.3.46.670589.11.17169.5.0.4584.2011021811534083539.1,1.3.46.670589.11.17169.5.0.9496.2012020611365541000.1,/Users/estebanfelixmoran/Desktop/Purdue/Medical_Imaging/Datasets/Mouse_Astrocytoma_TCIA/Mouse-Astrocytoma-doiJNLP/mouse_astrocytoma/TVD_GBM_IC2_11311059_021811/539.1/000.1,success,1,
TVD_GBM_IC2_11311082_021511,1.3.46.670589.11.17169.5.0.4584.2011021511013196216.4,1.3.46.670589.11.17169.5.0.4564.2011021512390881054.4,/Users/estebanfelixmoran/Desktop/Purdue/Medical_Imaging/Datasets/Mouse_Astrocytoma_TCIA/Mouse-Astrocytoma-doiJNLP/mouse_astrocytoma/TVD_GBM_IC2_11311082_021511/216.4/054.4,success,1,
TVD_GBM_U87_4494_121511,1.3.46.670589.11.17169.5.0.8084.2011121510142175228.2,1.3.46.670589.11.17169.5.0.9924.2012020709424963000.2,/Users/estebanfelixmoran/Desktop/Purdue/Medical_Imaging/Datasets/Mouse_Astrocytoma_TCIA/Mouse-Astrocytoma-doiJNLP/mouse_astrocytoma/TVD_GBM_U87_4494_121511/228.2/000.2,success,1,
TVD_GBM_IC2_11311061_021811,1.3.46.670589.11.17169.5.0.4584.2011021811534083539.2,1.3.46.670589.11.17169.5.0.4564.2011021812452733404.2,/Users/estebanfelixmoran/Desktop/Purdue/Medical_Imaging/Datasets/Mouse_Astrocytoma_TCIA/Mouse-Astrocytoma-doiJNLP/mouse_astrocytoma/TVD_GBM_IC2_11311061_021811/539.2/404.2,success,1,
TVD_GBM_IC2_11311061_021811,1.3.46.670589.11.17169.5.0.4584.2011021811534083539.2,1.3.46.670589.11.17169.5.0.4564.2011021813282453533.2,/Users/estebanfelixmoran/Desktop/Purdue/Medical_Imaging/Datasets/Mouse_Astrocytoma_TCIA/Mouse-Astrocytoma-doiJNLP/mouse_astrocytoma/TVD_GBM_IC2_11311061_021811/539.2/533.2,success,1,
TVD_GBM_U87_4536_121511,1.3.46.670589.11.17169.5.0.8084.2011121508500512218.2,1.3.46.670589.11.17169.5.0.2192.2011121510480334010.2,/Users/estebanfelixmoran/Desktop/Purdue/Medical_Imaging/Datasets/Mouse_Astrocytoma_TCIA/Mouse-Astrocytoma-doiJNLP/mouse_astrocytoma/TVD_GBM_U87_4536_121511/218.2/010.2,success,1,
TVD_GBM_U87_1202795_022312,1.3.46.670589.11.17169.5.0.548.2012022309232575113.4,1.3.46.670589.11.17169.5.0.7588.2012022310563684980.4,/Users/estebanfelixmoran/Desktop/Purdue/Medical_Imaging/Datasets/Mouse_Astrocytoma_TCIA/Mouse-Astrocytoma-doiJNLP/mouse_astrocytoma/TVD_GBM_U87_1202795_022312/113.4/980.4,success,1,
TVD_GBM_U87_1202254_021512,1.3.46.670589.11.17169.5.0.548.2012021510554459498.3,1.3.46.670589.11.17169.5.0.7588.2012021512543057321.3,/Users/estebanfelixmoran/Desktop/Purdue/Medical_Imaging/Datasets/Mouse_Astrocytoma_TCIA/Mouse-Astrocytoma-doiJNLP/mouse_astrocytoma/TVD_GBM_U87_1202254_021512/498.3/321.3,success,1,
TVD_GBM_IC2_11311021_020111,1.3.46.670589.11.17169.5.0.2964.2011020108354798122.3,1.3.46.670589.11.17169.5.0.5800.2011020109221331908.3,/Users/estebanfelixmoran/Desktop/Purdue/Medical_Imaging/Datasets/Mouse_Astrocytoma_TCIA/Mouse-Astrocytoma-doiJNLP/mouse_astrocytoma/TVD_GBM_IC2_11311021_020111/122.3/908.3,success,1,
TVD_GBM_IC2_11311014_021811,1.3.46.670589.11.17169.5.0.4584.2011021810251949513.3,1.3.46.670589.11.17169.5.0.4564.2011021811460863701.3,/Users/estebanfelixmoran/Desktop/Purdue/Medical_Imaging/Datasets/Mouse_Astrocytoma_TCIA/Mouse-Astrocytoma-doiJNLP/mouse_astrocytoma/TVD_GBM_IC2_11311014_021811/513.3/701.3,success,1,
TVD_GBM_IC2_11311045_022311,1.3.46.670589.11.17169.5.0.4584.2011022312420330645.2,1.3.46.670589.11.17169.5.0.4564.2011022314134221063.2,/Users/estebanfelixmoran/Desktop/Purdue/Medical_Imaging/Datasets/Mouse_Astrocytoma_TCIA/Mouse-Astrocytoma-doiJNLP/mouse_astrocytoma/TVD_GBM_IC2_11311045_022311/645.2/063.2,success,1,
TVD_GBM_U87_1202145_021412,1.3.46.670589.11.17169.5.0.548.2012021411421297446.1,1.3.46.670589.11.17169.5.0.7588.2012021413135606219.1,/Users/estebanfelixmoran/Desktop/Purdue/Medical_Imaging/Datasets/Mouse_Astrocytoma_TCIA/Mouse-Astrocytoma-doiJNLP/mouse_astrocytoma/TVD_GBM_U87_1202145_021412/446.1/219.1,success,1,
TVD_GBM_IC2_11311017_020811,1.3.46.670589.11.17169.5.0.3164.2011020810281157364.3,1.3.46.670589.11.17169.5.0.6148.2011020811590420777.3,/Users/estebanfelixmoran/Desktop/Purdue/Medical_Imaging/Datasets/Mouse_Astrocytoma_TCIA/Mouse-Astrocytoma-doiJNLP/mouse_astrocytoma/TVD_GBM_IC2_11311017_020811/364.3/777.3,success,1,
TVD_GBM_IC2_11311072_021811,1.3.46.670589.11.17169.5.0.4584.2011021813241574561.2,1.3.46.670589.11.17169.5.0.9400.2012020611480849000.2,/Users/estebanfelixmoran/Desktop/Purdue/Medical_Imaging/Datasets/Mouse_Astrocytoma_TCIA/Mouse-Astrocytoma-doiJNLP/mouse_astrocytoma/TVD_GBM_IC2_11311072_021811/561.2/000.2,success,1,
TVD_GBM_IC2_11311082_021511,1.3.46.670589.11.17169.5.0.4584.2011021511013196216.4,1.3.46.670589.11.17169.5.0.4564.2011021512305717015.4,/Users/estebanfelixmoran/Desktop/Purdue/Medical_Imaging/Datasets/Mouse_Astrocytoma_TCIA/Mouse-Astrocytoma-doiJNLP/mouse_astrocytoma/TVD_GBM_IC2_11311082_021511/216.4/015.4,success,1,
TVD_GBM_U87_1202254_021512,1.3.46.670589.11.17169.5.0.548.2012021510554459498.3,1.3.46.670589.11.17169.5.0.8768.2012021513152731000.3,/Users/estebanfelixmoran/Desktop/Purdue/Medical_Imaging/Datasets/Mouse_Astrocytoma_TCIA/Mouse-Astrocytoma-doiJNLP/mouse_astrocytoma/TVD_GBM_U87_1202254_021512/498.3/000.3,success,1,
TVD_GBM_U87_4535_121411,1.3.46.670589.11.17169.5.0.8084.2011121408484042048.2,1.3.46.670589.11.17169.5.0.2192.2011121409534775507.2,/Users/estebanfelixmoran/Desktop/Purdue/Medical_Imaging/Datasets/Mouse_Astrocytoma_TCIA/Mouse-Astrocytoma-doiJNLP/mouse_astrocytoma/TVD_GBM_U87_4535_121411/048.2/507.2,success,1,
TVD_GBM_U87_4593_121411,1.3.46.670589.11.17169.5.0.8084.2011121408484042048.1,1.3.46.670589.11.17169.5.0.2192.2011121410230351531.1,/Users/estebanfelixmoran/Desktop/Purdue/Medical_Imaging/Datasets/Mouse_Astrocytoma_TCIA/Mouse-Astrocytoma-doiJNLP/mouse_astrocytoma/TVD_GBM_U87_4593_121411/048.1/531.1,success,1,
TVD_GBM_IC2_11311022_020111,1.3.46.670589.11.17169.5.0.2964.2011020109561014136.3,1.3.46.670589.11.17169.5.0.5800.2011020111480776836.3,/Users/estebanfelixmoran/Desktop/Purdue/Medical_Imaging/Datasets/Mouse_Astrocytoma_TCIA/Mouse-Astrocytoma-doiJNLP/mouse_astrocytoma/TVD_GBM_IC2_11311022_020111/136.3/836.3,success,1,
TVD_GBM_IC2_11311070_021811,1.3.46.670589.11.17169.5.0.4584.2011021813241574561.1,1.3.46.670589.11.17169.5.0.4564.2011021814574974072.1,/Users/estebanfelixmoran/Desktop/Purdue/Medical_Imaging/Datasets/Mouse_Astrocytoma_TCIA/Mouse-Astrocytoma-doiJNLP/mouse_astrocytoma/TVD_GBM_IC2_11311070_021811/561.1/072.1,success,1,
TVD_GBM_IC2_11311023_020111,1.3.46.670589.11.17169.5.0.2964.2011020108354798122.4,1.3.46.670589.11.17169.5.0.5800.2011020109521098932.4,/Users/estebanfelixmoran/Desktop/Purdue/Medical_Imaging/Datasets/Mouse_Astrocytoma_TCIA/Mouse-Astrocytoma-doiJNLP/mouse_astrocytoma/TVD_GBM_IC2_11311023_020111/122.4/932.4,success,1,
TVD_GBM_IC2_11311022_020111,1.3.46.670589.11.17169.5.0.2964.2011020109561014136.3,1.3.46.670589.11.17169.5.0.5800.2011020111272084549.3,/Users/estebanfelixmoran/Desktop/Purdue/Medical_Imaging/Datasets/Mouse_Astrocytoma_TCIA/Mouse-Astrocytoma-doiJNLP/mouse_astrocytoma/TVD_GBM_IC2_11311022_020111/136.3/549.3,success,1,
TVD_GBM_IC1_070610_34,1.3.46.670589.11.17169.5.0.6060.2010100409431882673.1,1.3.46.670589.11.17169.5.0.5780.2010100411011110594.1,/Users/estebanfelixmoran/Desktop/Purdue/Medical_Imaging/Datasets/Mouse_Astrocytoma_TCIA/Mouse-Astrocytoma-doiJNLP/mouse_astrocytoma/TVD_GBM_IC1_070610_34/673.1/594.1,success,1,
TVD_GBM_IC1_070610_16_100110,1.3.46.670589.11.17169.5.0.6060.2010100109470843631.2,1.3.46.670589.11.17169.5.0.5780.2010100111263914038.2,/Users/estebanfelixmoran/Desktop/Purdue/Medical_Imaging/Datasets/Mouse_Astrocytoma_TCIA/Mouse-Astrocytoma-doiJNLP/mouse_astrocytoma/TVD_GBM_IC1_070610_16_100110/631.2/038.2,success,1,
TVD_GBM_IC2_11311004_020811,1.3.46.670589.11.17169.5.0.3164.2011020809040192350.2,1.3.46.670589.11.17169.5.0.6148.2011020810244329178.2,/Users/estebanfelixmoran/Desktop/Purdue/Medical_Imaging/Datasets/Mouse_Astrocytoma_TCIA/Mouse-Astrocytoma-doiJNLP/mouse_astrocytoma/TVD_GBM_IC2_11311004_020811/350.2/178.2,success,1,
TVD_GBM_U87_4534_121511,1.3.46.670589.11.17169.5.0.8084.2011121508500512218.1,1.3.46.670589.11.17169.5.0.2192.2011121510480334010.1,/Users/estebanfelixmoran/Desktop/Purdue/Medical_Imaging/Datasets/Mouse_Astrocytoma_TCIA/Mouse-Astrocytoma-doiJNLP/mouse_astrocytoma/TVD_GBM_U87_4534_121511/218.1/010.1,success,1,
TVD_GBM_U87_4494_121511,1.3.46.670589.11.17169.5.0.8084.2011121510142175228.2,1.3.46.670589.11.17169.5.0.2192.2011121511571031349.2,/Users/estebanfelixmoran/Desktop/Purdue/Medical_Imaging/Datasets/Mouse_Astrocytoma_TCIA/Mouse-Astrocytoma-doiJNLP/mouse_astrocytoma/TVD_GBM_U87_4494_121511/228.2/349.2,success,1,
TVD_GBM_IC1_070610_51_093010,1.3.46.670589.11.17169.5.0.6060.2010093011141718595.3,1.3.46.670589.11.17169.5.0.8704.2012020612500053000.3,/Users/estebanfelixmoran/Desktop/Purdue/Medical_Imaging/Datasets/Mouse_Astrocytoma_TCIA/Mouse-Astrocytoma-doiJNLP/mouse_astrocytoma/TVD_GBM_IC1_070610_51_093010/595.3/000.3,success,1,
TVD_GBM_IC1_070610_51_093010,1.3.46.670589.11.17169.5.0.6060.2010093011141718595.3,1.3.46.670589.11.17169.5.0.5780.2010093011505534428.3,/Users/estebanfelixmoran/Desktop/Purdue/Medical_Imaging/Datasets/Mouse_Astrocytoma_TCIA/Mouse-Astrocytoma-doiJNLP/mouse_astrocytoma/TVD_GBM_IC1_070610_51_093010/595.3/428.3,success,1,
TVD_GBM_U87_4534_121511,1.3.46.670589.11.17169.5.0.8084.2011121508500512218.1,1.3.46.670589.11.17169.5.0.2192.2011121510292490801.1,/Users/estebanfelixmoran/Desktop/Purdue/Medical_Imaging/Datasets/Mouse_Astrocytoma_TCIA/Mouse-Astrocytoma-doiJNLP/mouse_astrocytoma/TVD_GBM_U87_4534_121511/218.1/801.1,success,1,
TVD_GBM_IC2_11311070_021811,1.3.46.670589.11.17169.5.0.4584.2011021813241574561.1,1.3.46.670589.11.17169.5.0.9400.2012020611480849000.1,/Users/estebanfelixmoran/Desktop/Purdue/Medical_Imaging/Datasets/Mouse_Astrocytoma_TCIA/Mouse-Astrocytoma-doiJNLP/mouse_astrocytoma/TVD_GBM_IC2_11311070_021811/561.1/000.1,success,1,
TVD_GBM_U87_4494_121511,1.3.46.670589.11.17169.5.0.8084.2011121510142175228.2,1.3.46.670589.11.17169.5.0.2192.2011121511202206298.2,/Users/estebanfelixmoran/Desktop/Purdue/Medical_Imaging/Datasets/Mouse_Astrocytoma_TCIA/Mouse-Astrocytoma-doiJNLP/mouse_astrocytoma/TVD_GBM_U87_4494_121511/228.2/298.2,success,1,
TVD_GBM_U87_4540_121411,1.3.46.670589.11.17169.5.0.8084.2011121408484042048.3,1.3.46.670589.11.17169.5.0.2192.2011121410230351531.3,/Users/estebanfelixmoran/Desktop/Purdue/Medical_Imaging/Datasets/Mouse_Astrocytoma_TCIA/Mouse-Astrocytoma-doiJNLP/mouse_astrocytoma/TVD_GBM_U87_4540_121411/048.3/531.3,success,1,
TVD_GBM_U87_1202252_021512,1.3.46.670589.11.17169.5.0.548.2012021510554459498.1,1.3.46.670589.11.17169.5.0.7588.2012021512254482849.1,/Users/estebanfelixmoran/Desktop/Purdue/Medical_Imaging/Datasets/Mouse_Astrocytoma_TCIA/Mouse-Astrocytoma-doiJNLP/mouse_astrocytoma/TVD_GBM_U87_1202252_021512/498.1/849.1,success,1,
TVD_GBM_IC2_11311070_021811,1.3.46.670589.11.17169.5.0.4584.2011021813241574561.1,1.3.46.670589.11.17169.5.0.4564.2011021815165169302.1,/Users/estebanfelixmoran/Desktop/Purdue/Medical_Imaging/Datasets/Mouse_Astrocytoma_TCIA/Mouse-Astrocytoma-doiJNLP/mouse_astrocytoma/TVD_GBM_IC2_11311070_021811/561.1/302.1,success,1,
TVD_GBM_IC2_11311063_021811,1.3.46.670589.11.17169.5.0.4584.2011021811534083539.3,1.3.46.670589.11.17169.5.0.4564.2011021813282453533.3,/Users/estebanfelixmoran/Desktop/Purdue/Medical_Imaging/Datasets/Mouse_Astrocytoma_TCIA/Mouse-Astrocytoma-doiJNLP/mouse_astrocytoma/TVD_GBM_IC2_11311063_021811/539.3/533.3,success,1,
TVD_GBM_IC2_11311045_022311,1.3.46.670589.11.17169.5.0.4584.2011022312420330645.2,1.3.46.670589.11.17169.5.0.4564.2011022314114860986.2,/Users/estebanfelixmoran/Desktop/Purdue/Medical_Imaging/Datasets/Mouse_Astrocytoma_TCIA/Mouse-Astrocytoma-doiJNLP/mouse_astrocytoma/TVD_GBM_IC2_11311045_022311/645.2/986.2,success,1,
TVD_GBM_IC1_070610_22_093010,1.3.46.670589.11.17169.5.0.6060.2010093011141718595.1,1.3.46.670589.11.17169.5.0.5780.2010093011505534428.1,/Users/estebanfelixmoran/Desktop/Purdue/Medical_Imaging/Datasets/Mouse_Astrocytoma_TCIA/Mouse-Astrocytoma-doiJNLP/mouse_astrocytoma/TVD_GBM_IC1_070610_22_093010/595.1/428.1,success,1,
TVD_GBM_IC2_11311022_020111,1.3.46.670589.11.17169.5.0.2964.2011020109561014136.3,1.3.46.670589.11.17169.5.0.5800.2011020111293426627.3,/Users/estebanfelixmoran/Desktop/Purdue/Medical_Imaging/Datasets/Mouse_Astrocytoma_TCIA/Mouse-Astrocytoma-doiJNLP/mouse_astrocytoma/TVD_GBM_IC2_11311022_020111/136.3/627.3,success,1,
TVD_GBM_IC1_070610_22_093010,1.3.46.670589.11.17169.5.0.6060.2010093011141718595.1,1.3.46.670589.11.17169.5.0.5780.2010093011205775404.1,/Users/estebanfelixmoran/Desktop/Purdue/Medical_Imaging/Datasets/Mouse_Astrocytoma_TCIA/Mouse-Astrocytoma-doiJNLP/mouse_astrocytoma/TVD_GBM_IC1_070610_22_093010/595.1/404.1,success,1,
TVD_GBM_IC2_11311063_021811,1.3.46.670589.11.17169.5.0.4584.2011021811534083539.3,1.3.46.670589.11.17169.5.0.4564.2011021813275085512.3,/Users/estebanfelixmoran/Desktop/Purdue/Medical_Imaging/Datasets/Mouse_Astrocytoma_TCIA/Mouse-Astrocytoma-doiJNLP/mouse_astrocytoma/TVD_GBM_IC2_11311063_021811/539.3/512.3,success,1,
TVD_GBM_IC2_11311010_021511,1.3.46.670589.11.17169.5.0.4584.2011021511013196216.1,1.3.46.670589.11.17169.5.0.4564.2011021511582801965.1,/Users/estebanfelixmoran/Desktop/Purdue/Medical_Imaging/Datasets/Mouse_Astrocytoma_TCIA/Mouse-Astrocytoma-doiJNLP/mouse_astrocytoma/TVD_GBM_IC2_11311010_021511/216.1/965.1,success,1,
TVD_GBM_IC2_11311011_021511,1.3.46.670589.11.17169.5.0.4584.2011021511013196216.2,1.3.46.670589.11.17169.5.0.4564.2011021512390881054.2,/Users/estebanfelixmoran/Desktop/Purdue/Medical_Imaging/Datasets/Mouse_Astrocytoma_TCIA/Mouse-Astrocytoma-doiJNLP/mouse_astrocytoma/TVD_GBM_IC2_11311011_021511/216.2/054.2,success,1,
TVD_GBM_U87_4534_121511,1.3.46.670589.11.17169.5.0.8084.2011121508500512218.1,1.3.46.670589.11.17169.5.0.2192.2011121510231220724.1,/Users/estebanfelixmoran/Desktop/Purdue/Medical_Imaging/Datasets/Mouse_Astrocytoma_TCIA/Mouse-Astrocytoma-doiJNLP/mouse_astrocytoma/TVD_GBM_U87_4534_121511/218.1/724.1,success,1,
TVD_GBM_U87_4534_121511,1.3.46.670589.11.17169.5.0.8084.2011121508500512218.1,1.3.46.670589.11.17169.5.0.2192.2011121509462420673.1,/Users/estebanfelixmoran/Desktop/Purdue/Medical_Imaging/Datasets/Mouse_Astrocytoma_TCIA/Mouse-Astrocytoma-doiJNLP/mouse_astrocytoma/TVD_GBM_U87_4534_121511/218.1/673.1,success,1,
TVD_GBM_U87_1202143_021412,1.3.46.670589.11.17169.5.0.548.2012021409575487420.3,1.3.46.670589.11.17169.5.0.7588.2012021411304595743.3,/Users/estebanfelixmoran/Desktop/Purdue/Medical_Imaging/Datasets/Mouse_Astrocytoma_TCIA/Mouse-Astrocytoma-doiJNLP/mouse_astrocytoma/TVD_GBM_U87_1202143_021412/420.3/743.3,success,1,
TVD_GBM_U87_1202141_021412,1.3.46.670589.11.17169.5.0.548.2012021409575487420.1,1.3.46.670589.11.17169.5.0.7588.2012021411291722633.1,/Users/estebanfelixmoran/Desktop/Purdue/Medical_Imaging/Datasets/Mouse_Astrocytoma_TCIA/Mouse-Astrocytoma-doiJNLP/mouse_astrocytoma/TVD_GBM_U87_1202141_021412/420.1/633.1,success,1,
TVD_GBM_U87_4535_121411,1.3.46.670589.11.17169.5.0.8084.2011121408484042048.2,1.3.46.670589.11.17169.5.0.9228.2012020711303743000.2,/Users/estebanfelixmoran/Desktop/Purdue/Medical_Imaging/Datasets/Mouse_Astrocytoma_TCIA/Mouse-Astrocytoma-doiJNLP/mouse_astrocytoma/TVD_GBM_U87_4535_121411/048.2/000.2,success,1,
TVD_GBM_U87_4540_121411,1.3.46.670589.11.17169.5.0.8084.2011121408484042048.3,1.3.46.670589.11.17169.5.0.9228.2012020711303743000.3,/Users/estebanfelixmoran/Desktop/Purdue/Medical_Imaging/Datasets/Mouse_Astrocytoma_TCIA/Mouse-Astrocytoma-doiJNLP/mouse_astrocytoma/TVD_GBM_U87_4540_121411/048.3/000.3,success,1,
TVD_GBM_U87_1202795_022312,1.3.46.670589.11.17169.5.0.548.2012022309232575113.4,1.3.46.670589.11.17169.5.0.7588.2012022309584643642.4,/Users/estebanfelixmoran/Desktop/Purdue/Medical_Imaging/Datasets/Mouse_Astrocytoma_TCIA/Mouse-Astrocytoma-doiJNLP/mouse_astrocytoma/TVD_GBM_U87_1202795_022312/113.4/642.4,success,1,
TVD_GBM_U87_1202253_021512,1.3.46.670589.11.17169.5.0.548.2012021510554459498.2,1.3.46.670589.11.17169.5.0.7588.2012021512543057321.2,/Users/estebanfelixmoran/Desktop/Purdue/Medical_Imaging/Datasets/Mouse_Astrocytoma_TCIA/Mouse-Astrocytoma-doiJNLP/mouse_astrocytoma/TVD_GBM_U87_1202253_021512/498.2/321.2,success,1,
TVD_GBM_U87_4535_121411,1.3.46.670589.11.17169.5.0.8084.2011121408484042048.2,1.3.46.670589.11.17169.5.0.2192.2011121410230351531.2,/Users/estebanfelixmoran/Desktop/Purdue/Medical_Imaging/Datasets/Mouse_Astrocytoma_TCIA/Mouse-Astrocytoma-doiJNLP/mouse_astrocytoma/TVD_GBM_U87_4535_121411/048.2/531.2,success,1,
TVD_GBM_U87_4535_121411,1.3.46.670589.11.17169.5.0.8084.2011121408484042048.2,1.3.46.670589.11.17169.5.0.2192.2011121410342762635.2,/Users/estebanfelixmoran/Desktop/Purdue/Medical_Imaging/Datasets/Mouse_Astrocytoma_TCIA/Mouse-Astrocytoma-doiJNLP/mouse_astrocytoma/TVD_GBM_U87_4535_121411/048.2/635.2,success,1,
TVD_GBM_IC2_11311008_020111,1.3.46.670589.11.17169.5.0.2964.2011020109561014136.2,1.3.46.670589.11.17169.5.0.5800.2011020111194384522.2,/Users/estebanfelixmoran/Desktop/Purdue/Medical_Imaging/Datasets/Mouse_Astrocytoma_TCIA/Mouse-Astrocytoma-doiJNLP/mouse_astrocytoma/TVD_GBM_IC2_11311008_020111/136.2/522.2,success,1,
TVD_GBM_IC2_11311019_020811,1.3.46.670589.11.17169.5.0.3164.2011020810281157364.4,1.3.46.670589.11.17169.5.0.6148.2011020811491521699.4,/Users/estebanfelixmoran/Desktop/Purdue/Medical_Imaging/Datasets/Mouse_Astrocytoma_TCIA/Mouse-Astrocytoma-doiJNLP/mouse_astrocytoma/TVD_GBM_IC2_11311019_020811/364.4/699.4,success,1,
TVD_GBM_U87_1202141_021412,1.3.46.670589.11.17169.5.0.548.2012021409575487420.1,1.3.46.670589.11.17169.5.0.7588.2012021411214051607.1,/Users/estebanfelixmoran/Desktop/Purdue/Medical_Imaging/Datasets/Mouse_Astrocytoma_TCIA/Mouse-Astrocytoma-doiJNLP/mouse_astrocytoma/TVD_GBM_U87_1202141_021412/420.1/607.1,success,1,
TVD_GBM_IC1_070610_34,1.3.46.670589.11.17169.5.0.6060.2010100409431882673.1,1.3.46.670589.11.17169.5.0.9016.2012020616452439000.1,/Users/estebanfelixmoran/Desktop/Purdue/Medical_Imaging/Datasets/Mouse_Astrocytoma_TCIA/Mouse-Astrocytoma-doiJNLP/mouse_astrocytoma/TVD_GBM_IC1_070610_34/673.1/000.1,success,1,
TVD_GBM_IC1_070610_19,1.3.46.670589.11.17169.5.0.6060.2010092709381189369.3,1.3.46.670589.11.17169.5.0.5780.2010092712020389349.3,/Users/estebanfelixmoran/Desktop/Purdue/Medical_Imaging/Datasets/Mouse_Astrocytoma_TCIA/Mouse-Astrocytoma-doiJNLP/mouse_astrocytoma/TVD_GBM_IC1_070610_19/369.3/349.3,success,1,
TVD_GBM_U87_1202144_021412,1.3.46.670589.11.17169.5.0.548.2012021409575487420.4,1.3.46.670589.11.17169.5.0.7588.2012021411491925952.4,/Users/estebanfelixmoran/Desktop/Purdue/Medical_Imaging/Datasets/Mouse_Astrocytoma_TCIA/Mouse-Astrocytoma-doiJNLP/mouse_astrocytoma/TVD_GBM_U87_1202144_021412/420.4/952.4,success,1,
TVD_GBM_IC2_11311024_020111,1.3.46.670589.11.17169.5.0.2964.2011020109561014136.4,1.3.46.670589.11.17169.5.0.5800.2011020111293426627.4,/Users/estebanfelixmoran/Desktop/Purdue/Medical_Imaging/Datasets/Mouse_Astrocytoma_TCIA/Mouse-Astrocytoma-doiJNLP/mouse_astrocytoma/TVD_GBM_IC2_11311024_020111/136.4/627.4,success,1,
TVD_GBM_IC2_11311008_020111,1.3.46.670589.11.17169.5.0.2964.2011020109561014136.2,1.3.46.670589.11.17169.5.0.5800.2011020111272084549.2,/Users/estebanfelixmoran/Desktop/Purdue/Medical_Imaging/Datasets/Mouse_Astrocytoma_TCIA/Mouse-Astrocytoma-doiJNLP/mouse_astrocytoma/TVD_GBM_IC2_11311008_020111/136.2/549.2,success,1,
TVD_GBM_IC2_11311013_020811,1.3.46.670589.11.17169.5.0.3164.2011020809040192350.3,1.3.46.670589.11.17169.5.0.6148.2011020810163662113.3,/Users/estebanfelixmoran/Desktop/Purdue/Medical_Imaging/Datasets/Mouse_Astrocytoma_TCIA/Mouse-Astrocytoma-doiJNLP/mouse_astrocytoma/TVD_GBM_IC2_11311013_020811/350.3/113.3,success,1,
TVD_GBM_U87_4541_121411,1.3.46.670589.11.17169.5.0.8084.2011121408484042048.4,1.3.46.670589.11.17169.5.0.9228.2012020711303743000.4,/Users/estebanfelixmoran/Desktop/Purdue/Medical_Imaging/Datasets/Mouse_Astrocytoma_TCIA/Mouse-Astrocytoma-doiJNLP/mouse_astrocytoma/TVD_GBM_U87_4541_121411/048.4/000.4,success,1,
TVD_GBM_IC2_11311061_021811,1.3.46.670589.11.17169.5.0.4584.2011021811534083539.2,1.3.46.670589.11.17169.5.0.4564.2011021813465799742.2,/Users/estebanfelixmoran/Desktop/Purdue/Medical_Imaging/Datasets/Mouse_Astrocytoma_TCIA/Mouse-Astrocytoma-doiJNLP/mouse_astrocytoma/TVD_GBM_IC2_11311061_021811/539.2/742.2,success,1,
TVD_GBM_U87_1202252_021512,1.3.46.670589.11.17169.5.0.548.2012021510554459498.1,1.3.46.670589.11.17169.5.0.7588.2012021512355711112.1,/Users/estebanfelixmoran/Desktop/Purdue/Medical_Imaging/Datasets/Mouse_Astrocytoma_TCIA/Mouse-Astrocytoma-doiJNLP/mouse_astrocytoma/TVD_GBM_U87_1202252_021512/498.1/112.1,success,1,
TVD_GBM_IC1_070610_51_093010,1.3.46.670589.11.17169.5.0.6060.2010093011141718595.3,1.3.46.670589.11.17169.5.0.5780.2010093011205775404.3,/Users/estebanfelixmoran/Desktop/Purdue/Medical_Imaging/Datasets/Mouse_Astrocytoma_TCIA/Mouse-Astrocytoma-doiJNLP/mouse_astrocytoma/TVD_GBM_IC1_070610_51_093010/595.3/404.3,success,1,
TVD_GBM_IC1_070610_19,1.3.46.670589.11.17169.5.0.6060.2010092709381189369.3,1.3.46.670589.11.17169.5.0.5780.2010092712373179693.3,/Users/estebanfelixmoran/Desktop/Purdue/Medical_Imaging/Datasets/Mouse_Astrocytoma_TCIA/Mouse-Astrocytoma-doiJNLP/mouse_astrocytoma/TVD_GBM_IC1_070610_19/369.3/693.3,success,1,
TVD_GBM_IC2_11311008_020111,1.3.46.670589.11.17169.5.0.2964.2011020109561014136.2,1.3.46.670589.11.17169.5.0.10748.2012020709125741000.2,/Users/estebanfelixmoran/Desktop/Purdue/Medical_Imaging/Datasets/Mouse_Astrocytoma_TCIA/Mouse-Astrocytoma-doiJNLP/mouse_astrocytoma/TVD_GBM_IC2_11311008_020111/136.2/000.2,success,1,
TVD_GBM_U87_1202143_021412,1.3.46.670589.11.17169.5.0.548.2012021409575487420.3,1.3.46.670589.11.17169.5.0.5388.2012021412475089000.3,/Users/estebanfelixmoran/Desktop/Purdue/Medical_Imaging/Datasets/Mouse_Astrocytoma_TCIA/Mouse-Astrocytoma-doiJNLP/mouse_astrocytoma/TVD_GBM_U87_1202143_021412/420.3/000.3,success,1,
TVD_GBM_IC2_11311024_020111,1.3.46.670589.11.17169.5.0.2964.2011020109561014136.4,1.3.46.670589.11.17169.5.0.5800.2011020110494625498.4,/Users/estebanfelixmoran/Desktop/Purdue/Medical_Imaging/Datasets/Mouse_Astrocytoma_TCIA/Mouse-Astrocytoma-doiJNLP/mouse_astrocytoma/TVD_GBM_IC2_11311024_020111/136.4/498.4,success,1,
TVD_GBM_IC1_070610_34,1.3.46.670589.11.17169.5.0.6060.2010100409431882673.1,1.3.46.670589.11.17169.5.0.5780.2010100411292239907.1,/Users/estebanfelixmoran/Desktop/Purdue/Medical_Imaging/Datasets/Mouse_Astrocytoma_TCIA/Mouse-Astrocytoma-doiJNLP/mouse_astrocytoma/TVD_GBM_IC1_070610_34/673.1/907.1,success,1,
TVD_GBM_IC2_11311059_021811,1.3.46.670589.11.17169.5.0.4584.2011021811534083539.1,1.3.46.670589.11.17169.5.0.4564.2011021813465799742.1,/Users/estebanfelixmoran/Desktop/Purdue/Medical_Imaging/Datasets/Mouse_Astrocytoma_TCIA/Mouse-Astrocytoma-doiJNLP/mouse_astrocytoma/TVD_GBM_IC2_11311059_021811/539.1/742.1,success,1,
TVD_GBM_IC2_11311002_020811,1.3.46.670589.11.17169.5.0.3164.2011020809040192350.1,1.3.46.670589.11.17169.5.0.6148.2011020810431689426.1,/Users/estebanfelixmoran/Desktop/Purdue/Medical_Imaging/Datasets/Mouse_Astrocytoma_TCIA/Mouse-Astrocytoma-doiJNLP/mouse_astrocytoma/TVD_GBM_IC2_11311002_020811/350.1/426.1,success,1,
TVD_GBM_IC2_11311002_020811,1.3.46.670589.11.17169.5.0.3164.2011020809040192350.1,1.3.46.670589.11.17169.5.0.6148.2011020810241335140.1,/Users/estebanfelixmoran/Desktop/Purdue/Medical_Imaging/Datasets/Mouse_Astrocytoma_TCIA/Mouse-Astrocytoma-doiJNLP/mouse_astrocytoma/TVD_GBM_IC2_11311002_020811/350.1/140.1,success,1,
TVD_GBM_IC2_11311017_020811,1.3.46.670589.11.17169.5.0.3164.2011020810281157364.3,1.3.46.670589.11.17169.5.0.2484.2012020611103543000.3,/Users/estebanfelixmoran/Desktop/Purdue/Medical_Imaging/Datasets/Mouse_Astrocytoma_TCIA/Mouse-Astrocytoma-doiJNLP/mouse_astrocytoma/TVD_GBM_IC2_11311017_020811/364.3/000.3,success,1,
TVD_GBM_IC2_11311070_021811,1.3.46.670589.11.17169.5.0.4584.2011021813241574561.1,1.3.46.670589.11.17169.5.0.4564.2011021814581832093.1,/Users/estebanfelixmoran/Desktop/Purdue/Medical_Imaging/Datasets/Mouse_Astrocytoma_TCIA/Mouse-Astrocytoma-doiJNLP/mouse_astrocytoma/TVD_GBM_IC2_11311070_021811/561.1/093.1,success,1,
TVD_GBM_IC2_11311008_020111,1.3.46.670589.11.17169.5.0.2964.2011020109561014136.2,1.3.46.670589.11.17169.5.0.5800.2011020111293426627.2,/Users/estebanfelixmoran/Desktop/Purdue/Medical_Imaging/Datasets/Mouse_Astrocytoma_TCIA/Mouse-Astrocytoma-doiJNLP/mouse_astrocytoma/TVD_GBM_IC2_11311008_020111/136.2/627.2,success,1,
TVD_GBM_IC2_11311020_020811,1.3.46.670589.11.17169.5.0.3164.2011020809040192350.4,1.3.46.670589.11.17169.5.0.6148.2011020810163662113.4,/Users/estebanfelixmoran/Desktop/Purdue/Medical_Imaging/Datasets/Mouse_Astrocytoma_TCIA/Mouse-Astrocytoma-doiJNLP/mouse_astrocytoma/TVD_GBM_IC2_11311020_020811/350.4/113.4,success,1,
TVD_GBM_IC2_11311002_020811,1.3.46.670589.11.17169.5.0.3164.2011020809040192350.1,1.3.46.670589.11.17169.5.0.6148.2011020810244329178.1,/Users/estebanfelixmoran/Desktop/Purdue/Medical_Imaging/Datasets/Mouse_Astrocytoma_TCIA/Mouse-Astrocytoma-doiJNLP/mouse_astrocytoma/TVD_GBM_IC2_11311002_020811/350.1/178.1,success,1,
TVD_GBM_IC2_11311011_021511,1.3.46.670589.11.17169.5.0.4584.2011021511013196216.2,1.3.46.670589.11.17169.5.0.4564.2011021512305717015.2,/Users/estebanfelixmoran/Desktop/Purdue/Medical_Imaging/Datasets/Mouse_Astrocytoma_TCIA/Mouse-Astrocytoma-doiJNLP/mouse_astrocytoma/TVD_GBM_IC2_11311011_021511/216.2/015.2,success,1,
TVD_GBM_U87_4493_121511,1.3.46.670589.11.17169.5.0.8084.2011121510142175228.1,1.3.46.670589.11.17169.5.0.2192.2011121511574007387.1,/Users/estebanfelixmoran/Desktop/Purdue/Medical_Imaging/Datasets/Mouse_Astrocytoma_TCIA/Mouse-Astrocytoma-doiJNLP/mouse_astrocytoma/TVD_GBM_U87_4493_121511/228.1/387.1,success,1,
TVD_GBM_IC2_11311045_022311,1.3.46.670589.11.17169.5.0.4584.2011022312420330645.2,1.3.46.670589.11.17169.5.0.4564.2011022313341397935.2,/Users/estebanfelixmoran/Desktop/Purdue/Medical_Imaging/Datasets/Mouse_Astrocytoma_TCIA/Mouse-Astrocytoma-doiJNLP/mouse_astrocytoma/TVD_GBM_IC2_11311045_022311/645.2/935.2,success,1,
TVD_GBM_IC2_11311045_022311,1.3.46.670589.11.17169.5.0.4584.2011022312420330645.2,1.3.46.670589.11.17169.5.0.4564.2011022314321557272.2,/Users/estebanfelixmoran/Desktop/Purdue/Medical_Imaging/Datasets/Mouse_Astrocytoma_TCIA/Mouse-Astrocytoma-doiJNLP/mouse_astrocytoma/TVD_GBM_IC2_11311045_022311/645.2/272.2,success,1,
TVD_GBM_IC2_11311082_021511,1.3.46.670589.11.17169.5.0.4584.2011021511013196216.4,1.3.46.670589.11.17169.5.0.10364.2012020709270748000.4,/Users/estebanfelixmoran/Desktop/Purdue/Medical_Imaging/Datasets/Mouse_Astrocytoma_TCIA/Mouse-Astrocytoma-doiJNLP/mouse_astrocytoma/TVD_GBM_IC2_11311082_021511/216.4/000.4,success,1,
TVD_GBM_U87_4534_121511,1.3.46.670589.11.17169.5.0.8084.2011121508500512218.1,1.3.46.670589.11.17169.5.0.2192.2011121510153548697.1,/Users/estebanfelixmoran/Desktop/Purdue/Medical_Imaging/Datasets/Mouse_Astrocytoma_TCIA/Mouse-Astrocytoma-doiJNLP/mouse_astrocytoma/TVD_GBM_U87_4534_121511/218.1/697.1,success,1,
TVD_GBM_U87_4538_121511,1.3.46.670589.11.17169.5.0.8084.2011121508500512218.4,1.3.46.670589.11.17169.5.0.2192.2011121510153548697.4,/Users/estebanfelixmoran/Desktop/Purdue/Medical_Imaging/Datasets/Mouse_Astrocytoma_TCIA/Mouse-Astrocytoma-doiJNLP/mouse_astrocytoma/TVD_GBM_U87_4538_121511/218.4/697.4,success,1,
TVD_GBM_U87_1202255_021512,1.3.46.670589.11.17169.5.0.548.2012021510554459498.4,1.3.46.670589.11.17169.5.0.7588.2012021512543057321.4,/Users/estebanfelixmoran/Desktop/Purdue/Medical_Imaging/Datasets/Mouse_Astrocytoma_TCIA/Mouse-Astrocytoma-doiJNLP/mouse_astrocytoma/TVD_GBM_U87_1202255_021512/498.4/321.4,success,1,
TVD_GBM_IC2_11311010_021511,1.3.46.670589.11.17169.5.0.4584.2011021511013196216.1,1.3.46.670589.11.17169.5.0.4564.2011021512305717015.1,/Users/estebanfelixmoran/Desktop/Purdue/Medical_Imaging/Datasets/Mouse_Astrocytoma_TCIA/Mouse-Astrocytoma-doiJNLP/mouse_astrocytoma/TVD_GBM_IC2_11311010_021511/216.1/015.1,success,1,
TVD_GBM_IC1_070610_19,1.3.46.670589.11.17169.5.0.6060.2010092709381189369.3,1.3.46.670589.11.17169.5.0.5780.2010092712094570350.3,/Users/estebanfelixmoran/Desktop/Purdue/Medical_Imaging/Datasets/Mouse_Astrocytoma_TCIA/Mouse-Astrocytoma-doiJNLP/mouse_astrocytoma/TVD_GBM_IC1_070610_19/369.3/350.3,success,1,
TVD_GBM_U87_1202255_021512,1.3.46.670589.11.17169.5.0.548.2012021510554459498.4,1.3.46.670589.11.17169.5.0.8768.2012021513152731000.4,/Users/estebanfelixmoran/Desktop/Purdue/Medical_Imaging/Datasets/Mouse_Astrocytoma_TCIA/Mouse-Astrocytoma-doiJNLP/mouse_astrocytoma/TVD_GBM_U87_1202255_021512/498.4/000.4,success,1,
TVD_GBM_U87_4541_121411,1.3.46.670589.11.17169.5.0.8084.2011121408484042048.4,1.3.46.670589.11.17169.5.0.2192.2011121410530620844.4,/Users/estebanfelixmoran/Desktop/Purdue/Medical_Imaging/Datasets/Mouse_Astrocytoma_TCIA/Mouse-Astrocytoma-doiJNLP/mouse_astrocytoma/TVD_GBM_U87_4541_121411/048.4/844.4,success,1,
TVD_GBM_IC2_11311072_021811,1.3.46.670589.11.17169.5.0.4584.2011021813241574561.2,1.3.46.670589.11.17169.5.0.4564.2011021814574974072.2,/Users/estebanfelixmoran/Desktop/Purdue/Medical_Imaging/Datasets/Mouse_Astrocytoma_TCIA/Mouse-Astrocytoma-doiJNLP/mouse_astrocytoma/TVD_GBM_IC2_11311072_021811/561.2/072.2,success,1,
TVD_GBM_U87_1202255_021512,1.3.46.670589.11.17169.5.0.548.2012021510554459498.4,1.3.46.670589.11.17169.5.0.7588.2012021512332107906.4,/Users/estebanfelixmoran/Desktop/Purdue/Medical_Imaging/Datasets/Mouse_Astrocytoma_TCIA/Mouse-Astrocytoma-doiJNLP/mouse_astrocytoma/TVD_GBM_U87_1202255_021512/498.4/906.4,success,1,
TVD_GBM_IC2_11311019_020811,1.3.46.670589.11.17169.5.0.3164.2011020810281157364.4,1.3.46.670589.11.17169.5.0.6148.2011020811590420777.4,/Users/estebanfelixmoran/Desktop/Purdue/Medical_Imaging/Datasets/Mouse_Astrocytoma_TCIA/Mouse-Astrocytoma-doiJNLP/mouse_astrocytoma/TVD_GBM_IC2_11311019_020811/364.4/777.4,success,1,
TVD_GBM_IC1_070610_33_100110,1.3.46.670589.11.17169.5.0.6060.2010100109470843631.4,1.3.46.670589.11.17169.5.0.5780.2010100111263914038.4,/Users/estebanfelixmoran/Desktop/Purdue/Medical_Imaging/Datasets/Mouse_Astrocytoma_TCIA/Mouse-Astrocytoma-doiJNLP/mouse_astrocytoma/TVD_GBM_IC1_070610_33_100110/631.4/038.4,success,1,
TVD_GBM_U87_4593_121411,1.3.46.670589.11.17169.5.0.8084.2011121408484042048.1,1.3.46.670589.11.17169.5.0.2192.2011121409534775507.1,/Users/estebanfelixmoran/Desktop/Purdue/Medical_Imaging/Datasets/Mouse_Astrocytoma_TCIA/Mouse-Astrocytoma-doiJNLP/mouse_astrocytoma/TVD_GBM_U87_4593_121411/048.1/507.1,success,1,
TVD_GBM_IC2_11311019_020811,1.3.46.670589.11.17169.5.0.3164.2011020810281157364.4,1.3.46.670589.11.17169.5.0.6148.2011020811583112756.4,/Users/estebanfelixmoran/Desktop/Purdue/Medical_Imaging/Datasets/Mouse_Astrocytoma_TCIA/Mouse-Astrocytoma-doiJNLP/mouse_astrocytoma/TVD_GBM_IC2_11311019_020811/364.4/756.4,success,1,
TVD_GBM_U87_1202445_022112,1.3.46.670589.11.17169.5.0.548.2012022109060329918.2,1.3.46.670589.11.17169.5.0.9584.2012022111052173000.2,/Users/estebanfelixmoran/Desktop/Purdue/Medical_Imaging/Datasets/Mouse_Astrocytoma_TCIA/Mouse-Astrocytoma-doiJNLP/mouse_astrocytoma/TVD_GBM_U87_1202445_022112/918.2/000.2,success,1,
TVD_GBM_U87_4593_121411,1.3.46.670589.11.17169.5.0.8084.2011121408484042048.1,1.3.46.670589.11.17169.5.0.2192.2011121410304015558.1,/Users/estebanfelixmoran/Desktop/Purdue/Medical_Imaging/Datasets/Mouse_Astrocytoma_TCIA/Mouse-Astrocytoma-doiJNLP/mouse_astrocytoma/TVD_GBM_U87_4593_121411/048.1/558.1,success,1,
TVD_GBM_IC2_11311059_021811,1.3.46.670589.11.17169.5.0.4584.2011021811534083539.1,1.3.46.670589.11.17169.5.0.9848.2012020611433050000.1,/Users/estebanfelixmoran/Desktop/Purdue/Medical_Imaging/Datasets/Mouse_Astrocytoma_TCIA/Mouse-Astrocytoma-doiJNLP/mouse_astrocytoma/TVD_GBM_IC2_11311059_021811/539.1/000.1,success,0,Manifest UID absent from local headers; download path collides with another manifest row
TVD_GBM_U87_1202444_022112,1.3.46.670589.11.17169.5.0.548.2012022109060329918.1,1.3.46.670589.11.17169.5.0.7588.2012022110283515265.1,/Users/estebanfelixmoran/Desktop/Purdue/Medical_Imaging/Datasets/Mouse_Astrocytoma_TCIA/Mouse-Astrocytoma-doiJNLP/mouse_astrocytoma/TVD_GBM_U87_1202444_022112/918.1/265.1,success,1,
TVD_GBM_U87_4540_121411,1.3.46.670589.11.17169.5.0.8084.2011121408484042048.3,1.3.46.670589.11.17169.5.0.2192.2011121410304015558.3,/Users/estebanfelixmoran/Desktop/Purdue/Medical_Imaging/Datasets/Mouse_Astrocytoma_TCIA/Mouse-Astrocytoma-doiJNLP/mouse_astrocytoma/TVD_GBM_U87_4540_121411/048.3/558.3,success,1,
TVD_GBM_U87_1202255_021512,1.3.46.670589.11.17169.5.0.548.2012021510554459498.4,1.3.46.670589.11.17169.5.0.7588.2012021511485671798.4,/Users/estebanfelixmoran/Desktop/Purdue/Medical_Imaging/Datasets/Mouse_Astrocytoma_TCIA/Mouse-Astrocytoma-doiJNLP/mouse_astrocytoma/TVD_GBM_U87_1202255_021512/498.4/798.4,success,1,
TVD_GBM_IC2_11311008_020111,1.3.46.670589.11.17169.5.0.2964.2011020109561014136.2,1.3.46.670589.11.17169.5.0.5800.2011020110494625498.2,/Users/estebanfelixmoran/Desktop/Purdue/Medical_Imaging/Datasets/Mouse_Astrocytoma_TCIA/Mouse-Astrocytoma-doiJNLP/mouse_astrocytoma/TVD_GBM_IC2_11311008_020111/136.2/498.2,success,1,
TVD_GBM_IC2_11311013_020811,1.3.46.670589.11.17169.5.0.3164.2011020809040192350.3,1.3.46.670589.11.17169.5.0.6148.2011020810244329178.3,/Users/estebanfelixmoran/Desktop/Purdue/Medical_Imaging/Datasets/Mouse_Astrocytoma_TCIA/Mouse-Astrocytoma-doiJNLP/mouse_astrocytoma/TVD_GBM_IC2_11311013_020811/350.3/178.3,success,1,
TVD_GBM_IC2_11311072_021811,1.3.46.670589.11.17169.5.0.4584.2011021813241574561.2,1.3.46.670589.11.17169.5.0.4564.2011021814190958965.2,/Users/estebanfelixmoran/Desktop/Purdue/Medical_Imaging/Datasets/Mouse_Astrocytoma_TCIA/Mouse-Astrocytoma-doiJNLP/mouse_astrocytoma/TVD_GBM_IC2_11311072_021811/561.2/965.2,success,1,
TVD_GBM_IC2_11311072_021811,1.3.46.670589.11.17169.5.0.4584.2011021813241574561.2,1.3.46.670589.11.17169.5.0.4564.2011021814490747990.2,/Users/estebanfelixmoran/Desktop/Purdue/Medical_Imaging/Datasets/Mouse_Astrocytoma_TCIA/Mouse-Astrocytoma-doiJNLP/mouse_astrocytoma/TVD_GBM_IC2_11311072_021811/561.2/990.2,success,1,
TVD_GBM_IC2_11311045_022311,1.3.46.670589.11.17169.5.0.4584.2011022312420330645.2,1.3.46.670589.11.17169.5.0.4564.2011022314041191960.2,/Users/estebanfelixmoran/Desktop/Purdue/Medical_Imaging/Datasets/Mouse_Astrocytoma_TCIA/Mouse-Astrocytoma-doiJNLP/mouse_astrocytoma/TVD_GBM_IC2_11311045_022311/645.2/960.2,success,1,
TVD_GBM_U87_1202445_022112,1.3.46.670589.11.17169.5.0.548.2012022109060329918.2,1.3.46.670589.11.17169.5.0.7588.2012022110361184292.2,/Users/estebanfelixmoran/Desktop/Purdue/Medical_Imaging/Datasets/Mouse_Astrocytoma_TCIA/Mouse-Astrocytoma-doiJNLP/mouse_astrocytoma/TVD_GBM_U87_1202445_022112/918.2/292.2,success,1,
TVD_GBM_U87_1202795_022312,1.3.46.670589.11.17169.5.0.548.2012022309232575113.4,1.3.46.670589.11.17169.5.0.10288.2012022311443271000.4,/Users/estebanfelixmoran/Desktop/Purdue/Medical_Imaging/Datasets/Mouse_Astrocytoma_TCIA/Mouse-Astrocytoma-doiJNLP/mouse_astrocytoma/TVD_GBM_U87_1202795_022312/113.4/000.4,success,1,
TVD_GBM_IC1_070610_22_093010,1.3.46.670589.11.17169.5.0.6060.2010093011141718595.1,1.3.46.670589.11.17169.5.0.5780.2010093012184476741.1,/Users/estebanfelixmoran/Desktop/Purdue/Medical_Imaging/Datasets/Mouse_Astrocytoma_TCIA/Mouse-Astrocytoma-doiJNLP/mouse_astrocytoma/TVD_GBM_IC1_070610_22_093010/595.1/741.1,success,1,
TVD_GBM_U87_4541_121411,1.3.46.670589.11.17169.5.0.8084.2011121408484042048.4,1.3.46.670589.11.17169.5.0.2192.2011121409534775507.4,/Users/estebanfelixmoran/Desktop/Purdue/Medical_Imaging/Datasets/Mouse_Astrocytoma_TCIA/Mouse-Astrocytoma-doiJNLP/mouse_astrocytoma/TVD_GBM_U87_4541_121411/048.4/507.4,success,1,
TVD_GBM_IC2_11311024_020111,1.3.46.670589.11.17169.5.0.2964.2011020109561014136.4,1.3.46.670589.11.17169.5.0.5800.2011020111480776836.4,/Users/estebanfelixmoran/Desktop/Purdue/Medical_Imaging/Datasets/Mouse_Astrocytoma_TCIA/Mouse-Astrocytoma-doiJNLP/mouse_astrocytoma/TVD_GBM_IC2_11311024_020111/136.4/836.4,success,1,
TVD_GBM_IC2_11311063_021811,1.3.46.670589.11.17169.5.0.4584.2011021811534083539.3,1.3.46.670589.11.17169.5.0.9848.2012020611433050000.3,/Users/estebanfelixmoran/Desktop/Purdue/Medical_Imaging/Datasets/Mouse_Astrocytoma_TCIA/Mouse-Astrocytoma-doiJNLP/mouse_astrocytoma/TVD_GBM_IC2_11311063_021811/539.3/000.3,success,0,Manifest UID absent from local headers; download path collides with another manifest row
TVD_GBM_IC2_11311017_020811,1.3.46.670589.11.17169.5.0.3164.2011020810281157364.3,1.3.46.670589.11.17169.5.0.6148.2011020811583112756.3,/Users/estebanfelixmoran/Desktop/Purdue/Medical_Imaging/Datasets/Mouse_Astrocytoma_TCIA/Mouse-Astrocytoma-doiJNLP/mouse_astrocytoma/TVD_GBM_IC2_11311017_020811/364.3/756.3,success,1,
TVD_GBM_IC2_11311010_021511,1.3.46.670589.11.17169.5.0.4584.2011021511013196216.1,1.3.46.670589.11.17169.5.0.4564.2011021512574228302.1,/Users/estebanfelixmoran/Desktop/Purdue/Medical_Imaging/Datasets/Mouse_Astrocytoma_TCIA/Mouse-Astrocytoma-doiJNLP/mouse_astrocytoma/TVD_GBM_IC2_11311010_021511/216.1/302.1,success,1,
TVD_GBM_IC2_11311021_020111,1.3.46.670589.11.17169.5.0.2964.2011020108354798122.3,1.3.46.670589.11.17169.5.0.5800.2011020110010465043.3,/Users/estebanfelixmoran/Desktop/Purdue/Medical_Imaging/Datasets/Mouse_Astrocytoma_TCIA/Mouse-Astrocytoma-doiJNLP/mouse_astrocytoma/TVD_GBM_IC2_11311021_020111/122.3/043.3,success,1,
TVD_GBM_U87_1202253_021512,1.3.46.670589.11.17169.5.0.548.2012021510554459498.2,1.3.46.670589.11.17169.5.0.8768.2012021513152731000.2,/Users/estebanfelixmoran/Desktop/Purdue/Medical_Imaging/Datasets/Mouse_Astrocytoma_TCIA/Mouse-Astrocytoma-doiJNLP/mouse_astrocytoma/TVD_GBM_U87_1202253_021512/498.2/000.2,success,1,
TVD_GBM_U87_4493_121511,1.3.46.670589.11.17169.5.0.8084.2011121510142175228.1,1.3.46.670589.11.17169.5.0.2192.2011121512161373635.1,/Users/estebanfelixmoran/Desktop/Purdue/Medical_Imaging/Datasets/Mouse_Astrocytoma_TCIA/Mouse-Astrocytoma-doiJNLP/mouse_astrocytoma/TVD_GBM_U87_4493_121511/228.1/635.1,success,1,
TVD_GBM_IC2_11311004_020811,1.3.46.670589.11.17169.5.0.3164.2011020809040192350.2,1.3.46.670589.11.17169.5.0.6148.2011020809463859089.2,/Users/estebanfelixmoran/Desktop/Purdue/Medical_Imaging/Datasets/Mouse_Astrocytoma_TCIA/Mouse-Astrocytoma-doiJNLP/mouse_astrocytoma/TVD_GBM_IC2_11311004_020811/350.2/089.2,success,1,
TVD_GBM_IC2_11311019_020811,1.3.46.670589.11.17169.5.0.3164.2011020810281157364.4,1.3.46.670589.11.17169.5.0.6148.2011020811181790649.4,/Users/estebanfelixmoran/Desktop/Purdue/Medical_Imaging/Datasets/Mouse_Astrocytoma_TCIA/Mouse-Astrocytoma-doiJNLP/mouse_astrocytoma/TVD_GBM_IC2_11311019_020811/364.4/649.4,success,1,
TVD_GBM_U87_1202795_022312,1.3.46.670589.11.17169.5.0.548.2012022309232575113.4,1.3.46.670589.11.17169.5.0.7588.2012022310280206666.4,/Users/estebanfelixmoran/Desktop/Purdue/Medical_Imaging/Datasets/Mouse_Astrocytoma_TCIA/Mouse-Astrocytoma-doiJNLP/mouse_astrocytoma/TVD_GBM_U87_1202795_022312/113.4/666.4,success,1,
TVD_GBM_IC2_11311010_021511,1.3.46.670589.11.17169.5.0.4584.2011021511013196216.1,1.3.46.670589.11.17169.5.0.4564.2011021512390881054.1,/Users/estebanfelixmoran/Desktop/Purdue/Medical_Imaging/Datasets/Mouse_Astrocytoma_TCIA/Mouse-Astrocytoma-doiJNLP/mouse_astrocytoma/TVD_GBM_IC2_11311010_021511/216.1/054.1,success,1,
TVD_GBM_IC1_070610_33_100110,1.3.46.670589.11.17169.5.0.6060.2010100109470843631.4,1.3.46.670589.11.17169.5.0.5780.2010100110490460987.4,/Users/estebanfelixmoran/Desktop/Purdue/Medical_Imaging/Datasets/Mouse_Astrocytoma_TCIA/Mouse-Astrocytoma-doiJNLP/mouse_astrocytoma/TVD_GBM_IC1_070610_33_100110/631.4/987.4,success,1,
TVD_GBM_U87_4493_121511,1.3.46.670589.11.17169.5.0.8084.2011121510142175228.1,1.3.46.670589.11.17169.5.0.9924.2012020709424963000.1,/Users/estebanfelixmoran/Desktop/Purdue/Medical_Imaging/Datasets/Mouse_Astrocytoma_TCIA/Mouse-Astrocytoma-doiJNLP/mouse_astrocytoma/TVD_GBM_U87_4493_121511/228.1/000.1,success,1,
TVD_GBM_IC2_11311024_020111,1.3.46.670589.11.17169.5.0.2964.2011020109561014136.4,1.3.46.670589.11.17169.5.0.5800.2011020111272084549.4,/Users/estebanfelixmoran/Desktop/Purdue/Medical_Imaging/Datasets/Mouse_Astrocytoma_TCIA/Mouse-Astrocytoma-doiJNLP/mouse_astrocytoma/TVD_GBM_IC2_11311024_020111/136.4/549.4,success,1,
TVD_GBM_IC2_11311023_020111,1.3.46.670589.11.17169.5.0.2964.2011020108354798122.4,1.3.46.670589.11.17169.5.0.5800.2011020109594775959.4,/Users/estebanfelixmoran/Desktop/Purdue/Medical_Imaging/Datasets/Mouse_Astrocytoma_TCIA/Mouse-Astrocytoma-doiJNLP/mouse_astrocytoma/TVD_GBM_IC2_11311023_020111/122.4/959.4,success,1,
TVD_GBM_IC1_070610_19,1.3.46.670589.11.17169.5.0.6060.2010092709381189369.3,1.3.46.670589.11.17169.5.0.5780.2010092712183762484.3,/Users/estebanfelixmoran/Desktop/Purdue/Medical_Imaging/Datasets/Mouse_Astrocytoma_TCIA/Mouse-Astrocytoma-doiJNLP/mouse_astrocytoma/TVD_GBM_IC1_070610_19/369.3/484.3,success,1,
TVD_GBM_U87_1202253_021512,1.3.46.670589.11.17169.5.0.548.2012021510554459498.2,1.3.46.670589.11.17169.5.0.7588.2012021512355711112.2,/Users/estebanfelixmoran/Desktop/Purdue/Medical_Imaging/Datasets/Mouse_Astrocytoma_TCIA/Mouse-Astrocytoma-doiJNLP/mouse_astrocytoma/TVD_GBM_U87_1202253_021512/498.2/112.2,success,1,
TVD_GBM_U87_1202145_021412,1.3.46.670589.11.17169.5.0.548.2012021411421297446.1,1.3.46.670589.11.17169.5.0.7588.2012021413414370532.1,/Users/estebanfelixmoran/Desktop/Purdue/Medical_Imaging/Datasets/Mouse_Astrocytoma_TCIA/Mouse-Astrocytoma-doiJNLP/mouse_astrocytoma/TVD_GBM_U87_1202145_021412/446.1/532.1,success,1,
TVD_GBM_U87_1202255_021512,1.3.46.670589.11.17169.5.0.548.2012021510554459498.4,1.3.46.670589.11.17169.5.0.7588.2012021512254482849.4,/Users/estebanfelixmoran/Desktop/Purdue/Medical_Imaging/Datasets/Mouse_Astrocytoma_TCIA/Mouse-Astrocytoma-doiJNLP/mouse_astrocytoma/TVD_GBM_U87_1202255_021512/498.4/849.4,success,1,
TVD_GBM_U87_1202252_021512,1.3.46.670589.11.17169.5.0.548.2012021510554459498.1,1.3.46.670589.11.17169.5.0.7588.2012021511485671798.1,/Users/estebanfelixmoran/Desktop/Purdue/Medical_Imaging/Datasets/Mouse_Astrocytoma_TCIA/Mouse-Astrocytoma-doiJNLP/mouse_astrocytoma/TVD_GBM_U87_1202252_021512/498.1/798.1,success,1,
TVD_GBM_IC2_11311017_020811,1.3.46.670589.11.17169.5.0.3164.2011020810281157364.3,1.3.46.670589.11.17169.5.0.6148.2011020811181790649.3,/Users/estebanfelixmoran/Desktop/Purdue/Medical_Imaging/Datasets/Mouse_Astrocytoma_TCIA/Mouse-Astrocytoma-doiJNLP/mouse_astrocytoma/TVD_GBM_IC2_11311017_020811/364.3/649.3,success,1,
TVD_GBM_U87_4593_121411,1.3.46.670589.11.17169.5.0.8084.2011121408484042048.1,1.3.46.670589.11.17169.5.0.9228.2012020711303743000.1,/Users/estebanfelixmoran/Desktop/Purdue/Medical_Imaging/Datasets/Mouse_Astrocytoma_TCIA/Mouse-Astrocytoma-doiJNLP/mouse_astrocytoma/TVD_GBM_U87_4593_121411/048.1/000.1,success,1,
TVD_GBM_U87_4493_121511,1.3.46.670589.11.17169.5.0.8084.2011121510142175228.1,1.3.46.670589.11.17169.5.0.2192.2011121511571031349.1,/Users/estebanfelixmoran/Desktop/Purdue/Medical_Imaging/Datasets/Mouse_Astrocytoma_TCIA/Mouse-Astrocytoma-doiJNLP/mouse_astrocytoma/TVD_GBM_U87_4493_121511/228.1/349.1,success,1,
TVD_GBM_IC2_11311063_021811,1.3.46.670589.11.17169.5.0.4584.2011021811534083539.3,1.3.46.670589.11.17169.5.0.4564.2011021813465799742.3,/Users/estebanfelixmoran/Desktop/Purdue/Medical_Imaging/Datasets/Mouse_Astrocytoma_TCIA/Mouse-Astrocytoma-doiJNLP/mouse_astrocytoma/TVD_GBM_IC2_11311063_021811/539.3/742.3,success,1,
TVD_GBM_IC2_11311061_021811,1.3.46.670589.11.17169.5.0.4584.2011021811534083539.2,1.3.46.670589.11.17169.5.0.9848.2012020611433050000.2,/Users/estebanfelixmoran/Desktop/Purdue/Medical_Imaging/Datasets/Mouse_Astrocytoma_TCIA/Mouse-Astrocytoma-doiJNLP/mouse_astrocytoma/TVD_GBM_IC2_11311061_021811/539.2/000.2,success,0,Manifest UID absent from local headers; download path collides with another manifest row
TVD_GBM_U87_4538_121511,1.3.46.670589.11.17169.5.0.8084.2011121508500512218.4,1.3.46.670589.11.17169.5.0.2192.2011121510480334010.4,/Users/estebanfelixmoran/Desktop/Purdue/Medical_Imaging/Datasets/Mouse_Astrocytoma_TCIA/Mouse-Astrocytoma-doiJNLP/mouse_astrocytoma/TVD_GBM_U87_4538_121511/218.4/010.4,success,1,
TVD_GBM_U87_1202444_022112,1.3.46.670589.11.17169.5.0.548.2012022109060329918.1,1.3.46.670589.11.17169.5.0.7588.2012022110551492578.1,/Users/estebanfelixmoran/Desktop/Purdue/Medical_Imaging/Datasets/Mouse_Astrocytoma_TCIA/Mouse-Astrocytoma-doiJNLP/mouse_astrocytoma/TVD_GBM_U87_1202444_022112/918.1/578.1,success,1,
TVD_GBM_IC2_11311020_020811,1.3.46.670589.11.17169.5.0.3164.2011020809040192350.4,1.3.46.670589.11.17169.5.0.9740.2012020610495343000.4,/Users/estebanfelixmoran/Desktop/Purdue/Medical_Imaging/Datasets/Mouse_Astrocytoma_TCIA/Mouse-Astrocytoma-doiJNLP/mouse_astrocytoma/TVD_GBM_IC2_11311020_020811/350.4/000.4,success,1,
TVD_GBM_U87_4593_121411,1.3.46.670589.11.17169.5.0.8084.2011121408484042048.1,1.3.46.670589.11.17169.5.0.2192.2011121410530620844.1,/Users/estebanfelixmoran/Desktop/Purdue/Medical_Imaging/Datasets/Mouse_Astrocytoma_TCIA/Mouse-Astrocytoma-doiJNLP/mouse_astrocytoma/TVD_GBM_U87_4593_121411/048.1/844.1,success,1,
TVD_GBM_U87_1202444_022112,1.3.46.670589.11.17169.5.0.548.2012022109060329918.1,1.3.46.670589.11.17169.5.0.7588.2012022110364148330.1,/Users/estebanfelixmoran/Desktop/Purdue/Medical_Imaging/Datasets/Mouse_Astrocytoma_TCIA/Mouse-Astrocytoma-doiJNLP/mouse_astrocytoma/TVD_GBM_U87_1202444_022112/918.1/330.1,success,1,
TVD_GBM_IC2_11311070_021811,1.3.46.670589.11.17169.5.0.4584.2011021813241574561.1,1.3.46.670589.11.17169.5.0.4564.2011021814190958965.1,/Users/estebanfelixmoran/Desktop/Purdue/Medical_Imaging/Datasets/Mouse_Astrocytoma_TCIA/Mouse-Astrocytoma-doiJNLP/mouse_astrocytoma/TVD_GBM_IC2_11311070_021811/561.1/965.1,success,1,
TVD_GBM_IC2_11311014_021811,1.3.46.670589.11.17169.5.0.4584.2011021810251949513.3,1.3.46.670589.11.17169.5.0.4564.2011021812093597181.3,/Users/estebanfelixmoran/Desktop/Purdue/Medical_Imaging/Datasets/Mouse_Astrocytoma_TCIA/Mouse-Astrocytoma-doiJNLP/mouse_astrocytoma/TVD_GBM_IC2_11311014_021811/513.3/181.3,success,1,
TVD_GBM_IC1_070610_16_100110,1.3.46.670589.11.17169.5.0.6060.2010100109470843631.2,1.3.46.670589.11.17169.5.0.5780.2010100111190240011.2,/Users/estebanfelixmoran/Desktop/Purdue/Medical_Imaging/Datasets/Mouse_Astrocytoma_TCIA/Mouse-Astrocytoma-doiJNLP/mouse_astrocytoma/TVD_GBM_IC1_070610_16_100110/631.2/011.2,success,1,
TVD_GBM_IC2_11311072_021811,1.3.46.670589.11.17169.5.0.4584.2011021813241574561.2,1.3.46.670589.11.17169.5.0.4564.2011021815165169302.2,/Users/estebanfelixmoran/Desktop/Purdue/Medical_Imaging/Datasets/Mouse_Astrocytoma_TCIA/Mouse-Astrocytoma-doiJNLP/mouse_astrocytoma/TVD_GBM_IC2_11311072_021811/561.2/302.2,success,1,
TVD_GBM_U87_1202144_021412,1.3.46.670589.11.17169.5.0.548.2012021409575487420.4,1.3.46.670589.11.17169.5.0.5388.2012021412475089000.4,/Users/estebanfelixmoran/Desktop/Purdue/Medical_Imaging/Datasets/Mouse_Astrocytoma_TCIA/Mouse-Astrocytoma-doiJNLP/mouse_astrocytoma/TVD_GBM_U87_1202144_021412/420.4/000.4,success,1,
TVD_GBM_IC2_11311019_020811,1.3.46.670589.11.17169.5.0.3164.2011020810281157364.4,1.3.46.670589.11.17169.5.0.6148.2011020812190535091.4,/Users/estebanfelixmoran/Desktop/Purdue/Medical_Imaging/Datasets/Mouse_Astrocytoma_TCIA/Mouse-Astrocytoma-doiJNLP/mouse_astrocytoma/TVD_GBM_IC2_11311019_020811/364.4/091.4,success,1,
TVD_GBM_IC2_11311021_020111,1.3.46.670589.11.17169.5.0.2964.2011020108354798122.3,1.3.46.670589.11.17169.5.0.5800.2011020109521098932.3,/Users/estebanfelixmoran/Desktop/Purdue/Medical_Imaging/Datasets/Mouse_Astrocytoma_TCIA/Mouse-Astrocytoma-doiJNLP/mouse_astrocytoma/TVD_GBM_IC2_11311021_020111/122.3/932.3,success,1,
TVD_GBM_U87_1202144_021412,1.3.46.670589.11.17169.5.0.548.2012021409575487420.4,1.3.46.670589.11.17169.5.0.7588.2012021411304595743.4,/Users/estebanfelixmoran/Desktop/Purdue/Medical_Imaging/Datasets/Mouse_Astrocytoma_TCIA/Mouse-Astrocytoma-doiJNLP/mouse_astrocytoma/TVD_GBM_U87_1202144_021412/420.4/743.4,success,1,
TVD_GBM_U87_1202255_021512,1.3.46.670589.11.17169.5.0.548.2012021510554459498.4,1.3.46.670589.11.17169.5.0.7588.2012021512355711112.4,/Users/estebanfelixmoran/Desktop/Purdue/Medical_Imaging/Datasets/Mouse_Astrocytoma_TCIA/Mouse-Astrocytoma-doiJNLP/mouse_astrocytoma/TVD_GBM_U87_1202255_021512/498.4/112.4,success,1,
TVD_GBM_IC2_11311011_021511,1.3.46.670589.11.17169.5.0.4584.2011021511013196216.2,1.3.46.670589.11.17169.5.0.10364.2012020709270748000.2,/Users/estebanfelixmoran/Desktop/Purdue/Medical_Imaging/Datasets/Mouse_Astrocytoma_TCIA/Mouse-Astrocytoma-doiJNLP/mouse_astrocytoma/TVD_GBM_IC2_11311011_021511/216.2/000.2,success,1,
TVD_GBM_IC2_11311010_021511,1.3.46.670589.11.17169.5.0.4584.2011021511013196216.1,1.3.46.670589.11.17169.5.0.4564.2011021512383914016.1,/Users/estebanfelixmoran/Desktop/Purdue/Medical_Imaging/Datasets/Mouse_Astrocytoma_TCIA/Mouse-Astrocytoma-doiJNLP/mouse_astrocytoma/TVD_GBM_IC2_11311010_021511/216.1/016.1,success,1,
TVD_GBM_U87_1202253_021512,1.3.46.670589.11.17169.5.0.548.2012021510554459498.2,1.3.46.670589.11.17169.5.0.7588.2012021511485671798.2,/Users/estebanfelixmoran/Desktop/Purdue/Medical_Imaging/Datasets/Mouse_Astrocytoma_TCIA/Mouse-Astrocytoma-doiJNLP/mouse_astrocytoma/TVD_GBM_U87_1202253_021512/498.2/798.2,success,1,
TVD_GBM_IC1_070610_16_100110,1.3.46.670589.11.17169.5.0.6060.2010100109470843631.2,1.3.46.670589.11.17169.5.0.5780.2010100111281740115.2,/Users/estebanfelixmoran/Desktop/Purdue/Medical_Imaging/Datasets/Mouse_Astrocytoma_TCIA/Mouse-Astrocytoma-doiJNLP/mouse_astrocytoma/TVD_GBM_IC1_070610_16_100110/631.2/115.2,success,1,
TVD_GBM_IC1_070610_51_093010,1.3.46.670589.11.17169.5.0.6060.2010093011141718595.3,1.3.46.670589.11.17169.5.0.5780.2010093012000596532.3,/Users/estebanfelixmoran/Desktop/Purdue/Medical_Imaging/Datasets/Mouse_Astrocytoma_TCIA/Mouse-Astrocytoma-doiJNLP/mouse_astrocytoma/TVD_GBM_IC1_070610_51_093010/595.3/532.3,success,1,
TVD_GBM_U87_4541_121411,1.3.46.670589.11.17169.5.0.8084.2011121408484042048.4,1.3.46.670589.11.17169.5.0.2192.2011121410304015558.4,/Users/estebanfelixmoran/Desktop/Purdue/Medical_Imaging/Datasets/Mouse_Astrocytoma_TCIA/Mouse-Astrocytoma-doiJNLP/mouse_astrocytoma/TVD_GBM_U87_4541_121411/048.4/558.4,success,1,
TVD_GBM_IC2_11311013_020811,1.3.46.670589.11.17169.5.0.3164.2011020809040192350.3,1.3.46.670589.11.17169.5.0.9740.2012020610495343000.3,/Users/estebanfelixmoran/Desktop/Purdue/Medical_Imaging/Datasets/Mouse_Astrocytoma_TCIA/Mouse-Astrocytoma-doiJNLP/mouse_astrocytoma/TVD_GBM_IC2_11311013_020811/350.3/000.3,success,1,
TVD_GBM_IC2_11311023_020111,1.3.46.670589.11.17169.5.0.2964.2011020108354798122.4,1.3.46.670589.11.17169.5.0.5800.2011020110194632252.4,/Users/estebanfelixmoran/Desktop/Purdue/Medical_Imaging/Datasets/Mouse_Astrocytoma_TCIA/Mouse-Astrocytoma-doiJNLP/mouse_astrocytoma/TVD_GBM_IC2_11311023_020111/122.4/252.4,success,1,
TVD_GBM_U87_1202141_021412,1.3.46.670589.11.17169.5.0.548.2012021409575487420.1,1.3.46.670589.11.17169.5.0.7588.2012021411304595743.1,/Users/estebanfelixmoran/Desktop/Purdue/Medical_Imaging/Datasets/Mouse_Astrocytoma_TCIA/Mouse-Astrocytoma-doiJNLP/mouse_astrocytoma/TVD_GBM_U87_1202141_021412/420.1/743.1,success,1,
TVD_GBM_IC1_070610_34,1.3.46.670589.11.17169.5.0.6060.2010100409431882673.1,1.3.46.670589.11.17169.5.0.5780.2010100411103937698.1,/Users/estebanfelixmoran/Desktop/Purdue/Medical_Imaging/Datasets/Mouse_Astrocytoma_TCIA/Mouse-Astrocytoma-doiJNLP/mouse_astrocytoma/TVD_GBM_IC1_070610_34/673.1/698.1,success,1,
TVD_GBM_U87_1202254_021512,1.3.46.670589.11.17169.5.0.548.2012021510554459498.3,1.3.46.670589.11.17169.5.0.7588.2012021511485671798.3,/Users/estebanfelixmoran/Desktop/Purdue/Medical_Imaging/Datasets/Mouse_Astrocytoma_TCIA/Mouse-Astrocytoma-doiJNLP/mouse_astrocytoma/TVD_GBM_U87_1202254_021512/498.3/798.3,success,1,
TVD_GBM_U87_1202143_021412,1.3.46.670589.11.17169.5.0.548.2012021409575487420.3,1.3.46.670589.11.17169.5.0.7588.2012021411491925952.3,/Users/estebanfelixmoran/Desktop/Purdue/Medical_Imaging/Datasets/Mouse_Astrocytoma_TCIA/Mouse-Astrocytoma-doiJNLP/mouse_astrocytoma/TVD_GBM_U87_1202143_021412/420.3/952.3,success,1,
TVD_GBM_IC2_11311004_020811,1.3.46.670589.11.17169.5.0.3164.2011020809040192350.2,1.3.46.670589.11.17169.5.0.6148.2011020810163662113.2,/Users/estebanfelixmoran/Desktop/Purdue/Medical_Imaging/Datasets/Mouse_Astrocytoma_TCIA/Mouse-Astrocytoma-doiJNLP/mouse_astrocytoma/TVD_GBM_IC2_11311004_020811/350.2/113.2,success,1,
TVD_GBM_IC2_11311004_020811,1.3.46.670589.11.17169.5.0.3164.2011020809040192350.2,1.3.46.670589.11.17169.5.0.6148.2011020810431689426.2,/Users/estebanfelixmoran/Desktop/Purdue/Medical_Imaging/Datasets/Mouse_Astrocytoma_TCIA/Mouse-Astrocytoma-doiJNLP/mouse_astrocytoma/TVD_GBM_IC2_11311004_020811/350.2/426.2,success,1,
TVD_GBM_U87_1202445_022112,1.3.46.670589.11.17169.5.0.548.2012022109060329918.2,1.3.46.670589.11.17169.5.0.7588.2012022110551492578.2,/Users/estebanfelixmoran/Desktop/Purdue/Medical_Imaging/Datasets/Mouse_Astrocytoma_TCIA/Mouse-Astrocytoma-doiJNLP/mouse_astrocytoma/TVD_GBM_U87_1202445_022112/918.2/578.2,success,1,
TVD_GBM_IC2_11311010_021511,1.3.46.670589.11.17169.5.0.4584.2011021511013196216.1,1.3.46.670589.11.17169.5.0.10364.2012020709270748000.1,/Users/estebanfelixmoran/Desktop/Purdue/Medical_Imaging/Datasets/Mouse_Astrocytoma_TCIA/Mouse-Astrocytoma-doiJNLP/mouse_astrocytoma/TVD_GBM_IC2_11311010_021511/216.1/000.1,success,1,
TVD_GBM_IC2_11311011_021511,1.3.46.670589.11.17169.5.0.4584.2011021511013196216.2,1.3.46.670589.11.17169.5.0.4564.2011021512574228302.2,/Users/estebanfelixmoran/Desktop/Purdue/Medical_Imaging/Datasets/Mouse_Astrocytoma_TCIA/Mouse-Astrocytoma-doiJNLP/mouse_astrocytoma/TVD_GBM_IC2_11311011_021511/216.2/302.2,success,1,
TVD_GBM_U87_4493_121511,1.3.46.670589.11.17169.5.0.8084.2011121510142175228.1,1.3.46.670589.11.17169.5.0.2192.2011121511202206298.1,/Users/estebanfelixmoran/Desktop/Purdue/Medical_Imaging/Datasets/Mouse_Astrocytoma_TCIA/Mouse-Astrocytoma-doiJNLP/mouse_astrocytoma/TVD_GBM_U87_4493_121511/228.1/298.1,success,1,
TVD_GBM_U87_4593_121411,1.3.46.670589.11.17169.5.0.8084.2011121408484042048.1,1.3.46.670589.11.17169.5.0.2192.2011121410342762635.1,/Users/estebanfelixmoran/Desktop/Purdue/Medical_Imaging/Datasets/Mouse_Astrocytoma_TCIA/Mouse-Astrocytoma-doiJNLP/mouse_astrocytoma/TVD_GBM_U87_4593_121411/048.1/635.1,success,1,
TVD_GBM_IC2_11311020_020811,1.3.46.670589.11.17169.5.0.3164.2011020809040192350.4,1.3.46.670589.11.17169.5.0.6148.2011020810244329178.4,/Users/estebanfelixmoran/Desktop/Purdue/Medical_Imaging/Datasets/Mouse_Astrocytoma_TCIA/Mouse-Astrocytoma-doiJNLP/mouse_astrocytoma/TVD_GBM_IC2_11311020_020811/350.4/178.4,success,1,
TVD_GBM_IC2_11311022_020111,1.3.46.670589.11.17169.5.0.2964.2011020109561014136.3,1.3.46.670589.11.17169.5.0.10748.2012020709125741000.3,/Users/estebanfelixmoran/Desktop/Purdue/Medical_Imaging/Datasets/Mouse_Astrocytoma_TCIA/Mouse-Astrocytoma-doiJNLP/mouse_astrocytoma/TVD_GBM_IC2_11311022_020111/136.3/000.3,success,1,
TVD_GBM_IC1_070610_34,1.3.46.670589.11.17169.5.0.6060.2010100409431882673.1,1.3.46.670589.11.17169.5.0.5780.2010100411084784621.1,/Users/estebanfelixmoran/Desktop/Purdue/Medical_Imaging/Datasets/Mouse_Astrocytoma_TCIA/Mouse-Astrocytoma-doiJNLP/mouse_astrocytoma/TVD_GBM_IC1_070610_34/673.1/621.1,success,1,
TVD_GBM_IC2_11311072_021811,1.3.46.670589.11.17169.5.0.4584.2011021813241574561.2,1.3.46.670589.11.17169.5.0.4564.2011021814581832093.2,/Users/estebanfelixmoran/Desktop/Purdue/Medical_Imaging/Datasets/Mouse_Astrocytoma_TCIA/Mouse-Astrocytoma-doiJNLP/mouse_astrocytoma/TVD_GBM_IC2_11311072_021811/561.2/093.2,success,1,
TVD_GBM_IC2_11311020_020811,1.3.46.670589.11.17169.5.0.3164.2011020809040192350.4,1.3.46.670589.11.17169.5.0.6148.2011020809463859089.4,/Users/estebanfelixmoran/Desktop/Purdue/Medical_Imaging/Datasets/Mouse_Astrocytoma_TCIA/Mouse-Astrocytoma-doiJNLP/mouse_astrocytoma/TVD_GBM_IC2_11311020_020811/350.4/089.4,success,1,
TVD_GBM_U87_4535_121411,1.3.46.670589.11.17169.5.0.8084.2011121408484042048.2,1.3.46.670589.11.17169.5.0.2192.2011121410304015558.2,/Users/estebanfelixmoran/Desktop/Purdue/Medical_Imaging/Datasets/Mouse_Astrocytoma_TCIA/Mouse-Astrocytoma-doiJNLP/mouse_astrocytoma/TVD_GBM_U87_4535_121411/048.2/558.2,success,1,
TVD_GBM_IC2_11311004_020811,1.3.46.670589.11.17169.5.0.3164.2011020809040192350.2,1.3.46.670589.11.17169.5.0.6148.2011020810241335140.2,/Users/estebanfelixmoran/Desktop/Purdue/Medical_Imaging/Datasets/Mouse_Astrocytoma_TCIA/Mouse-Astrocytoma-doiJNLP/mouse_astrocytoma/TVD_GBM_IC2_11311004_020811/350.2/140.2,success,1,
TVD_GBM_IC1_070610_16_100110,1.3.46.670589.11.17169.5.0.6060.2010100109470843631.2,1.3.46.670589.11.17169.5.0.5780.2010100111465823324.2,/Users/estebanfelixmoran/Desktop/Purdue/Medical_Imaging/Datasets/Mouse_Astrocytoma_TCIA/Mouse-Astrocytoma-doiJNLP/mouse_astrocytoma/TVD_GBM_IC1_070610_16_100110/631.2/324.2,success,1,
TVD_GBM_U87_1202445_022112,1.3.46.670589.11.17169.5.0.548.2012022109060329918.2,1.3.46.670589.11.17169.5.0.7588.2012022110283515265.2,/Users/estebanfelixmoran/Desktop/Purdue/Medical_Imaging/Datasets/Mouse_Astrocytoma_TCIA/Mouse-Astrocytoma-doiJNLP/mouse_astrocytoma/TVD_GBM_U87_1202445_022112/918.2/265.2,success,1,
TVD_GBM_U87_1202145_021412,1.3.46.670589.11.17169.5.0.548.2012021411421297446.1,1.3.46.670589.11.17169.5.0.7588.2012021413230759323.1,/Users/estebanfelixmoran/Desktop/Purdue/Medical_Imaging/Datasets/Mouse_Astrocytoma_TCIA/Mouse-Astrocytoma-doiJNLP/mouse_astrocytoma/TVD_GBM_U87_1202145_021412/446.1/323.1,success,1,
TVD_GBM_U87_1202444_022112,1.3.46.670589.11.17169.5.0.548.2012022109060329918.1,1.3.46.670589.11.17169.5.0.7588.2012022109591943241.1,/Users/estebanfelixmoran/Desktop/Purdue/Medical_Imaging/Datasets/Mouse_Astrocytoma_TCIA/Mouse-Astrocytoma-doiJNLP/mouse_astrocytoma/TVD_GBM_U87_1202444_022112/918.1/241.1,success,1,
TVD_GBM_U87_4494_121511,1.3.46.670589.11.17169.5.0.8084.2011121510142175228.2,1.3.46.670589.11.17169.5.0.2192.2011121511574007387.2,/Users/estebanfelixmoran/Desktop/Purdue/Medical_Imaging/Datasets/Mouse_Astrocytoma_TCIA/Mouse-Astrocytoma-doiJNLP/mouse_astrocytoma/TVD_GBM_U87_4494_121511/228.2/387.2,success,1,
TVD_GBM_U87_1202144_021412,1.3.46.670589.11.17169.5.0.548.2012021409575487420.4,1.3.46.670589.11.17169.5.0.7588.2012021411291722633.4,/Users/estebanfelixmoran/Desktop/Purdue/Medical_Imaging/Datasets/Mouse_Astrocytoma_TCIA/Mouse-Astrocytoma-doiJNLP/mouse_astrocytoma/TVD_GBM_U87_1202144_021412/420.4/633.4,success,1,
TVD_GBM_U87_1202144_021412,1.3.46.670589.11.17169.5.0.548.2012021409575487420.4,1.3.46.670589.11.17169.5.0.7588.2012021411214051607.4,/Users/estebanfelixmoran/Desktop/Purdue/Medical_Imaging/Datasets/Mouse_Astrocytoma_TCIA/Mouse-Astrocytoma-doiJNLP/mouse_astrocytoma/TVD_GBM_U87_1202144_021412/420.4/607.4,success,1,
TVD_GBM_U87_1202795_022312,1.3.46.670589.11.17169.5.0.548.2012022309232575113.4,1.3.46.670589.11.17169.5.0.7588.2012022310380336771.4,/Users/estebanfelixmoran/Desktop/Purdue/Medical_Imaging/Datasets/Mouse_Astrocytoma_TCIA/Mouse-Astrocytoma-doiJNLP/mouse_astrocytoma/TVD_GBM_U87_1202795_022312/113.4/771.4,success,1,
TVD_GBM_IC2_11311014_021811,1.3.46.670589.11.17169.5.0.4584.2011021810251949513.3,1.3.46.670589.11.17169.5.0.4564.2011021811510280972.3,/Users/estebanfelixmoran/Desktop/Purdue/Medical_Imaging/Datasets/Mouse_Astrocytoma_TCIA/Mouse-Astrocytoma-doiJNLP/mouse_astrocytoma/TVD_GBM_IC2_11311014_021811/513.3/972.3,success,1,
TVD_GBM_U87_4534_121511,1.3.46.670589.11.17169.5.0.8084.2011121508500512218.1,1.3.46.670589.11.17169.5.0.11152.2012020710014350000.1,/Users/estebanfelixmoran/Desktop/Purdue/Medical_Imaging/Datasets/Mouse_Astrocytoma_TCIA/Mouse-Astrocytoma-doiJNLP/mouse_astrocytoma/TVD_GBM_U87_4534_121511/218.1/000.1,success,1,
TVD_GBM_IC2_11311023_020111,1.3.46.670589.11.17169.5.0.2964.2011020108354798122.4,1.3.46.670589.11.17169.5.0.5800.2011020110010465043.4,/Users/estebanfelixmoran/Desktop/Purdue/Medical_Imaging/Datasets/Mouse_Astrocytoma_TCIA/Mouse-Astrocytoma-doiJNLP/mouse_astrocytoma/TVD_GBM_IC2_11311023_020111/122.4/043.4,success,1,
TVD_GBM_IC2_11311002_020811,1.3.46.670589.11.17169.5.0.3164.2011020809040192350.1,1.3.46.670589.11.17169.5.0.6148.2011020809463859089.1,/Users/estebanfelixmoran/Desktop/Purdue/Medical_Imaging/Datasets/Mouse_Astrocytoma_TCIA/Mouse-Astrocytoma-doiJNLP/mouse_astrocytoma/TVD_GBM_IC2_11311002_020811/350.1/089.1,success,1,
TVD_GBM_IC2_11311061_021811,1.3.46.670589.11.17169.5.0.4584.2011021811534083539.2,1.3.46.670589.11.17169.5.0.4564.2011021813152497428.2,/Users/estebanfelixmoran/Desktop/Purdue/Medical_Imaging/Datasets/Mouse_Astrocytoma_TCIA/Mouse-Astrocytoma-doiJNLP/mouse_astrocytoma/TVD_GBM_IC2_11311061_021811/539.2/428.2,success,1,
TVD_GBM_U87_4536_121511,1.3.46.670589.11.17169.5.0.8084.2011121508500512218.2,1.3.46.670589.11.17169.5.0.2192.2011121510231220724.2,/Users/estebanfelixmoran/Desktop/Purdue/Medical_Imaging/Datasets/Mouse_Astrocytoma_TCIA/Mouse-Astrocytoma-doiJNLP/mouse_astrocytoma/TVD_GBM_U87_4536_121511/218.2/724.2,success,1,
TVD_GBM_U87_4538_121511,1.3.46.670589.11.17169.5.0.8084.2011121508500512218.4,1.3.46.670589.11.17169.5.0.11152.2012020710014350000.4,/Users/estebanfelixmoran/Desktop/Purdue/Medical_Imaging/Datasets/Mouse_Astrocytoma_TCIA/Mouse-Astrocytoma-doiJNLP/mouse_astrocytoma/TVD_GBM_U87_4538_121511/218.4/000.4,success,1,
TVD_GBM_IC2_11311022_020111,1.3.46.670589.11.17169.5.0.2964.2011020109561014136.3,1.3.46.670589.11.17169.5.0.5800.2011020111194384522.3,/Users/estebanfelixmoran/Desktop/Purdue/Medical_Imaging/Datasets/Mouse_Astrocytoma_TCIA/Mouse-Astrocytoma-doiJNLP/mouse_astrocytoma/TVD_GBM_IC2_11311022_020111/136.3/522.3,success,1,
