domain,scan_id,inference_seconds,dice,precision,recall,false_positives,false_negatives,hd95_mm,assd_mm,surface_dice,boundary_precision,boundary_recall,connected_components,compactness,contour_roughness,volume_ratio,iou,probability_inside_brain,probability_boundary_band,probability_immediately_outside,probability_distant_background,prediction_path,probability_path,image_path,ground_truth_path,filtered_dice
CAMRI,064,0.8144763186573982,0.9918063343338419,0.9950492186325202,0.9885845186152791,1284,2980,0.20000000298023224,0.039138581466931596,0.8137712259749953,0.8114243185412596,0.8161317488537475,1,0.7656684459654366,5.286122313935583,0.9935031354266823,0.9837458497405969,0.6113815307617188,0.44344469904899597,0.23071236908435822,0.06760688871145248,/Users/estebanfelixmoran/Desktop/Purdue/Medical_Imaging/3D-Medical-Segment-Anything/outputs/two_task_joint_decoder/native_predictions/brain_camri/064_prediction.nii.gz,/Users/estebanfelixmoran/Desktop/Purdue/Medical_Imaging/3D-Medical-Segment-Anything/outputs/two_task_joint_decoder/probability_maps/brain_camri/064_probability.nii.gz,/Users/estebanfelixmoran/Desktop/Purdue/Medical_Imaging/Datasets/Image_Database/CAMRI Rat Brain MRI Data/sub-064/ses-1/anat/sub-064_ses-1_acq-RARE_T2w.nii.gz,/Users/estebanfelixmoran/Desktop/Purdue/Medical_Imaging/Datasets/Mask_Database/RodentBrainMask/CAMRI Rat/CAMRI_Rat-sub-064_ses-1_acq-RARE_T2w_077.nii.gz,0.9918063343338419
CAMRI,007,0.011768843047320843,0.9889411465615864,0.9903871957722928,0.9874993139030682,1397,1822,0.10000000149011612,0.010915066890400074,0.9856523025342668,0.9844586824379826,0.9868468646213541,1,0.02470193403453463,16.605060869833,0.9970840880399583,0.9781242142318332,0.6718873977661133,0.657919704914093,0.25525379180908203,0.052917011082172394,/Users/estebanfelixmoran/Desktop/Purdue/Medical_Imaging/3D-Medical-Segment-Anything/outputs/two_task_joint_decoder/native_predictions/brain_camri/007_prediction.nii.gz,/Users/estebanfelixmoran/Desktop/Purdue/Medical_Imaging/3D-Medical-Segment-Anything/outputs/two_task_joint_decoder/probability_maps/brain_camri/007_probability.nii.gz,/Users/estebanfelixmoran/Desktop/Purdue/Medical_Imaging/Datasets/Image_Database/CAMRI Rat Brain MRI Data/sub-007/ses-1/anat/sub-007_ses-1_acq-RARE_T2w.nii.gz,/Users/estebanfelixmoran/Desktop/Purdue/Medical_Imaging/Datasets/Mask_Database/RodentBrainMask/CAMRI Rat/CAMRI_Rat-sub-007_ses-1_acq-RARE_T2w_123.nii.gz,0.9889411465615864
CAMRI,043,0.010013218969106674,0.9915200531128346,0.9935814565330793,0.9894671856530872,849,1399,0.10000000149011612,0.008201902350558,0.9951664972265325,0.9952046035805626,0.9951280673473043,4,0.02585668857578195,16.354093997090327,0.99585915090007,0.9831827159016099,0.5772078037261963,0.5623825192451477,0.36128613352775574,0.06039746478199959,/Users/estebanfelixmoran/Desktop/Purdue/Medical_Imaging/3D-Medical-Segment-Anything/outputs/two_task_joint_decoder/native_predictions/brain_camri/043_prediction.nii.gz,/Users/estebanfelixmoran/Desktop/Purdue/Medical_Imaging/3D-Medical-Segment-Anything/outputs/two_task_joint_decoder/probability_maps/brain_camri/043_probability.nii.gz,/Users/estebanfelixmoran/Desktop/Purdue/Medical_Imaging/Datasets/Image_Database/CAMRI Rat Brain MRI Data/sub-043/ses-1/anat/sub-043_ses-1_acq-RARE_T2w.nii.gz,/Users/estebanfelixmoran/Desktop/Purdue/Medical_Imaging/Datasets/Mask_Database/RodentBrainMask/CAMRI Rat/CAMRI_Rat-sub-043_ses-1_acq-RARE_T2w_019.nii.gz,0.9915350142592005
CAMRI,078,0.3294020965695381,0.99279381079521,0.9896710178520597,0.9959363733462103,2540,993,0.20000000298023224,0.03425688339446187,0.8382614548776384,0.8338913334608762,0.8426776220396327,3,0.7482854122830768,5.326742440562395,1.0063307456529835,0.9856907368480738,0.6035959720611572,0.4431542754173279,0.2220716029405594,0.06735087931156158,/Users/estebanfelixmoran/Desktop/Purdue/Medical_Imaging/3D-Medical-Segment-Anything/outputs/two_task_joint_decoder/native_predictions/brain_camri/078_prediction.nii.gz,/Users/estebanfelixmoran/Desktop/Purdue/Medical_Imaging/3D-Medical-Segment-Anything/outputs/two_task_joint_decoder/probability_maps/brain_camri/078_probability.nii.gz,/Users/estebanfelixmoran/Desktop/Purdue/Medical_Imaging/Datasets/Image_Database/CAMRI Rat Brain MRI Data/sub-078/ses-1/anat/sub-078_ses-1_acq-RARE_T2w.nii.gz,/Users/estebanfelixmoran/Desktop/Purdue/Medical_Imaging/Datasets/Mask_Database/RodentBrainMask/CAMRI Rat/CAMRI_Rat-sub-078_ses-1_acq-RARE_T2w_069.nii.gz,0.9928424127331213
CAMRI,009,0.010372902266681194,0.9913703990137599,0.9896350878265788,0.9931118065783014,1356,898,0.10000000149011612,0.007614800162367576,0.9959651271705454,0.9956646363310642,0.9962689270448454,2,0.0259577398514185,16.33284469984076,1.0035131320569466,0.9828884637575537,0.6486040353775024,0.635502815246582,0.2599363327026367,0.05054503306746483,/Users/estebanfelixmoran/Desktop/Purdue/Medical_Imaging/3D-Medical-Segment-Anything/outputs/two_task_joint_decoder/native_predictions/brain_camri/009_prediction.nii.gz,/Users/estebanfelixmoran/Desktop/Purdue/Medical_Imaging/3D-Medical-Segment-Anything/outputs/two_task_joint_decoder/probability_maps/brain_camri/009_probability.nii.gz,/Users/estebanfelixmoran/Desktop/Purdue/Medical_Imaging/Datasets/Image_Database/CAMRI Rat Brain MRI Data/sub-009/ses-1/anat/sub-009_ses-1_acq-RARE_T2w.nii.gz,/Users/estebanfelixmoran/Desktop/Purdue/Medical_Imaging/Datasets/Mask_Database/RodentBrainMask/CAMRI Rat/CAMRI_Rat-sub-009_ses-1_acq-RARE_T2w_060.nii.gz,0.9913779901375234
CAMRI,099,0.010161271318793297,0.9909039409818337,0.9885049351716875,0.993314619430194,1790,1036,0.10000000149011612,0.010474409414442831,0.9887877408587468,0.987143891839691,0.9904497467504729,2,0.021975624543803866,17.265151051820524,1.004865614816249,0.981971866926095,0.6648237109184265,0.6394565105438232,0.31625741720199585,0.05119667574763298,/Users/estebanfelixmoran/Desktop/Purdue/Medical_Imaging/3D-Medical-Segment-Anything/outputs/two_task_joint_decoder/native_predictions/brain_camri/099_prediction.nii.gz,/Users/estebanfelixmoran/Desktop/Purdue/Medical_Imaging/3D-Medical-Segment-Anything/outputs/two_task_joint_decoder/probability_maps/brain_camri/099_probability.nii.gz,/Users/estebanfelixmoran/Desktop/Purdue/Medical_Imaging/Datasets/Image_Database/CAMRI Rat Brain MRI Data/sub-099/ses-1/anat/sub-099_ses-1_acq-RARE_T2w.nii.gz,/Users/estebanfelixmoran/Desktop/Purdue/Medical_Imaging/Datasets/Mask_Database/RodentBrainMask/CAMRI Rat/CAMRI_Rat-sub-099_ses-1_acq-RARE_T2w_014.nii.gz,0.9909166988541265
Mouse,POLYIC_20190510_mouse34__E2_P1,0.010708168148994446,0.9784211523881728,0.9729625301568154,0.9839413693199146,2869,1685,0.22360680108197992,0.0440334948990512,0.9346786848155312,0.9286538738998702,0.9408463185879921,1,0.28330874061246747,7.363158229912487,1.0112839280268375,0.957753926361587,0.1487811952829361,0.16886472702026367,0.14706647396087646,0.08160535991191864,/Users/estebanfelixmoran/Desktop/Purdue/Medical_Imaging/3D-Medical-Segment-Anything/outputs/two_task_joint_decoder/native_predictions/brain_mouse/POLYIC_20190510_mouse34__E2_P1_prediction.nii.gz,/Users/estebanfelixmoran/Desktop/Purdue/Medical_Imaging/3D-Medical-Segment-Anything/outputs/two_task_joint_decoder/probability_maps/brain_mouse/POLYIC_20190510_mouse34__E2_P1_probability.nii.gz,/Users/estebanfelixmoran/Desktop/Purdue/Medical_Imaging/Datasets/Image_Database/src_adult/POLYIC_20190510_mouse34__E2_P1.nii.gz,/Users/estebanfelixmoran/Desktop/Purdue/Medical_Imaging/Datasets/Mask_Database/label_adult/POLYIC_20190510_mouse34__E2_P1.nii.gz,0.9784211523881728
Mouse,POLYIC_20190510_mouse35__E3_P1,0.01010711956769228,0.9821556625814839,0.9805723893282093,0.9837440569421403,2103,1754,0.10000000149011612,0.029895335140373947,0.9700879552227957,0.9655346092963016,0.9747356051703878,3,0.2925441303976828,7.284845209721596,1.0032345063438957,0.9649370011454338,0.2989044189453125,0.27601560950279236,0.19293098151683807,0.06112288683652878,/Users/estebanfelixmoran/Desktop/Purdue/Medical_Imaging/3D-Medical-Segment-Anything/outputs/two_task_joint_decoder/native_predictions/brain_mouse/POLYIC_20190510_mouse35__E3_P1_prediction.nii.gz,/Users/estebanfelixmoran/Desktop/Purdue/Medical_Imaging/3D-Medical-Segment-Anything/outputs/two_task_joint_decoder/probability_maps/brain_mouse/POLYIC_20190510_mouse35__E3_P1_probability.nii.gz,/Users/estebanfelixmoran/Desktop/Purdue/Medical_Imaging/Datasets/Image_Database/src_adult/POLYIC_20190510_mouse35__E3_P1.nii.gz,/Users/estebanfelixmoran/Desktop/Purdue/Medical_Imaging/Datasets/Mask_Database/label_adult/POLYIC_20190510_mouse35__E3_P1.nii.gz,0.9821556625814839
Mouse,POLYIC_20190510_mouse37__E2_P1,0.009962398558855057,0.9849212554451022,0.986688658836791,0.9831601724451199,1606,2039,0.10000000149011612,0.02402625053828908,0.9867644064345347,0.986510067114094,0.9870245777838803,3,0.29491537366392373,7.265268243213486,0.9964239110685321,0.9702904929577466,0.43578553199768066,0.3825364410877228,0.2397444099187851,0.04789351671934128,/Users/estebanfelixmoran/Desktop/Purdue/Medical_Imaging/3D-Medical-Segment-Anything/outputs/two_task_joint_decoder/native_predictions/brain_mouse/POLYIC_20190510_mouse37__E2_P1_prediction.nii.gz,/Users/estebanfelixmoran/Desktop/Purdue/Medical_Imaging/3D-Medical-Segment-Anything/outputs/two_task_joint_decoder/probability_maps/brain_mouse/POLYIC_20190510_mouse37__E2_P1_probability.nii.gz,/Users/estebanfelixmoran/Desktop/Purdue/Medical_Imaging/Datasets/Image_Database/src_adult/POLYIC_20190510_mouse37__E2_P1.nii.gz,/Users/estebanfelixmoran/Desktop/Purdue/Medical_Imaging/Datasets/Mask_Database/label_adult/POLYIC_20190510_mouse37__E2_P1.nii.gz,0.9849212554451022
Mouse,POLYIC_20190510_mouse38__E2_P1,0.010271403007209301,0.983178121152212,0.9824795508110357,0.983877685606192,2022,1858,0.10000000149011612,0.027079242654414443,0.9821871398134889,0.9819564465952298,0.9824227022448115,1,0.2949341958228517,7.265113687898468,1.0014230675783555,0.9669128306585029,0.23699523508548737,0.22491204738616943,0.17536889016628265,0.07634751498699188,/Users/estebanfelixmoran/Desktop/Purdue/Medical_Imaging/3D-Medical-Segment-Anything/outputs/two_task_joint_decoder/native_predictions/brain_mouse/POLYIC_20190510_mouse38__E2_P1_prediction.nii.gz,/Users/estebanfelixmoran/Desktop/Purdue/Medical_Imaging/3D-Medical-Segment-Anything/outputs/two_task_joint_decoder/probability_maps/brain_mouse/POLYIC_20190510_mouse38__E2_P1_probability.nii.gz,/Users/estebanfelixmoran/Desktop/Purdue/Medical_Imaging/Datasets/Image_Database/src_adult/POLYIC_20190510_mouse38__E2_P1.nii.gz,/Users/estebanfelixmoran/Desktop/Purdue/Medical_Imaging/Datasets/Mask_Database/label_adult/POLYIC_20190510_mouse38__E2_P1.nii.gz,0.983178121152212
Mouse,POLYIC_20190510_mouse39__E4_P1,0.010659278370440006,0.983463495570503,0.9888919387212434,0.9780943250557823,1295,2582,0.10000000149011612,0.026361397006005222,0.9843106016001109,0.9845421295976813,0.9840773188708107,3,0.299348173013705,7.229227975069473,0.9890810985076652,0.9674650062099293,0.42139819264411926,0.36852172017097473,0.22747990489006042,0.0477769635617733,/Users/estebanfelixmoran/Desktop/Purdue/Medical_Imaging/3D-Medical-Segment-Anything/outputs/two_task_joint_decoder/native_predictions/brain_mouse/POLYIC_20190510_mouse39__E4_P1_prediction.nii.gz,/Users/estebanfelixmoran/Desktop/Purdue/Medical_Imaging/3D-Medical-Segment-Anything/outputs/two_task_joint_decoder/probability_maps/brain_mouse/POLYIC_20190510_mouse39__E4_P1_probability.nii.gz,/Users/estebanfelixmoran/Desktop/Purdue/Medical_Imaging/Datasets/Image_Database/src_adult/POLYIC_20190510_mouse39__E4_P1.nii.gz,/Users/estebanfelixmoran/Desktop/Purdue/Medical_Imaging/Datasets/Mask_Database/label_adult/POLYIC_20190510_mouse39__E4_P1.nii.gz,0.983463495570503
Mouse,POLYIC_20190510_mouse42__E2_P1,0.009915896691381931,0.9831533364409843,0.9866651510116997,0.9796664322489342,1525,2342,0.10000000149011612,0.02766451470022102,0.9784324586304785,0.9792596662317149,0.9775916230366493,1,0.28392155319738527,7.357856899011539,0.9929066930603669,0.9668648889498217,0.5450500249862671,0.47870662808418274,0.22718863189220428,0.030816584825515747,/Users/estebanfelixmoran/Desktop/Purdue/Medical_Imaging/3D-Medical-Segment-Anything/outputs/two_task_joint_decoder/native_predictions/brain_mouse/POLYIC_20190510_mouse42__E2_P1_prediction.nii.gz,/Users/estebanfelixmoran/Desktop/Purdue/Medical_Imaging/3D-Medical-Segment-Anything/outputs/two_task_joint_decoder/probability_maps/brain_mouse/POLYIC_20190510_mouse42__E2_P1_probability.nii.gz,/Users/estebanfelixmoran/Desktop/Purdue/Medical_Imaging/Datasets/Image_Database/src_adult/POLYIC_20190510_mouse42__E2_P1.nii.gz,/Users/estebanfelixmoran/Desktop/Purdue/Medical_Imaging/Datasets/Mask_Database/label_adult/POLYIC_20190510_mouse42__E2_P1.nii.gz,0.9831533364409843
Mouse,POLYIC_20190510_mouse43__E2_P1_1,0.010500846430659294,0.9777220512430816,0.9800058395643177,0.9754488823744961,1575,1943,0.14142135834465194,0.03315297796961031,0.9583604175429205,0.9409566517189836,0.9765912471619823,27,0.1736181093906148,8.66866959625099,0.995350071391567,0.9564150849893454,0.2649417817592621,0.273362398147583,0.1847923845052719,0.04492275044322014,/Users/estebanfelixmoran/Desktop/Purdue/Medical_Imaging/3D-Medical-Segment-Anything/outputs/two_task_joint_decoder/native_predictions/brain_mouse/POLYIC_20190510_mouse43__E2_P1_1_prediction.nii.gz,/Users/estebanfelixmoran/Desktop/Purdue/Medical_Imaging/3D-Medical-Segment-Anything/outputs/two_task_joint_decoder/probability_maps/brain_mouse/POLYIC_20190510_mouse43__E2_P1_1_probability.nii.gz,/Users/estebanfelixmoran/Desktop/Purdue/Medical_Imaging/Datasets/Image_Database/src_adult/POLYIC_20190510_mouse43__E2_P1_1.nii.gz,/Users/estebanfelixmoran/Desktop/Purdue/Medical_Imaging/Datasets/Mask_Database/label_adult/POLYIC_20190510_mouse43__E2_P1_1.nii.gz,0.9779388012338563
Mouse,POLYIC_20190510_mouse43__E9_P1,0.009929757565259933,0.9642780496631473,0.9519125319863082,0.9769690561661707,5788,2701,0.4000000059604645,0.08627595940904405,0.8369653218189178,0.8117823590814196,0.863928471640123,35,0.2696158278293302,7.485755932831034,1.0263222967845358,0.9310201925811563,0.09253186732530594,0.11211434006690979,0.13037608563899994,0.10540179163217545,/Users/estebanfelixmoran/Desktop/Purdue/Medical_Imaging/3D-Medical-Segment-Anything/outputs/two_task_joint_decoder/native_predictions/brain_mouse/POLYIC_20190510_mouse43__E9_P1_prediction.nii.gz,/Users/estebanfelixmoran/Desktop/Purdue/Medical_Imaging/3D-Medical-Segment-Anything/outputs/two_task_joint_decoder/probability_maps/brain_mouse/POLYIC_20190510_mouse43__E9_P1_probability.nii.gz,/Users/estebanfelixmoran/Desktop/Purdue/Medical_Imaging/Datasets/Image_Database/src_adult/POLYIC_20190510_mouse43__E9_P1.nii.gz,/Users/estebanfelixmoran/Desktop/Purdue/Medical_Imaging/Datasets/Mask_Database/label_adult/POLYIC_20190510_mouse43__E9_P1.nii.gz,0.9643348609375197
Mouse,POLYIC_20190517_mouse33__E2_P1,0.009964627213776112,0.9811120389195469,0.976785585194824,0.9854769892786813,2569,1593,0.14142135834465194,0.03588788092710656,0.958623440673049,0.9555030094582975,0.9618208516886931,2,0.3019523663788909,7.208385072835033,1.0088979651374808,0.9629243610643434,0.7082095742225647,0.5781769156455994,0.29130449891090393,0.008427593857049942,/Users/estebanfelixmoran/Desktop/Purdue/Medical_Imaging/3D-Medical-Segment-Anything/outputs/two_task_joint_decoder/native_predictions/brain_mouse/POLYIC_20190517_mouse33__E2_P1_prediction.nii.gz,/Users/estebanfelixmoran/Desktop/Purdue/Medical_Imaging/3D-Medical-Segment-Anything/outputs/two_task_joint_decoder/probability_maps/brain_mouse/POLYIC_20190517_mouse33__E2_P1_probability.nii.gz,/Users/estebanfelixmoran/Desktop/Purdue/Medical_Imaging/Datasets/Image_Database/src_adult/POLYIC_20190517_mouse33__E2_P1.nii.gz,/Users/estebanfelixmoran/Desktop/Purdue/Medical_Imaging/Datasets/Mask_Database/label_adult/POLYIC_20190517_mouse33__E2_P1.nii.gz,0.9811164914159681
Mouse,POLYIC_20190517_mouse35__E2_P1,0.010382164269685745,0.982854649635589,0.982614036961863,0.9830953801758152,1953,1898,0.10000000149011612,0.028485802221246644,0.9713567137068604,0.9700765483646486,0.9726469350540048,6,0.28500028329734123,7.348561964527718,1.0004898599000687,0.9662873150660948,0.3243864178657532,0.2981560230255127,0.19942210614681244,0.060222361236810684,/Users/estebanfelixmoran/Desktop/Purdue/Medical_Imaging/3D-Medical-Segment-Anything/outputs/two_task_joint_decoder/native_predictions/brain_mouse/POLYIC_20190517_mouse35__E2_P1_prediction.nii.gz,/Users/estebanfelixmoran/Desktop/Purdue/Medical_Imaging/3D-Medical-Segment-Anything/outputs/two_task_joint_decoder/probability_maps/brain_mouse/POLYIC_20190517_mouse35__E2_P1_probability.nii.gz,/Users/estebanfelixmoran/Desktop/Purdue/Medical_Imaging/Datasets/Image_Database/src_adult/POLYIC_20190517_mouse35__E2_P1.nii.gz,/Users/estebanfelixmoran/Desktop/Purdue/Medical_Imaging/Datasets/Mask_Database/label_adult/POLYIC_20190517_mouse35__E2_P1.nii.gz,0.982854649635589
Mouse,POLYIC_20190517_mouse36__E2_P1,0.010279812850058079,0.9830577263503303,0.9848606749543658,0.9812613668686485,1750,2174,0.10000000149011612,0.027509467545331855,0.9770714091032979,0.9789810216992041,0.9751552795031055,3,0.28185845868561676,7.375765493999067,0.996345363179534,0.9666799697708185,0.4384824335575104,0.39753633737564087,0.23835568130016327,0.04474152252078056,/Users/estebanfelixmoran/Desktop/Purdue/Medical_Imaging/3D-Medical-Segment-Anything/outputs/two_task_joint_decoder/native_predictions/brain_mouse/POLYIC_20190517_mouse36__E2_P1_prediction.nii.gz,/Users/estebanfelixmoran/Desktop/Purdue/Medical_Imaging/3D-Medical-Segment-Anything/outputs/two_task_joint_decoder/probability_maps/brain_mouse/POLYIC_20190517_mouse36__E2_P1_probability.nii.gz,/Users/estebanfelixmoran/Desktop/Purdue/Medical_Imaging/Datasets/Image_Database/src_adult/POLYIC_20190517_mouse36__E2_P1.nii.gz,/Users/estebanfelixmoran/Desktop/Purdue/Medical_Imaging/Datasets/Mask_Database/label_adult/POLYIC_20190517_mouse36__E2_P1.nii.gz,0.9830577263503303
Mouse,POLYIC_20190517_mouse37__E3_P1,0.010030729696154594,0.975409542127826,0.9589469602033261,0.9924472351308051,12809,2277,0.15722352966795397,0.039783748981553686,0.9602179836512261,0.9580734580734581,0.9624396292912153,2,0.19522337570313364,8.336303516139584,1.0349344398780678,0.9519994400040728,0.451447993516922,0.39593979716300964,0.23941844701766968,0.0552462637424469,/Users/estebanfelixmoran/Desktop/Purdue/Medical_Imaging/3D-Medical-Segment-Anything/outputs/two_task_joint_decoder/native_predictions/brain_mouse/POLYIC_20190517_mouse37__E3_P1_prediction.nii.gz,/Users/estebanfelixmoran/Desktop/Purdue/Medical_Imaging/3D-Medical-Segment-Anything/outputs/two_task_joint_decoder/probability_maps/brain_mouse/POLYIC_20190517_mouse37__E3_P1_probability.nii.gz,/Users/estebanfelixmoran/Desktop/Purdue/Medical_Imaging/Datasets/Image_Database/src_adult/POLYIC_20190517_mouse37__E3_P1.nii.gz,/Users/estebanfelixmoran/Desktop/Purdue/Medical_Imaging/Datasets/Mask_Database/label_adult/POLYIC_20190517_mouse37__E3_P1.nii.gz,0.975409542127826
Mouse,POLYIC_20190517_mouse38__E3_P1,0.010106390342116356,0.9842193765360238,0.9831257429324513,0.9853154459753445,1959,1701,0.10000000149011612,0.026944464874208412,0.9793244337994435,0.9785864240727782,0.9800723352953691,2,0.3095503998249305,7.148918314411096,1.0022272868538278,0.9689290716923467,0.6199237108230591,0.4989125430583954,0.2836953401565552,0.019178951159119606,/Users/estebanfelixmoran/Desktop/Purdue/Medical_Imaging/3D-Medical-Segment-Anything/outputs/two_task_joint_decoder/native_predictions/brain_mouse/POLYIC_20190517_mouse38__E3_P1_prediction.nii.gz,/Users/estebanfelixmoran/Desktop/Purdue/Medical_Imaging/3D-Medical-Segment-Anything/outputs/two_task_joint_decoder/probability_maps/brain_mouse/POLYIC_20190517_mouse38__E3_P1_probability.nii.gz,/Users/estebanfelixmoran/Desktop/Purdue/Medical_Imaging/Datasets/Image_Database/src_adult/POLYIC_20190517_mouse38__E3_P1.nii.gz,/Users/estebanfelixmoran/Desktop/Purdue/Medical_Imaging/Datasets/Mask_Database/label_adult/POLYIC_20190517_mouse38__E3_P1.nii.gz,0.9842236201596178
Mouse,POLYIC_20190517_mouse39__E12_P1,0.010250742547214031,0.9767609577443257,0.9588346600548088,0.9953703233322835,12618,1367,0.1988737822087165,0.04127670827002987,0.9527746966488522,0.9561751681154667,0.9492021918185891,3,0.2127737651431155,8.100492636695185,1.0381042371532399,0.9545774910925112,0.2612157166004181,0.23988838493824005,0.21344511210918427,0.08050069957971573,/Users/estebanfelixmoran/Desktop/Purdue/Medical_Imaging/3D-Medical-Segment-Anything/outputs/two_task_joint_decoder/native_predictions/brain_mouse/POLYIC_20190517_mouse39__E12_P1_prediction.nii.gz,/Users/estebanfelixmoran/Desktop/Purdue/Medical_Imaging/3D-Medical-Segment-Anything/outputs/two_task_joint_decoder/probability_maps/brain_mouse/POLYIC_20190517_mouse39__E12_P1_probability.nii.gz,/Users/estebanfelixmoran/Desktop/Purdue/Medical_Imaging/Datasets/Image_Database/src_adult/POLYIC_20190517_mouse39__E12_P1.nii.gz,/Users/estebanfelixmoran/Desktop/Purdue/Medical_Imaging/Datasets/Mask_Database/label_adult/POLYIC_20190517_mouse39__E12_P1.nii.gz,0.9767609577443257
Mouse,POLYIC_20190517_mouse42__E4_P1,0.009777665138244629,0.9847788091157456,0.9851131367656295,0.9844447083170769,1754,1834,0.10000000149011612,0.024072111156789602,0.984916581545795,0.9859392956127898,0.9838787130410921,1,0.2874039629433422,7.328018219080405,0.9993214703737002,0.970014040248713,0.40977907180786133,0.3643648326396942,0.22713977098464966,0.050008490681648254,/Users/estebanfelixmoran/Desktop/Purdue/Medical_Imaging/3D-Medical-Segment-Anything/outputs/two_task_joint_decoder/native_predictions/brain_mouse/POLYIC_20190517_mouse42__E4_P1_prediction.nii.gz,/Users/estebanfelixmoran/Desktop/Purdue/Medical_Imaging/3D-Medical-Segment-Anything/outputs/two_task_joint_decoder/probability_maps/brain_mouse/POLYIC_20190517_mouse42__E4_P1_probability.nii.gz,/Users/estebanfelixmoran/Desktop/Purdue/Medical_Imaging/Datasets/Image_Database/src_adult/POLYIC_20190517_mouse42__E4_P1.nii.gz,/Users/estebanfelixmoran/Desktop/Purdue/Medical_Imaging/Datasets/Mask_Database/label_adult/POLYIC_20190517_mouse42__E4_P1.nii.gz,0.9847788091157456
Mouse,POLYIC_20190517_mouse43__E3_P1,0.009661894291639328,0.9839166582855611,0.9850807635829663,0.9827553010706781,1778,2060,0.10000000149011612,0.026331657722855475,0.9803080456664189,0.9799196787148594,0.9807036683485613,1,0.2854482040208659,7.344716203904412,0.9976393179135589,0.9683424753577762,0.4808145761489868,0.4228943884372711,0.2474205195903778,0.03971746191382408,/Users/estebanfelixmoran/Desktop/Purdue/Medical_Imaging/3D-Medical-Segment-Anything/outputs/two_task_joint_decoder/native_predictions/brain_mouse/POLYIC_20190517_mouse43__E3_P1_prediction.nii.gz,/Users/estebanfelixmoran/Desktop/Purdue/Medical_Imaging/3D-Medical-Segment-Anything/outputs/two_task_joint_decoder/probability_maps/brain_mouse/POLYIC_20190517_mouse43__E3_P1_probability.nii.gz,/Users/estebanfelixmoran/Desktop/Purdue/Medical_Imaging/Datasets/Image_Database/src_adult/POLYIC_20190517_mouse43__E3_P1.nii.gz,/Users/estebanfelixmoran/Desktop/Purdue/Medical_Imaging/Datasets/Mask_Database/label_adult/POLYIC_20190517_mouse43__E3_P1.nii.gz,0.9839166582855611
Mouse,POLYIC_20190524_polyic___E3_P1,0.009957397356629372,0.9825500711785193,0.9788953509116209,0.9862321836188148,2366,1532,0.10000000149011612,0.028835024002621428,0.9737815608950185,0.968767665347654,0.9789642831056898,2,0.2971861887269735,7.246716146490974,1.0074950123119506,0.9656986976416755,0.5626581311225891,0.4707704484462738,0.2631552815437317,0.024394812062382698,/Users/estebanfelixmoran/Desktop/Purdue/Medical_Imaging/3D-Medical-Segment-Anything/outputs/two_task_joint_decoder/native_predictions/brain_mouse/POLYIC_20190524_polyic___E3_P1_prediction.nii.gz,/Users/estebanfelixmoran/Desktop/Purdue/Medical_Imaging/3D-Medical-Segment-Anything/outputs/two_task_joint_decoder/probability_maps/brain_mouse/POLYIC_20190524_polyic___E3_P1_probability.nii.gz,/Users/estebanfelixmoran/Desktop/Purdue/Medical_Imaging/Datasets/Image_Database/src_adult/POLYIC_20190524_polyic___E3_P1.nii.gz,/Users/estebanfelixmoran/Desktop/Purdue/Medical_Imaging/Datasets/Mask_Database/label_adult/POLYIC_20190524_polyic___E3_P1.nii.gz,0.9825500711785193
Mouse,POLYIC_20190524_polyic___E3_P1_1,0.010076450183987617,0.9846330421475483,0.9853492942647847,0.9839178305637679,1722,1893,0.10000000149011612,0.023817756437129158,0.988635583327611,0.98679334276666,0.9905495274763738,1,0.28324890216633863,7.363676700794072,0.998547252523193,0.9697312233107259,0.34002748131752014,0.31646817922592163,0.21620506048202515,0.058910999447107315,/Users/estebanfelixmoran/Desktop/Purdue/Medical_Imaging/3D-Medical-Segment-Anything/outputs/two_task_joint_decoder/native_predictions/brain_mouse/POLYIC_20190524_polyic___E3_P1_1_prediction.nii.gz,/Users/estebanfelixmoran/Desktop/Purdue/Medical_Imaging/3D-Medical-Segment-Anything/outputs/two_task_joint_decoder/probability_maps/brain_mouse/POLYIC_20190524_polyic___E3_P1_1_probability.nii.gz,/Users/estebanfelixmoran/Desktop/Purdue/Medical_Imaging/Datasets/Image_Database/src_adult/POLYIC_20190524_polyic___E3_P1_1.nii.gz,/Users/estebanfelixmoran/Desktop/Purdue/Medical_Imaging/Datasets/Mask_Database/label_adult/POLYIC_20190524_polyic___E3_P1_1.nii.gz,0.9846330421475483
Mouse,POLYIC_20190524_polyic___E3_P1_10,0.010081909596920013,0.9833390214389873,0.9794882209585702,0.9872202198193387,2323,1436,0.10000000149011612,0.02600065782198672,0.980773927910953,0.9763451151979217,0.9853905359179019,3,0.27468472139554123,7.439423631726302,1.0078939171450185,0.9672241210937501,0.49099352955818176,0.41359594464302063,0.23731988668441772,0.036007095128297806,/Users/estebanfelixmoran/Desktop/Purdue/Medical_Imaging/3D-Medical-Segment-Anything/outputs/two_task_joint_decoder/native_predictions/brain_mouse/POLYIC_20190524_polyic___E3_P1_10_prediction.nii.gz,/Users/estebanfelixmoran/Desktop/Purdue/Medical_Imaging/3D-Medical-Segment-Anything/outputs/two_task_joint_decoder/probability_maps/brain_mouse/POLYIC_20190524_polyic___E3_P1_10_probability.nii.gz,/Users/estebanfelixmoran/Desktop/Purdue/Medical_Imaging/Datasets/Image_Database/src_adult/POLYIC_20190524_polyic___E3_P1_10.nii.gz,/Users/estebanfelixmoran/Desktop/Purdue/Medical_Imaging/Datasets/Mask_Database/label_adult/POLYIC_20190524_polyic___E3_P1_10.nii.gz,0.9833390214389873
Mouse,POLYIC_20190524_polyic___E3_P1_12,0.01026495173573494,0.983647872959145,0.983880078576186,0.9834157769219749,1912,1968,0.10000000149011612,0.025149685340277245,0.9834953726905216,0.9872467618731319,0.9796988437752084,1,0.2763224574147248,7.4246969213912335,0.9995280912132269,0.967821925874323,0.6324654817581177,0.5196791291236877,0.2780854403972626,0.017272798344492912,/Users/estebanfelixmoran/Desktop/Purdue/Medical_Imaging/3D-Medical-Segment-Anything/outputs/two_task_joint_decoder/native_predictions/brain_mouse/POLYIC_20190524_polyic___E3_P1_12_prediction.nii.gz,/Users/estebanfelixmoran/Desktop/Purdue/Medical_Imaging/3D-Medical-Segment-Anything/outputs/two_task_joint_decoder/probability_maps/brain_mouse/POLYIC_20190524_polyic___E3_P1_12_probability.nii.gz,/Users/estebanfelixmoran/Desktop/Purdue/Medical_Imaging/Datasets/Image_Database/src_adult/POLYIC_20190524_polyic___E3_P1_12.nii.gz,/Users/estebanfelixmoran/Desktop/Purdue/Medical_Imaging/Datasets/Mask_Database/label_adult/POLYIC_20190524_polyic___E3_P1_12.nii.gz,0.983647872959145
Mouse,POLYIC_20190524_polyic___E3_P1_13,0.010098368860781193,0.9818052736490483,0.979016155382102,0.9846103291527466,2312,1686,0.10000000149011612,0.0330983232539755,0.9747239976757699,0.968270944741533,0.9814225445932944,5,0.2949208341147959,7.265223404191655,1.005714077076145,0.9642608120429799,0.3420272469520569,0.2997351884841919,0.2341259866952896,0.05198075994849205,/Users/estebanfelixmoran/Desktop/Purdue/Medical_Imaging/3D-Medical-Segment-Anything/outputs/two_task_joint_decoder/native_predictions/brain_mouse/POLYIC_20190524_polyic___E3_P1_13_prediction.nii.gz,/Users/estebanfelixmoran/Desktop/Purdue/Medical_Imaging/3D-Medical-Segment-Anything/outputs/two_task_joint_decoder/probability_maps/brain_mouse/POLYIC_20190524_polyic___E3_P1_13_probability.nii.gz,/Users/estebanfelixmoran/Desktop/Purdue/Medical_Imaging/Datasets/Image_Database/src_adult/POLYIC_20190524_polyic___E3_P1_13.nii.gz,/Users/estebanfelixmoran/Desktop/Purdue/Medical_Imaging/Datasets/Mask_Database/label_adult/POLYIC_20190524_polyic___E3_P1_13.nii.gz,0.9818276149256584
Mouse,POLYIC_20190524_polyic___E3_P1_3,0.009930407628417015,0.9710287322746827,0.9574267535935904,0.9850227621690058,4878,1668,0.30000000447034836,0.22248180969565778,0.929562068729931,0.8891764249207479,0.9747412607657234,5,0.23825570402218219,7.800749924465286,1.02882310158123,0.9436888693901778,0.3987385928630829,0.3310754597187042,0.2590203881263733,0.045492298901081085,/Users/estebanfelixmoran/Desktop/Purdue/Medical_Imaging/3D-Medical-Segment-Anything/outputs/two_task_joint_decoder/native_predictions/brain_mouse/POLYIC_20190524_polyic___E3_P1_3_prediction.nii.gz,/Users/estebanfelixmoran/Desktop/Purdue/Medical_Imaging/3D-Medical-Segment-Anything/outputs/two_task_joint_decoder/probability_maps/brain_mouse/POLYIC_20190524_polyic___E3_P1_3_probability.nii.gz,/Users/estebanfelixmoran/Desktop/Purdue/Medical_Imaging/Datasets/Image_Database/src_adult/POLYIC_20190524_polyic___E3_P1_3.nii.gz,/Users/estebanfelixmoran/Desktop/Purdue/Medical_Imaging/Datasets/Mask_Database/label_adult/POLYIC_20190524_polyic___E3_P1_3.nii.gz,0.9805675977653632
Mouse,POLYIC_20190524_polyic___E3_P1_4,0.009833317250013351,0.9844173919171276,0.9842960066233332,0.9845388071535548,1783,1755,0.10000000149011612,0.023332266713359254,0.992797587369168,0.9910445672706919,0.9946012093291102,1,0.29588355334151156,7.257335199744931,1.0002466743018237,0.9693129678297903,0.4963502585887909,0.42965373396873474,0.23249703645706177,0.03546958416700363,/Users/estebanfelixmoran/Desktop/Purdue/Medical_Imaging/3D-Medical-Segment-Anything/outputs/two_task_joint_decoder/native_predictions/brain_mouse/POLYIC_20190524_polyic___E3_P1_4_prediction.nii.gz,/Users/estebanfelixmoran/Desktop/Purdue/Medical_Imaging/3D-Medical-Segment-Anything/outputs/two_task_joint_decoder/probability_maps/brain_mouse/POLYIC_20190524_polyic___E3_P1_4_probability.nii.gz,/Users/estebanfelixmoran/Desktop/Purdue/Medical_Imaging/Datasets/Image_Database/src_adult/POLYIC_20190524_polyic___E3_P1_4.nii.gz,/Users/estebanfelixmoran/Desktop/Purdue/Medical_Imaging/Datasets/Mask_Database/label_adult/POLYIC_20190524_polyic___E3_P1_4.nii.gz,0.9844173919171276
Mouse,POLYIC_20190524_polyic___E3_P1_5,0.009828136302530766,0.9835738229261726,0.9808000720785657,0.9863633068754304,2131,1505,0.10000000149011612,0.027723695753273353,0.976091177105055,0.9717494173317325,0.9805931893079458,3,0.2908560752985905,7.298911166014325,1.0056721394657677,0.9676785634917108,0.6381648182868958,0.5222653150558472,0.2764113247394562,0.01644461415708065,/Users/estebanfelixmoran/Desktop/Purdue/Medical_Imaging/3D-Medical-Segment-Anything/outputs/two_task_joint_decoder/native_predictions/brain_mouse/POLYIC_20190524_polyic___E3_P1_5_prediction.nii.gz,/Users/estebanfelixmoran/Desktop/Purdue/Medical_Imaging/3D-Medical-Segment-Anything/outputs/two_task_joint_decoder/probability_maps/brain_mouse/POLYIC_20190524_polyic___E3_P1_5_probability.nii.gz,/Users/estebanfelixmoran/Desktop/Purdue/Medical_Imaging/Datasets/Image_Database/src_adult/POLYIC_20190524_polyic___E3_P1_5.nii.gz,/Users/estebanfelixmoran/Desktop/Purdue/Medical_Imaging/Datasets/Mask_Database/label_adult/POLYIC_20190524_polyic___E3_P1_5.nii.gz,0.9836093717528214
Mouse,POLYIC_20190524_polyic___E3_P1_6,0.00986498687416315,0.981952772100099,0.9888567467177898,0.975144533063257,1302,2945,0.10000000149011612,0.0304937435408211,0.9690828967000937,0.9711982360642183,0.9669369495316651,1,0.29931966541383526,7.2294574748539775,0.9861332658142381,0.9645454014208554,0.29949045181274414,0.2680484354496002,0.2036101520061493,0.06298437714576721,/Users/estebanfelixmoran/Desktop/Purdue/Medical_Imaging/3D-Medical-Segment-Anything/outputs/two_task_joint_decoder/native_predictions/brain_mouse/POLYIC_20190524_polyic___E3_P1_6_prediction.nii.gz,/Users/estebanfelixmoran/Desktop/Purdue/Medical_Imaging/3D-Medical-Segment-Anything/outputs/two_task_joint_decoder/probability_maps/brain_mouse/POLYIC_20190524_polyic___E3_P1_6_probability.nii.gz,/Users/estebanfelixmoran/Desktop/Purdue/Medical_Imaging/Datasets/Image_Database/src_adult/POLYIC_20190524_polyic___E3_P1_6.nii.gz,/Users/estebanfelixmoran/Desktop/Purdue/Medical_Imaging/Datasets/Mask_Database/label_adult/POLYIC_20190524_polyic___E3_P1_6.nii.gz,0.981952772100099
Mouse,POLYIC_20190524_polyic___E3_P1_7,0.009994227439165115,0.9820406293957932,0.9801671704168066,0.9839212638242483,2126,1717,0.10000000149011612,0.028081552329972687,0.9803136592353179,0.9775061478374077,0.9832102081934184,7,0.2913911616640848,7.294440725119032,1.0038300542200829,0.9647149559740346,0.27455833554267883,0.2515774369239807,0.2130061388015747,0.0594065897166729,/Users/estebanfelixmoran/Desktop/Purdue/Medical_Imaging/3D-Medical-Segment-Anything/outputs/two_task_joint_decoder/native_predictions/brain_mouse/POLYIC_20190524_polyic___E3_P1_7_prediction.nii.gz,/Users/estebanfelixmoran/Desktop/Purdue/Medical_Imaging/3D-Medical-Segment-Anything/outputs/two_task_joint_decoder/probability_maps/brain_mouse/POLYIC_20190524_polyic___E3_P1_7_probability.nii.gz,/Users/estebanfelixmoran/Desktop/Purdue/Medical_Imaging/Datasets/Image_Database/src_adult/POLYIC_20190524_polyic___E3_P1_7.nii.gz,/Users/estebanfelixmoran/Desktop/Purdue/Medical_Imaging/Datasets/Mask_Database/label_adult/POLYIC_20190524_polyic___E3_P1_7.nii.gz,0.9820773454842856
Mouse,POLYIC_20190524_polyic___E3_P1_9,0.009639862924814224,0.9827812293695796,0.9821150995915121,0.9834482633798484,1979,1829,0.10000000149011612,0.027703725033135347,0.9790848246762694,0.9774581365392873,0.9807663855599941,2,0.3007217545778123,7.2182043945121155,1.0013574414942716,0.966145393444226,0.2619783282279968,0.2457859367132187,0.2038658708333969,0.059326138347387314,/Users/estebanfelixmoran/Desktop/Purdue/Medical_Imaging/3D-Medical-Segment-Anything/outputs/two_task_joint_decoder/native_predictions/brain_mouse/POLYIC_20190524_polyic___E3_P1_9_prediction.nii.gz,/Users/estebanfelixmoran/Desktop/Purdue/Medical_Imaging/3D-Medical-Segment-Anything/outputs/two_task_joint_decoder/probability_maps/brain_mouse/POLYIC_20190524_polyic___E3_P1_9_probability.nii.gz,/Users/estebanfelixmoran/Desktop/Purdue/Medical_Imaging/Datasets/Image_Database/src_adult/POLYIC_20190524_polyic___E3_P1_9.nii.gz,/Users/estebanfelixmoran/Desktop/Purdue/Medical_Imaging/Datasets/Mask_Database/label_adult/POLYIC_20190524_polyic___E3_P1_9.nii.gz,0.9827812293695796
Mouse,POLYIC_20190524_polyic___E4_P1_1,0.010035138577222824,0.9830473756161858,0.9856413187127192,0.9804670498050259,1608,2199,0.10000000149011612,0.02785733721968784,0.9759873060648802,0.9777560156687185,0.9741894197952219,1,0.2876790468599058,7.32568174626797,0.994750353085389,0.9666599525340012,0.5350744724273682,0.4480777978897095,0.2530484199523926,0.028524363413453102,/Users/estebanfelixmoran/Desktop/Purdue/Medical_Imaging/3D-Medical-Segment-Anything/outputs/two_task_joint_decoder/native_predictions/brain_mouse/POLYIC_20190524_polyic___E4_P1_1_prediction.nii.gz,/Users/estebanfelixmoran/Desktop/Purdue/Medical_Imaging/3D-Medical-Segment-Anything/outputs/two_task_joint_decoder/probability_maps/brain_mouse/POLYIC_20190524_polyic___E4_P1_1_probability.nii.gz,/Users/estebanfelixmoran/Desktop/Purdue/Medical_Imaging/Datasets/Image_Database/src_adult/POLYIC_20190524_polyic___E4_P1_1.nii.gz,/Users/estebanfelixmoran/Desktop/Purdue/Medical_Imaging/Datasets/Mask_Database/label_adult/POLYIC_20190524_polyic___E4_P1_1.nii.gz,0.9830473756161858
Mouse,POLYIC_20190524_polyic___E4_P1_7,0.01037308294326067,0.9829890976825727,0.9797684704854475,0.9862309679547079,2223,1503,0.10000000149011612,0.026719275479981628,0.979728493541659,0.9780417566594672,0.9814718357020612,1,0.3019418291172223,7.208468925362052,1.0065959434947507,0.9665472567134429,0.22586244344711304,0.21175454556941986,0.1902453601360321,0.06886182725429535,/Users/estebanfelixmoran/Desktop/Purdue/Medical_Imaging/3D-Medical-Segment-Anything/outputs/two_task_joint_decoder/native_predictions/brain_mouse/POLYIC_20190524_polyic___E4_P1_7_prediction.nii.gz,/Users/estebanfelixmoran/Desktop/Purdue/Medical_Imaging/3D-Medical-Segment-Anything/outputs/two_task_joint_decoder/probability_maps/brain_mouse/POLYIC_20190524_polyic___E4_P1_7_probability.nii.gz,/Users/estebanfelixmoran/Desktop/Purdue/Medical_Imaging/Datasets/Image_Database/src_adult/POLYIC_20190524_polyic___E4_P1_7.nii.gz,/Users/estebanfelixmoran/Desktop/Purdue/Medical_Imaging/Datasets/Mask_Database/label_adult/POLYIC_20190524_polyic___E4_P1_7.nii.gz,0.9829890976825727
Mouse,POLYIC_20190524_polyic___E4_P1_9,0.010589877143502235,0.9810693861575595,0.975929675197702,0.9862635200713492,2782,1571,0.10000000149011612,0.03311600132828607,0.9679455877223578,0.9621845834773591,0.9738120380147836,2,0.29580367367675314,7.257988404758607,1.010588718773772,0.962842192421617,0.2599526047706604,0.24780568480491638,0.1979483962059021,0.061428848654031754,/Users/estebanfelixmoran/Desktop/Purdue/Medical_Imaging/3D-Medical-Segment-Anything/outputs/two_task_joint_decoder/native_predictions/brain_mouse/POLYIC_20190524_polyic___E4_P1_9_prediction.nii.gz,/Users/estebanfelixmoran/Desktop/Purdue/Medical_Imaging/3D-Medical-Segment-Anything/outputs/two_task_joint_decoder/probability_maps/brain_mouse/POLYIC_20190524_polyic___E4_P1_9_probability.nii.gz,/Users/estebanfelixmoran/Desktop/Purdue/Medical_Imaging/Datasets/Image_Database/src_adult/POLYIC_20190524_polyic___E4_P1_9.nii.gz,/Users/estebanfelixmoran/Desktop/Purdue/Medical_Imaging/Datasets/Mask_Database/label_adult/POLYIC_20190524_polyic___E4_P1_9.nii.gz,0.9810693861575595
Mouse,POLYIC_20190524_polyic___E8_P1_1,0.010038918815553188,0.981317696736363,0.9790422076485321,0.9836037878451074,2368,1844,0.10000000149011612,0.0313172807872992,0.9704916875507394,0.9688590978913559,0.9721607538011279,5,0.29125262550759246,7.2955970907752885,1.0046592273151647,0.9633206482457133,0.29209572076797485,0.2704470753669739,0.20559699833393097,0.062140583992004395,/Users/estebanfelixmoran/Desktop/Purdue/Medical_Imaging/3D-Medical-Segment-Anything/outputs/two_task_joint_decoder/native_predictions/brain_mouse/POLYIC_20190524_polyic___E8_P1_1_prediction.nii.gz,/Users/estebanfelixmoran/Desktop/Purdue/Medical_Imaging/3D-Medical-Segment-Anything/outputs/two_task_joint_decoder/probability_maps/brain_mouse/POLYIC_20190524_polyic___E8_P1_1_probability.nii.gz,/Users/estebanfelixmoran/Desktop/Purdue/Medical_Imaging/Datasets/Image_Database/src_adult/POLYIC_20190524_polyic___E8_P1_1.nii.gz,/Users/estebanfelixmoran/Desktop/Purdue/Medical_Imaging/Datasets/Mask_Database/label_adult/POLYIC_20190524_polyic___E8_P1_1.nii.gz,0.9812996229762697
Mouse,POLYIC_20190524_polyic___E9_P1_1,0.010012009181082249,0.9806159046873067,0.9820652981685466,0.9791707831126918,2172,2530,0.14142135834465194,0.03530846249938175,0.9593169100147938,0.9600102702355735,0.9586206896551724,5,0.25996852513993796,7.577231121994092,0.9970526246459857,0.9619690057911934,0.4796697497367859,0.41406503319740295,0.23839658498764038,0.03858472779393196,/Users/estebanfelixmoran/Desktop/Purdue/Medical_Imaging/3D-Medical-Segment-Anything/outputs/two_task_joint_decoder/native_predictions/brain_mouse/POLYIC_20190524_polyic___E9_P1_1_prediction.nii.gz,/Users/estebanfelixmoran/Desktop/Purdue/Medical_Imaging/3D-Medical-Segment-Anything/outputs/two_task_joint_decoder/probability_maps/brain_mouse/POLYIC_20190524_polyic___E9_P1_1_probability.nii.gz,/Users/estebanfelixmoran/Desktop/Purdue/Medical_Imaging/Datasets/Image_Database/src_adult/POLYIC_20190524_polyic___E9_P1_1.nii.gz,/Users/estebanfelixmoran/Desktop/Purdue/Medical_Imaging/Datasets/Mask_Database/label_adult/POLYIC_20190524_polyic___E9_P1_1.nii.gz,0.980850432143564
Mouse,POLYIC_20190531_polyic_m__E3_P1,0.009647122584283352,0.9839582777524377,0.9858417762448803,0.9820819625662478,1642,2086,0.10000000149011612,0.024795262219494046,0.986273773346536,0.9844563087112252,0.9881297446514837,2,0.27823788806564,7.407620105307347,0.9961861895395081,0.9684231033110005,0.4434279799461365,0.39503565430641174,0.21513204276561737,0.0411800779402256,/Users/estebanfelixmoran/Desktop/Purdue/Medical_Imaging/3D-Medical-Segment-Anything/outputs/two_task_joint_decoder/native_predictions/brain_mouse/POLYIC_20190531_polyic_m__E3_P1_prediction.nii.gz,/Users/estebanfelixmoran/Desktop/Purdue/Medical_Imaging/3D-Medical-Segment-Anything/outputs/two_task_joint_decoder/probability_maps/brain_mouse/POLYIC_20190531_polyic_m__E3_P1_probability.nii.gz,/Users/estebanfelixmoran/Desktop/Purdue/Medical_Imaging/Datasets/Image_Database/src_adult/POLYIC_20190531_polyic_m__E3_P1.nii.gz,/Users/estebanfelixmoran/Desktop/Purdue/Medical_Imaging/Datasets/Mask_Database/label_adult/POLYIC_20190531_polyic_m__E3_P1.nii.gz,0.9839625117796147
Mouse,POLYIC_20190531_polyic_m__E3_P1_1,0.010030768811702728,0.9819486772582187,0.9802428464702653,0.9836604554117403,2195,1809,0.14142135834465194,0.035846132918072315,0.9560002889964598,0.9513031060335595,0.9608101191781824,1,0.30114765625304724,7.214799978458551,1.0034864921011986,0.9645374995571616,0.263262003660202,0.25174468755722046,0.19152531027793884,0.06170676648616791,/Users/estebanfelixmoran/Desktop/Purdue/Medical_Imaging/3D-Medical-Segment-Anything/outputs/two_task_joint_decoder/native_predictions/brain_mouse/POLYIC_20190531_polyic_m__E3_P1_1_prediction.nii.gz,/Users/estebanfelixmoran/Desktop/Purdue/Medical_Imaging/3D-Medical-Segment-Anything/outputs/two_task_joint_decoder/probability_maps/brain_mouse/POLYIC_20190531_polyic_m__E3_P1_1_probability.nii.gz,/Users/estebanfelixmoran/Desktop/Purdue/Medical_Imaging/Datasets/Image_Database/src_adult/POLYIC_20190531_polyic_m__E3_P1_1.nii.gz,/Users/estebanfelixmoran/Desktop/Purdue/Medical_Imaging/Datasets/Mask_Database/label_adult/POLYIC_20190531_polyic_m__E3_P1_1.nii.gz,0.9819486772582187
Mouse,POLYIC_20190531_polyic_m__E3_P1_10,0.009749794378876686,0.9823115895026558,0.9833545386741543,0.9812708502981429,1897,2139,0.10000000149011612,0.03055477457447665,0.9730450552967533,0.9732411094808915,0.9728418308227115,7,0.2968653748443504,7.24932564603455,0.9978810405666904,0.9652380624267896,0.5825443863868713,0.47653886675834656,0.2539384365081787,0.02199232205748558,/Users/estebanfelixmoran/Desktop/Purdue/Medical_Imaging/3D-Medical-Segment-Anything/outputs/two_task_joint_decoder/native_predictions/brain_mouse/POLYIC_20190531_polyic_m__E3_P1_10_prediction.nii.gz,/Users/estebanfelixmoran/Desktop/Purdue/Medical_Imaging/3D-Medical-Segment-Anything/outputs/two_task_joint_decoder/probability_maps/brain_mouse/POLYIC_20190531_polyic_m__E3_P1_10_probability.nii.gz,/Users/estebanfelixmoran/Desktop/Purdue/Medical_Imaging/Datasets/Image_Database/src_adult/POLYIC_20190531_polyic_m__E3_P1_10.nii.gz,/Users/estebanfelixmoran/Desktop/Purdue/Medical_Imaging/Datasets/Mask_Database/label_adult/POLYIC_20190531_polyic_m__E3_P1_10.nii.gz,0.9824020056892147
Mouse,POLYIC_20190531_polyic_m__E3_P1_11,0.010423025116324425,0.9821837495128882,0.9878890904927159,0.9765439300671293,1375,2694,0.10000000149011612,0.032832553552633925,0.9662436817362412,0.9647759103641457,0.9677396331453858,2,0.2966714696809281,7.250904694102424,0.9885157549215083,0.9649912241456448,0.24036985635757446,0.23574583232402802,0.18316176533699036,0.06641612201929092,/Users/estebanfelixmoran/Desktop/Purdue/Medical_Imaging/3D-Medical-Segment-Anything/outputs/two_task_joint_decoder/native_predictions/brain_mouse/POLYIC_20190531_polyic_m__E3_P1_11_prediction.nii.gz,/Users/estebanfelixmoran/Desktop/Purdue/Medical_Imaging/3D-Medical-Segment-Anything/outputs/two_task_joint_decoder/probability_maps/brain_mouse/POLYIC_20190531_polyic_m__E3_P1_11_probability.nii.gz,/Users/estebanfelixmoran/Desktop/Purdue/Medical_Imaging/Datasets/Image_Database/src_adult/POLYIC_20190531_polyic_m__E3_P1_11.nii.gz,/Users/estebanfelixmoran/Desktop/Purdue/Medical_Imaging/Datasets/Mask_Database/label_adult/POLYIC_20190531_polyic_m__E3_P1_11.nii.gz,0.9821837495128882
Mouse,POLYIC_20190531_polyic_m__E3_P1_12,0.009827066212892532,0.9828731089241978,0.9802123381891291,0.9855483642166859,2244,1630,0.10000000149011612,0.027752329719243123,0.9765846487697315,0.9705801484740171,0.982813948513157,2,0.2799340593084086,7.392628413990286,1.0054437450128557,0.9663230001564754,0.4319731295108795,0.38656583428382874,0.21528083086013794,0.041908372193574905,/Users/estebanfelixmoran/Desktop/Purdue/Medical_Imaging/3D-Medical-Segment-Anything/outputs/two_task_joint_decoder/native_predictions/brain_mouse/POLYIC_20190531_polyic_m__E3_P1_12_prediction.nii.gz,/Users/estebanfelixmoran/Desktop/Purdue/Medical_Imaging/3D-Medical-Segment-Anything/outputs/two_task_joint_decoder/probability_maps/brain_mouse/POLYIC_20190531_polyic_m__E3_P1_12_probability.nii.gz,/Users/estebanfelixmoran/Desktop/Purdue/Medical_Imaging/Datasets/Image_Database/src_adult/POLYIC_20190531_polyic_m__E3_P1_12.nii.gz,/Users/estebanfelixmoran/Desktop/Purdue/Medical_Imaging/Datasets/Mask_Database/label_adult/POLYIC_20190531_polyic_m__E3_P1_12.nii.gz,0.9828861448952434
Mouse,POLYIC_20190531_polyic_m__E3_P1_13,0.00993355829268694,0.9853538276655813,0.9860552308358903,0.9846534216335541,1577,1738,0.10000000149011612,0.02425485611446575,0.9843257918552036,0.9802537781579698,0.9885268809296168,2,0.31050027075012276,7.141620966064812,0.9985783664459161,0.9711304832487134,0.23534049093723297,0.22497937083244324,0.18205386400222778,0.0666048526763916,/Users/estebanfelixmoran/Desktop/Purdue/Medical_Imaging/3D-Medical-Segment-Anything/outputs/two_task_joint_decoder/native_predictions/brain_mouse/POLYIC_20190531_polyic_m__E3_P1_13_prediction.nii.gz,/Users/estebanfelixmoran/Desktop/Purdue/Medical_Imaging/3D-Medical-Segment-Anything/outputs/two_task_joint_decoder/probability_maps/brain_mouse/POLYIC_20190531_polyic_m__E3_P1_13_probability.nii.gz,/Users/estebanfelixmoran/Desktop/Purdue/Medical_Imaging/Datasets/Image_Database/src_adult/POLYIC_20190531_polyic_m__E3_P1_13.nii.gz,/Users/estebanfelixmoran/Desktop/Purdue/Medical_Imaging/Datasets/Mask_Database/label_adult/POLYIC_20190531_polyic_m__E3_P1_13.nii.gz,0.9853538276655813
Mouse,POLYIC_20190531_polyic_m__E3_P1_2,0.010071109049022198,0.9845702804139865,0.982009763967431,0.9871441844750402,2141,1522,0.10000000149011612,0.02463582204457254,0.9880993327371534,0.985894580549369,0.9903906852774076,1,0.2918014657538343,7.291020199970174,1.0052284821353155,0.9696094780595861,0.33329713344573975,0.2923290431499481,0.22260822355747223,0.05545119196176529,/Users/estebanfelixmoran/Desktop/Purdue/Medical_Imaging/3D-Medical-Segment-Anything/outputs/two_task_joint_decoder/native_predictions/brain_mouse/POLYIC_20190531_polyic_m__E3_P1_2_prediction.nii.gz,/Users/estebanfelixmoran/Desktop/Purdue/Medical_Imaging/3D-Medical-Segment-Anything/outputs/two_task_joint_decoder/probability_maps/brain_mouse/POLYIC_20190531_polyic_m__E3_P1_2_probability.nii.gz,/Users/estebanfelixmoran/Desktop/Purdue/Medical_Imaging/Datasets/Image_Database/src_adult/POLYIC_20190531_polyic_m__E3_P1_2.nii.gz,/Users/estebanfelixmoran/Desktop/Purdue/Medical_Imaging/Datasets/Mask_Database/label_adult/POLYIC_20190531_polyic_m__E3_P1_2.nii.gz,0.9845702804139865
Mouse,POLYIC_20190531_polyic_m__E3_P1_3,0.00988925714045763,0.9424728621022411,0.9024876537529524,0.9861654614166366,12716,1651,5.157518971089792,0.6104527646134547,0.8653437690942419,0.7790092621500676,0.9748531450069302,13,0.16057050983303434,8.89738115504578,1.0927190608267205,0.8912044223997577,0.5088204741477966,0.42256224155426025,0.24759775400161743,0.04206108674407005,/Users/estebanfelixmoran/Desktop/Purdue/Medical_Imaging/3D-Medical-Segment-Anything/outputs/two_task_joint_decoder/native_predictions/brain_mouse/POLYIC_20190531_polyic_m__E3_P1_3_prediction.nii.gz,/Users/estebanfelixmoran/Desktop/Purdue/Medical_Imaging/3D-Medical-Segment-Anything/outputs/two_task_joint_decoder/probability_maps/brain_mouse/POLYIC_20190531_polyic_m__E3_P1_3_probability.nii.gz,/Users/estebanfelixmoran/Desktop/Purdue/Medical_Imaging/Datasets/Image_Database/src_adult/POLYIC_20190531_polyic_m__E3_P1_3.nii.gz,/Users/estebanfelixmoran/Desktop/Purdue/Medical_Imaging/Datasets/Mask_Database/label_adult/POLYIC_20190531_polyic_m__E3_P1_3.nii.gz,0.9829121218701455
Mouse,POLYIC_20190531_polyic_m__E3_P1_4,0.009905197657644749,0.9789468518427639,0.9812802418453227,0.9766245326686843,2093,2626,0.22360680108197992,0.04619407214559184,0.927504959454286,0.9256897268820186,0.9293352904172782,4,0.27906693841870395,7.400277325043588,0.9952554744525547,0.9587618956070365,0.07218675315380096,0.09415430575609207,0.09944479167461395,0.09195592999458313,/Users/estebanfelixmoran/Desktop/Purdue/Medical_Imaging/3D-Medical-Segment-Anything/outputs/two_task_joint_decoder/native_predictions/brain_mouse/POLYIC_20190531_polyic_m__E3_P1_4_prediction.nii.gz,/Users/estebanfelixmoran/Desktop/Purdue/Medical_Imaging/3D-Medical-Segment-Anything/outputs/two_task_joint_decoder/probability_maps/brain_mouse/POLYIC_20190531_polyic_m__E3_P1_4_probability.nii.gz,/Users/estebanfelixmoran/Desktop/Purdue/Medical_Imaging/Datasets/Image_Database/src_adult/POLYIC_20190531_polyic_m__E3_P1_4.nii.gz,/Users/estebanfelixmoran/Desktop/Purdue/Medical_Imaging/Datasets/Mask_Database/label_adult/POLYIC_20190531_polyic_m__E3_P1_4.nii.gz,0.9789774248237708
Mouse,POLYIC_20190531_polyic_m__E3_P1_5,0.00988649670034647,0.9827651342443625,0.979528240640554,0.9860234916872886,2365,1604,0.10000000149011612,0.0288971365653453,0.9762038664323375,0.9717814267972954,0.9807967899111494,2,0.29376206383241454,7.274763641840114,1.006630999268063,0.9661142842506978,0.3418031930923462,0.2972462773323059,0.23124739527702332,0.05159694701433182,/Users/estebanfelixmoran/Desktop/Purdue/Medical_Imaging/3D-Medical-Segment-Anything/outputs/two_task_joint_decoder/native_predictions/brain_mouse/POLYIC_20190531_polyic_m__E3_P1_5_prediction.nii.gz,/Users/estebanfelixmoran/Desktop/Purdue/Medical_Imaging/3D-Medical-Segment-Anything/outputs/two_task_joint_decoder/probability_maps/brain_mouse/POLYIC_20190531_polyic_m__E3_P1_5_probability.nii.gz,/Users/estebanfelixmoran/Desktop/Purdue/Medical_Imaging/Datasets/Image_Database/src_adult/POLYIC_20190531_polyic_m__E3_P1_5.nii.gz,/Users/estebanfelixmoran/Desktop/Purdue/Medical_Imaging/Datasets/Mask_Database/label_adult/POLYIC_20190531_polyic_m__E3_P1_5.nii.gz,0.9827651342443625
Mouse,POLYIC_20190531_polyic_m__E3_P1_6,0.010053318925201893,0.9794823784691842,0.9797652701318933,0.9791996501202711,2312,2378,0.20000000298023224,0.0655989166890436,0.9477471839799749,0.9420408721208393,0.9536545673247011,4,0.27936200169635544,7.397671006265622,0.9994226984474087,0.9597897751142433,0.42018038034439087,0.3462776839733124,0.24927812814712524,0.03952564299106598,/Users/estebanfelixmoran/Desktop/Purdue/Medical_Imaging/3D-Medical-Segment-Anything/outputs/two_task_joint_decoder/native_predictions/brain_mouse/POLYIC_20190531_polyic_m__E3_P1_6_prediction.nii.gz,/Users/estebanfelixmoran/Desktop/Purdue/Medical_Imaging/3D-Medical-Segment-Anything/outputs/two_task_joint_decoder/probability_maps/brain_mouse/POLYIC_20190531_polyic_m__E3_P1_6_probability.nii.gz,/Users/estebanfelixmoran/Desktop/Purdue/Medical_Imaging/Datasets/Image_Database/src_adult/POLYIC_20190531_polyic_m__E3_P1_6.nii.gz,/Users/estebanfelixmoran/Desktop/Purdue/Medical_Imaging/Datasets/Mask_Database/label_adult/POLYIC_20190531_polyic_m__E3_P1_6.nii.gz,0.9811348866559451
Mouse,POLYIC_20190531_polyic_m__E3_P1_7,0.009918896481394768,0.984133740450058,0.9839670656082267,0.9843004717677826,1846,1807,0.10000000149011612,0.02734673286142439,0.9774960930717138,0.9795819824791336,0.975381172191915,1,0.29161608360247826,7.2925648549408875,1.0003388387388248,0.968763093762025,0.3065984547138214,0.2885837256908417,0.1914898306131363,0.05888654664158821,/Users/estebanfelixmoran/Desktop/Purdue/Medical_Imaging/3D-Medical-Segment-Anything/outputs/two_task_joint_decoder/native_predictions/brain_mouse/POLYIC_20190531_polyic_m__E3_P1_7_prediction.nii.gz,/Users/estebanfelixmoran/Desktop/Purdue/Medical_Imaging/3D-Medical-Segment-Anything/outputs/two_task_joint_decoder/probability_maps/brain_mouse/POLYIC_20190531_polyic_m__E3_P1_7_probability.nii.gz,/Users/estebanfelixmoran/Desktop/Purdue/Medical_Imaging/Datasets/Image_Database/src_adult/POLYIC_20190531_polyic_m__E3_P1_7.nii.gz,/Users/estebanfelixmoran/Desktop/Purdue/Medical_Imaging/Datasets/Mask_Database/label_adult/POLYIC_20190531_polyic_m__E3_P1_7.nii.gz,0.984133740450058
Mouse,POLYIC_20190531_polyic_m__E3_P1_8,0.009881955571472645,0.9827877090961303,0.9805526207402897,0.985033010127903,2172,1664,0.10000000149011612,0.027751124111641306,0.9812502262279654,0.9769466847476982,0.9856786133960047,1,0.3039475639044762,7.192577810287646,1.0045692493119143,0.9661579179532421,0.36630189418792725,0.3234994113445282,0.22230090200901031,0.047524746507406235,/Users/estebanfelixmoran/Desktop/Purdue/Medical_Imaging/3D-Medical-Segment-Anything/outputs/two_task_joint_decoder/native_predictions/brain_mouse/POLYIC_20190531_polyic_m__E3_P1_8_prediction.nii.gz,/Users/estebanfelixmoran/Desktop/Purdue/Medical_Imaging/3D-Medical-Segment-Anything/outputs/two_task_joint_decoder/probability_maps/brain_mouse/POLYIC_20190531_polyic_m__E3_P1_8_probability.nii.gz,/Users/estebanfelixmoran/Desktop/Purdue/Medical_Imaging/Datasets/Image_Database/src_adult/POLYIC_20190531_polyic_m__E3_P1_8.nii.gz,/Users/estebanfelixmoran/Desktop/Purdue/Medical_Imaging/Datasets/Mask_Database/label_adult/POLYIC_20190531_polyic_m__E3_P1_8.nii.gz,0.9827877090961303
Mouse,POLYIC_20190531_polyic_m__E3_P1_9,0.009830815717577934,0.9821518901966074,0.9761114742010625,0.9882675308369671,2851,1383,0.10000000149011612,0.09012116279006431,0.9622628444813738,0.9435742971887551,0.9822862880091796,9,0.28626778018341303,7.337700269297263,1.0124535536741377,0.9649297186260137,0.30668503046035767,0.2640153467655182,0.21962633728981018,0.05926164612174034,/Users/estebanfelixmoran/Desktop/Purdue/Medical_Imaging/3D-Medical-Segment-Anything/outputs/two_task_joint_decoder/native_predictions/brain_mouse/POLYIC_20190531_polyic_m__E3_P1_9_prediction.nii.gz,/Users/estebanfelixmoran/Desktop/Purdue/Medical_Imaging/3D-Medical-Segment-Anything/outputs/two_task_joint_decoder/probability_maps/brain_mouse/POLYIC_20190531_polyic_m__E3_P1_9_probability.nii.gz,/Users/estebanfelixmoran/Desktop/Purdue/Medical_Imaging/Datasets/Image_Database/src_adult/POLYIC_20190531_polyic_m__E3_P1_9.nii.gz,/Users/estebanfelixmoran/Desktop/Purdue/Medical_Imaging/Datasets/Mask_Database/label_adult/POLYIC_20190531_polyic_m__E3_P1_9.nii.gz,0.984467561880456
Mouse,POLYIC_20190531_polyic_m__E5_P1_11,0.009845566004514694,0.9839357596209254,0.9861310775213767,0.9817501944108936,1669,2206,0.10000000149011612,0.025731958020975443,0.9822864195883511,0.9821523354564756,0.9824220060382421,1,0.2834804994526956,7.361670834214845,0.995557504260494,0.9683794788938123,0.18601736426353455,0.19737736880779266,0.16047441959381104,0.07998766005039215,/Users/estebanfelixmoran/Desktop/Purdue/Medical_Imaging/3D-Medical-Segment-Anything/outputs/two_task_joint_decoder/native_predictions/brain_mouse/POLYIC_20190531_polyic_m__E5_P1_11_prediction.nii.gz,/Users/estebanfelixmoran/Desktop/Purdue/Medical_Imaging/3D-Medical-Segment-Anything/outputs/two_task_joint_decoder/probability_maps/brain_mouse/POLYIC_20190531_polyic_m__E5_P1_11_probability.nii.gz,/Users/estebanfelixmoran/Desktop/Purdue/Medical_Imaging/Datasets/Image_Database/src_adult/POLYIC_20190531_polyic_m__E5_P1_11.nii.gz,/Users/estebanfelixmoran/Desktop/Purdue/Medical_Imaging/Datasets/Mask_Database/label_adult/POLYIC_20190531_polyic_m__E5_P1_11.nii.gz,0.9839357596209254
Mouse,POLYIC_20190612_polyic___E10_P1_1,0.010166911408305168,0.9851178280921701,0.987442214085344,0.9828043593601865,1437,1977,0.10000000149011612,0.02278024367211299,0.991630773540638,0.9907464954077757,0.992540494458653,2,0.28900160392396684,7.314489825470979,0.9953031634064242,0.9706721187547249,0.3044185936450958,0.28168991208076477,0.1980394572019577,0.0582127682864666,/Users/estebanfelixmoran/Desktop/Purdue/Medical_Imaging/3D-Medical-Segment-Anything/outputs/two_task_joint_decoder/native_predictions/brain_mouse/POLYIC_20190612_polyic___E10_P1_1_prediction.nii.gz,/Users/estebanfelixmoran/Desktop/Purdue/Medical_Imaging/3D-Medical-Segment-Anything/outputs/two_task_joint_decoder/probability_maps/brain_mouse/POLYIC_20190612_polyic___E10_P1_1_probability.nii.gz,/Users/estebanfelixmoran/Desktop/Purdue/Medical_Imaging/Datasets/Image_Database/src_adult/POLYIC_20190612_polyic___E10_P1_1.nii.gz,/Users/estebanfelixmoran/Desktop/Purdue/Medical_Imaging/Datasets/Mask_Database/label_adult/POLYIC_20190612_polyic___E10_P1_1.nii.gz,0.9851178280921701
Mouse,POLYIC_20190612_polyic___E12_P1,0.009533831849694252,0.9852937941835043,0.9865827981429113,0.9840081540840714,1523,1820,0.10000000149011612,0.022814526093319996,0.9902228612508986,0.9893369112350823,0.9911413719891646,1,0.3040903638845293,7.19145176256607,0.9973903416280051,0.9710138644423443,0.2383449822664261,0.22799411416053772,0.18904097378253937,0.0663110688328743,/Users/estebanfelixmoran/Desktop/Purdue/Medical_Imaging/3D-Medical-Segment-Anything/outputs/two_task_joint_decoder/native_predictions/brain_mouse/POLYIC_20190612_polyic___E12_P1_prediction.nii.gz,/Users/estebanfelixmoran/Desktop/Purdue/Medical_Imaging/3D-Medical-Segment-Anything/outputs/two_task_joint_decoder/probability_maps/brain_mouse/POLYIC_20190612_polyic___E12_P1_probability.nii.gz,/Users/estebanfelixmoran/Desktop/Purdue/Medical_Imaging/Datasets/Image_Database/src_adult/POLYIC_20190612_polyic___E12_P1.nii.gz,/Users/estebanfelixmoran/Desktop/Purdue/Medical_Imaging/Datasets/Mask_Database/label_adult/POLYIC_20190612_polyic___E12_P1.nii.gz,0.9852937941835043
Mouse,POLYIC_20190612_polyic___E3_P1,0.009632373228669167,0.985255622399034,0.9852938639617727,0.9852173838046694,1705,1714,0.10000000149011612,0.024402728783865835,0.9840758878120612,0.9810032449972959,0.9872302033451316,1,0.2783422260265928,7.406694395276354,0.9999223783280292,0.9709397205317377,0.3632069230079651,0.33596450090408325,0.20525294542312622,0.05198662355542183,/Users/estebanfelixmoran/Desktop/Purdue/Medical_Imaging/3D-Medical-Segment-Anything/outputs/two_task_joint_decoder/native_predictions/brain_mouse/POLYIC_20190612_polyic___E3_P1_prediction.nii.gz,/Users/estebanfelixmoran/Desktop/Purdue/Medical_Imaging/3D-Medical-Segment-Anything/outputs/two_task_joint_decoder/probability_maps/brain_mouse/POLYIC_20190612_polyic___E3_P1_probability.nii.gz,/Users/estebanfelixmoran/Desktop/Purdue/Medical_Imaging/Datasets/Image_Database/src_adult/POLYIC_20190612_polyic___E3_P1.nii.gz,/Users/estebanfelixmoran/Desktop/Purdue/Medical_Imaging/Datasets/Mask_Database/label_adult/POLYIC_20190612_polyic___E3_P1.nii.gz,0.985255622399034
Mouse,POLYIC_20190612_polyic___E3_P1_1,0.009615723043680191,0.9845141065830721,0.9837563542636214,0.9852730271413718,1815,1643,0.10000000149011612,0.02436072965325513,0.9869485964272694,0.9843917040838144,0.9896260914993656,1,0.30292065947424984,7.200696283075343,1.0015417159657236,0.9695005247885411,0.3671272397041321,0.3255055546760559,0.228908970952034,0.04727292060852051,/Users/estebanfelixmoran/Desktop/Purdue/Medical_Imaging/3D-Medical-Segment-Anything/outputs/two_task_joint_decoder/native_predictions/brain_mouse/POLYIC_20190612_polyic___E3_P1_1_prediction.nii.gz,/Users/estebanfelixmoran/Desktop/Purdue/Medical_Imaging/3D-Medical-Segment-Anything/outputs/two_task_joint_decoder/probability_maps/brain_mouse/POLYIC_20190612_polyic___E3_P1_1_probability.nii.gz,/Users/estebanfelixmoran/Desktop/Purdue/Medical_Imaging/Datasets/Image_Database/src_adult/POLYIC_20190612_polyic___E3_P1_1.nii.gz,/Users/estebanfelixmoran/Desktop/Purdue/Medical_Imaging/Datasets/Mask_Database/label_adult/POLYIC_20190612_polyic___E3_P1_1.nii.gz,0.9845141065830721
Mouse,POLYIC_20190612_polyic___E3_P1_2,0.009808366186916828,0.9844100740323418,0.9836394342410808,0.9851819222975949,1860,1682,0.10000000149011612,0.024608283815302338,0.9835904971834436,0.9821010601679747,0.9851298470295269,1,0.28261789714600327,7.369152955932568,1.0015681437758788,0.9692987778451937,0.3295065760612488,0.30379995703697205,0.19522708654403687,0.05523233860731125,/Users/estebanfelixmoran/Desktop/Purdue/Medical_Imaging/3D-Medical-Segment-Anything/outputs/two_task_joint_decoder/native_predictions/brain_mouse/POLYIC_20190612_polyic___E3_P1_2_prediction.nii.gz,/Users/estebanfelixmoran/Desktop/Purdue/Medical_Imaging/3D-Medical-Segment-Anything/outputs/two_task_joint_decoder/probability_maps/brain_mouse/POLYIC_20190612_polyic___E3_P1_2_probability.nii.gz,/Users/estebanfelixmoran/Desktop/Purdue/Medical_Imaging/Datasets/Image_Database/src_adult/POLYIC_20190612_polyic___E3_P1_2.nii.gz,/Users/estebanfelixmoran/Desktop/Purdue/Medical_Imaging/Datasets/Mask_Database/label_adult/POLYIC_20190612_polyic___E3_P1_2.nii.gz,0.9844100740323418
Mouse,POLYIC_20190612_polyic___E3_P1_3,0.009909047745168209,0.9837579258523818,0.9815917216783595,0.985933712052683,2044,1555,0.10000000149011612,0.02677680100177294,0.9789697291556028,0.977414603352739,0.9805547612239062,1,0.28514090089925276,7.3473537816397805,1.004423417881825,0.9680350291317322,0.2929125428199768,0.2791191637516022,0.1881786733865738,0.0586630143225193,/Users/estebanfelixmoran/Desktop/Purdue/Medical_Imaging/3D-Medical-Segment-Anything/outputs/two_task_joint_decoder/native_predictions/brain_mouse/POLYIC_20190612_polyic___E3_P1_3_prediction.nii.gz,/Users/estebanfelixmoran/Desktop/Purdue/Medical_Imaging/3D-Medical-Segment-Anything/outputs/two_task_joint_decoder/probability_maps/brain_mouse/POLYIC_20190612_polyic___E3_P1_3_probability.nii.gz,/Users/estebanfelixmoran/Desktop/Purdue/Medical_Imaging/Datasets/Image_Database/src_adult/POLYIC_20190612_polyic___E3_P1_3.nii.gz,/Users/estebanfelixmoran/Desktop/Purdue/Medical_Imaging/Datasets/Mask_Database/label_adult/POLYIC_20190612_polyic___E3_P1_3.nii.gz,0.9837579258523818
Mouse,POLYIC_20190612_polyic___E3_P1_4,0.00966695323586464,0.9847024635863282,0.9837144589918305,0.985692454802992,1826,1601,0.10000000149011612,0.024552754930545997,0.9818544005795001,0.9796658371845005,0.9841269841269841,2,0.30282134439261027,7.2014833913670016,1.0020107418296857,0.9698659045944164,0.20559173822402954,0.20336349308490753,0.17138585448265076,0.0706099271774292,/Users/estebanfelixmoran/Desktop/Purdue/Medical_Imaging/3D-Medical-Segment-Anything/outputs/two_task_joint_decoder/native_predictions/brain_mouse/POLYIC_20190612_polyic___E3_P1_4_prediction.nii.gz,/Users/estebanfelixmoran/Desktop/Purdue/Medical_Imaging/3D-Medical-Segment-Anything/outputs/two_task_joint_decoder/probability_maps/brain_mouse/POLYIC_20190612_polyic___E3_P1_4_probability.nii.gz,/Users/estebanfelixmoran/Desktop/Purdue/Medical_Imaging/Datasets/Image_Database/src_adult/POLYIC_20190612_polyic___E3_P1_4.nii.gz,/Users/estebanfelixmoran/Desktop/Purdue/Medical_Imaging/Datasets/Mask_Database/label_adult/POLYIC_20190612_polyic___E3_P1_4.nii.gz,0.9847112547484388
Mouse,POLYIC_20190614_polyic___E3_P1,0.010088399983942509,0.9855319886474424,0.9842653257285293,0.986801915934886,1818,1521,0.10000000149011612,0.022317580707700267,0.9889670054294862,0.9885380919698009,0.9894082756672786,1,0.2892691476786618,7.3122340834615285,1.0025771406754365,0.971476653397345,0.2498541921377182,0.23981256783008575,0.17643511295318604,0.06732620298862457,/Users/estebanfelixmoran/Desktop/Purdue/Medical_Imaging/3D-Medical-Segment-Anything/outputs/two_task_joint_decoder/native_predictions/brain_mouse/POLYIC_20190614_polyic___E3_P1_prediction.nii.gz,/Users/estebanfelixmoran/Desktop/Purdue/Medical_Imaging/3D-Medical-Segment-Anything/outputs/two_task_joint_decoder/probability_maps/brain_mouse/POLYIC_20190614_polyic___E3_P1_probability.nii.gz,/Users/estebanfelixmoran/Desktop/Purdue/Medical_Imaging/Datasets/Image_Database/src_adult/POLYIC_20190614_polyic___E3_P1.nii.gz,/Users/estebanfelixmoran/Desktop/Purdue/Medical_Imaging/Datasets/Mask_Database/label_adult/POLYIC_20190614_polyic___E3_P1.nii.gz,0.9855319886474424
Mouse,POLYIC_20190614_polyic___E3_P1_1,0.009520451538264751,0.9840982983574716,0.984730308689443,0.983467098766995,1807,1959,0.10000000149011612,0.029496458284969784,0.9776867030965392,0.9760380086758934,0.9793939393939394,5,0.3064048606100663,7.17329857158946,0.9987172021503743,0.9686944088846032,0.44305938482284546,0.35812312364578247,0.25197145342826843,0.03981104493141174,/Users/estebanfelixmoran/Desktop/Purdue/Medical_Imaging/3D-Medical-Segment-Anything/outputs/two_task_joint_decoder/native_predictions/brain_mouse/POLYIC_20190614_polyic___E3_P1_1_prediction.nii.gz,/Users/estebanfelixmoran/Desktop/Purdue/Medical_Imaging/3D-Medical-Segment-Anything/outputs/two_task_joint_decoder/probability_maps/brain_mouse/POLYIC_20190614_polyic___E3_P1_1_probability.nii.gz,/Users/estebanfelixmoran/Desktop/Purdue/Medical_Imaging/Datasets/Image_Database/src_adult/POLYIC_20190614_polyic___E3_P1_1.nii.gz,/Users/estebanfelixmoran/Desktop/Purdue/Medical_Imaging/Datasets/Mask_Database/label_adult/POLYIC_20190614_polyic___E3_P1_1.nii.gz,0.9842188166435107
Mouse,POLYIC_20190614_polyic___E3_P1_3,0.010218831710517406,0.9837747712624323,0.9812190258714124,0.9863438651352723,2270,1642,0.10000000149011612,0.03083051616055787,0.967923540193768,0.9643874643874644,0.9715382578766216,1,0.2657936700647803,7.521467440699293,1.0052229309957668,0.9680676521724935,0.19436556100845337,0.2174280285835266,0.15473704040050507,0.08050335943698883,/Users/estebanfelixmoran/Desktop/Purdue/Medical_Imaging/3D-Medical-Segment-Anything/outputs/two_task_joint_decoder/native_predictions/brain_mouse/POLYIC_20190614_polyic___E3_P1_3_prediction.nii.gz,/Users/estebanfelixmoran/Desktop/Purdue/Medical_Imaging/3D-Medical-Segment-Anything/outputs/two_task_joint_decoder/probability_maps/brain_mouse/POLYIC_20190614_polyic___E3_P1_3_probability.nii.gz,/Users/estebanfelixmoran/Desktop/Purdue/Medical_Imaging/Datasets/Image_Database/src_adult/POLYIC_20190614_polyic___E3_P1_3.nii.gz,/Users/estebanfelixmoran/Desktop/Purdue/Medical_Imaging/Datasets/Mask_Database/label_adult/POLYIC_20190614_polyic___E3_P1_3.nii.gz,0.9837747712624323
Mouse,POLYIC_20190614_polyic___E3_P1_4,0.00986284576356411,0.9847491477709175,0.9836096848845793,0.9858912537412704,1976,1697,0.10000000149011612,0.02421473567667268,0.9839389414302306,0.9801973727207373,0.987798301199946,2,0.27192451071162904,7.464510602397411,1.002319587628866,0.9699564847533046,0.28023970127105713,0.27076151967048645,0.18709637224674225,0.06638707965612411,/Users/estebanfelixmoran/Desktop/Purdue/Medical_Imaging/3D-Medical-Segment-Anything/outputs/two_task_joint_decoder/native_predictions/brain_mouse/POLYIC_20190614_polyic___E3_P1_4_prediction.nii.gz,/Users/estebanfelixmoran/Desktop/Purdue/Medical_Imaging/3D-Medical-Segment-Anything/outputs/two_task_joint_decoder/probability_maps/brain_mouse/POLYIC_20190614_polyic___E3_P1_4_probability.nii.gz,/Users/estebanfelixmoran/Desktop/Purdue/Medical_Imaging/Datasets/Image_Database/src_adult/POLYIC_20190614_polyic___E3_P1_4.nii.gz,/Users/estebanfelixmoran/Desktop/Purdue/Medical_Imaging/Datasets/Mask_Database/label_adult/POLYIC_20190614_polyic___E3_P1_4.nii.gz,0.9847491477709175
Mouse,POLYIC_20190614_polyic___E3_P1_5,0.010124949738383293,0.9844128032805559,0.9837986995246162,0.985027674183224,1779,1642,0.10000000149011612,0.024955765593343053,0.9811205846528623,0.9815743028591599,0.9806531384100662,1,0.28432208047080865,7.354400247228762,1.001249213542569,0.9693040700595794,0.27963703870773315,0.2643863558769226,0.1711493730545044,0.059808384627103806,/Users/estebanfelixmoran/Desktop/Purdue/Medical_Imaging/3D-Medical-Segment-Anything/outputs/two_task_joint_decoder/native_predictions/brain_mouse/POLYIC_20190614_polyic___E3_P1_5_prediction.nii.gz,/Users/estebanfelixmoran/Desktop/Purdue/Medical_Imaging/3D-Medical-Segment-Anything/outputs/two_task_joint_decoder/probability_maps/brain_mouse/POLYIC_20190614_polyic___E3_P1_5_probability.nii.gz,/Users/estebanfelixmoran/Desktop/Purdue/Medical_Imaging/Datasets/Image_Database/src_adult/POLYIC_20190614_polyic___E3_P1_5.nii.gz,/Users/estebanfelixmoran/Desktop/Purdue/Medical_Imaging/Datasets/Mask_Database/label_adult/POLYIC_20190614_polyic___E3_P1_5.nii.gz,0.9844128032805559
Mouse,POLYIC_20190614_polyic___E3_P1_6,0.0095794927328825,0.9853178827068187,0.9831528796621976,0.987492441910685,1959,1448,0.10000000149011612,0.024086052380892387,0.9815794899993127,0.9800405953991881,0.9831680402290823,3,0.28067436000395113,7.38612314499185,1.0044139241599723,0.9710606562529198,0.1604258269071579,0.1616782695055008,0.15250499546527863,0.0812072902917862,/Users/estebanfelixmoran/Desktop/Purdue/Medical_Imaging/3D-Medical-Segment-Anything/outputs/two_task_joint_decoder/native_predictions/brain_mouse/POLYIC_20190614_polyic___E3_P1_6_prediction.nii.gz,/Users/estebanfelixmoran/Desktop/Purdue/Medical_Imaging/3D-Medical-Segment-Anything/outputs/two_task_joint_decoder/probability_maps/brain_mouse/POLYIC_20190614_polyic___E3_P1_6_probability.nii.gz,/Users/estebanfelixmoran/Desktop/Purdue/Medical_Imaging/Datasets/Image_Database/src_adult/POLYIC_20190614_polyic___E3_P1_6.nii.gz,/Users/estebanfelixmoran/Desktop/Purdue/Medical_Imaging/Datasets/Mask_Database/label_adult/POLYIC_20190614_polyic___E3_P1_6.nii.gz,0.9853178827068187
Mouse,POLYIC_20190614_polyic___E4_P1_5,0.009989027865231037,0.9846015666157127,0.9834888977070789,0.9857167560089919,1914,1652,0.10000000149011612,0.025091113461471474,0.9851552904018249,0.9830367652149831,0.9873327640193567,1,0.2989289827986258,7.2326055958192885,1.0022652602455473,0.969670165172572,0.31364452838897705,0.2965928912162781,0.20143435895442963,0.057583037763834,/Users/estebanfelixmoran/Desktop/Purdue/Medical_Imaging/3D-Medical-Segment-Anything/outputs/two_task_joint_decoder/native_predictions/brain_mouse/POLYIC_20190614_polyic___E4_P1_5_prediction.nii.gz,/Users/estebanfelixmoran/Desktop/Purdue/Medical_Imaging/3D-Medical-Segment-Anything/outputs/two_task_joint_decoder/probability_maps/brain_mouse/POLYIC_20190614_polyic___E4_P1_5_probability.nii.gz,/Users/estebanfelixmoran/Desktop/Purdue/Medical_Imaging/Datasets/Image_Database/src_adult/POLYIC_20190614_polyic___E4_P1_5.nii.gz,/Users/estebanfelixmoran/Desktop/Purdue/Medical_Imaging/Datasets/Mask_Database/label_adult/POLYIC_20190614_polyic___E4_P1_5.nii.gz,0.9846015666157127
Mouse,POLYIC_20190618_mouse33__E3_P1,0.009567992761731148,0.984149373518607,0.9798760921930971,0.9884600900238509,2264,1287,0.10000000149011612,0.02585080545892246,0.9829662580015189,0.979394628392781,0.9866686307726302,3,0.30428748741221556,7.1898985049538995,1.0087602890805731,0.9687933913349154,0.3761809170246124,0.3266121447086334,0.22424155473709106,0.047031331807374954,/Users/estebanfelixmoran/Desktop/Purdue/Medical_Imaging/3D-Medical-Segment-Anything/outputs/two_task_joint_decoder/native_predictions/brain_mouse/POLYIC_20190618_mouse33__E3_P1_prediction.nii.gz,/Users/estebanfelixmoran/Desktop/Purdue/Medical_Imaging/3D-Medical-Segment-Anything/outputs/two_task_joint_decoder/probability_maps/brain_mouse/POLYIC_20190618_mouse33__E3_P1_probability.nii.gz,/Users/estebanfelixmoran/Desktop/Purdue/Medical_Imaging/Datasets/Image_Database/src_adult/POLYIC_20190618_mouse33__E3_P1.nii.gz,/Users/estebanfelixmoran/Desktop/Purdue/Medical_Imaging/Datasets/Mask_Database/label_adult/POLYIC_20190618_mouse33__E3_P1.nii.gz,0.984149373518607
Mouse,POLYIC_20190618_mouse34__E3_P1,0.01016319077461958,0.9833321326945935,0.9759761906889864,0.9907998003901465,2688,1014,0.10000000149011612,0.02963212019535753,0.9722312969617772,0.9686808874937576,0.9759089565474431,3,0.3046618317122171,7.186952505639242,1.0151884952139,0.9672107915644401,0.27942004799842834,0.25667819380760193,0.2004460096359253,0.059968043118715286,/Users/estebanfelixmoran/Desktop/Purdue/Medical_Imaging/3D-Medical-Segment-Anything/outputs/two_task_joint_decoder/native_predictions/brain_mouse/POLYIC_20190618_mouse34__E3_P1_prediction.nii.gz,/Users/estebanfelixmoran/Desktop/Purdue/Medical_Imaging/3D-Medical-Segment-Anything/outputs/two_task_joint_decoder/probability_maps/brain_mouse/POLYIC_20190618_mouse34__E3_P1_probability.nii.gz,/Users/estebanfelixmoran/Desktop/Purdue/Medical_Imaging/Datasets/Image_Database/src_adult/POLYIC_20190618_mouse34__E3_P1.nii.gz,/Users/estebanfelixmoran/Desktop/Purdue/Medical_Imaging/Datasets/Mask_Database/label_adult/POLYIC_20190618_mouse34__E3_P1.nii.gz,0.9834118314526805
Mouse,POLYIC_20190618_mouse35__E3_P1,0.009611372835934162,0.9827778620979046,0.9769600795214513,0.9886653493802766,2596,1262,0.10000000149011612,0.0316969954817887,0.9719109093488438,0.9675551214066425,0.9764137334102712,5,0.2890251098927117,7.314291528016773,1.011981318483923,0.9661388849880636,0.36589181423187256,0.33422917127609253,0.2090516984462738,0.04992568865418434,/Users/estebanfelixmoran/Desktop/Purdue/Medical_Imaging/3D-Medical-Segment-Anything/outputs/two_task_joint_decoder/native_predictions/brain_mouse/POLYIC_20190618_mouse35__E3_P1_prediction.nii.gz,/Users/estebanfelixmoran/Desktop/Purdue/Medical_Imaging/3D-Medical-Segment-Anything/outputs/two_task_joint_decoder/probability_maps/brain_mouse/POLYIC_20190618_mouse35__E3_P1_probability.nii.gz,/Users/estebanfelixmoran/Desktop/Purdue/Medical_Imaging/Datasets/Image_Database/src_adult/POLYIC_20190618_mouse35__E3_P1.nii.gz,/Users/estebanfelixmoran/Desktop/Purdue/Medical_Imaging/Datasets/Mask_Database/label_adult/POLYIC_20190618_mouse35__E3_P1.nii.gz,0.9829709336071796
Mouse,POLYIC_20190618_mouse36__E3_P1,0.010194131173193455,0.9843342599176849,0.9806952459466887,0.9880003806656458,2248,1387,0.10000000149011612,0.025599265614605453,0.9831266375545852,0.9818406933553446,0.9844537516859516,3,0.29577316869290265,7.258237917145476,1.0074489345687663,0.9691517800313998,0.33026230335235596,0.303646445274353,0.21256065368652344,0.05590935796499252,/Users/estebanfelixmoran/Desktop/Purdue/Medical_Imaging/3D-Medical-Segment-Anything/outputs/two_task_joint_decoder/native_predictions/brain_mouse/POLYIC_20190618_mouse36__E3_P1_prediction.nii.gz,/Users/estebanfelixmoran/Desktop/Purdue/Medical_Imaging/3D-Medical-Segment-Anything/outputs/two_task_joint_decoder/probability_maps/brain_mouse/POLYIC_20190618_mouse36__E3_P1_probability.nii.gz,/Users/estebanfelixmoran/Desktop/Purdue/Medical_Imaging/Datasets/Image_Database/src_adult/POLYIC_20190618_mouse36__E3_P1.nii.gz,/Users/estebanfelixmoran/Desktop/Purdue/Medical_Imaging/Datasets/Mask_Database/label_adult/POLYIC_20190618_mouse36__E3_P1.nii.gz,0.984342744351019
Mouse,POLYIC_20190619_mouse38__E3_P1,0.009670783765614033,0.9825723635427166,0.9755852400476127,0.9896602923024633,2769,1156,0.10000000149011612,0.029409869403703822,0.9720716222000285,0.9653417015341702,0.9791179906542056,5,0.29234936426576075,7.2864625966918375,1.0144272911039158,0.9657417671138421,0.26370200514793396,0.24319876730442047,0.18468435108661652,0.06414060294628143,/Users/estebanfelixmoran/Desktop/Purdue/Medical_Imaging/3D-Medical-Segment-Anything/outputs/two_task_joint_decoder/native_predictions/brain_mouse/POLYIC_20190619_mouse38__E3_P1_prediction.nii.gz,/Users/estebanfelixmoran/Desktop/Purdue/Medical_Imaging/3D-Medical-Segment-Anything/outputs/two_task_joint_decoder/probability_maps/brain_mouse/POLYIC_20190619_mouse38__E3_P1_probability.nii.gz,/Users/estebanfelixmoran/Desktop/Purdue/Medical_Imaging/Datasets/Image_Database/src_adult/POLYIC_20190619_mouse38__E3_P1.nii.gz,/Users/estebanfelixmoran/Desktop/Purdue/Medical_Imaging/Datasets/Mask_Database/label_adult/POLYIC_20190619_mouse38__E3_P1.nii.gz,0.9826203564736286
Mouse,POLYIC_20190619_mouse39__E3_P1,0.010045278817415237,0.9854136673592013,0.9880541797405112,0.9827872305668521,1382,2002,0.10000000149011612,0.023757301400422426,0.9851696397341728,0.9828332074435212,0.9875953518214872,3,0.2904292190611522,7.302485256163876,0.9946693721036205,0.9712467393428553,0.2697848081588745,0.24676504731178284,0.19617022573947906,0.06334780156612396,/Users/estebanfelixmoran/Desktop/Purdue/Medical_Imaging/3D-Medical-Segment-Anything/outputs/two_task_joint_decoder/native_predictions/brain_mouse/POLYIC_20190619_mouse39__E3_P1_prediction.nii.gz,/Users/estebanfelixmoran/Desktop/Purdue/Medical_Imaging/3D-Medical-Segment-Anything/outputs/two_task_joint_decoder/probability_maps/brain_mouse/POLYIC_20190619_mouse39__E3_P1_probability.nii.gz,/Users/estebanfelixmoran/Desktop/Purdue/Medical_Imaging/Datasets/Image_Database/src_adult/POLYIC_20190619_mouse39__E3_P1.nii.gz,/Users/estebanfelixmoran/Desktop/Purdue/Medical_Imaging/Datasets/Mask_Database/label_adult/POLYIC_20190619_mouse39__E3_P1.nii.gz,0.9854179148868304
Mouse,POLYIC_20190619_mouse42__E3_P1,0.009613563306629658,0.9848816210574637,0.9824946429805765,0.9872802257434339,2026,1465,0.10000000149011612,0.024211219023626607,0.9870070260918687,0.9876637858935043,0.9863327370304115,1,0.30392861949718103,7.192727249206093,1.004870848708487,0.9702135647306764,0.4772961735725403,0.4195674657821655,0.21894218027591705,0.0369928777217865,/Users/estebanfelixmoran/Desktop/Purdue/Medical_Imaging/3D-Medical-Segment-Anything/outputs/two_task_joint_decoder/native_predictions/brain_mouse/POLYIC_20190619_mouse42__E3_P1_prediction.nii.gz,/Users/estebanfelixmoran/Desktop/Purdue/Medical_Imaging/3D-Medical-Segment-Anything/outputs/two_task_joint_decoder/probability_maps/brain_mouse/POLYIC_20190619_mouse42__E3_P1_probability.nii.gz,/Users/estebanfelixmoran/Desktop/Purdue/Medical_Imaging/Datasets/Image_Database/src_adult/POLYIC_20190619_mouse42__E3_P1.nii.gz,/Users/estebanfelixmoran/Desktop/Purdue/Medical_Imaging/Datasets/Mask_Database/label_adult/POLYIC_20190619_mouse42__E3_P1.nii.gz,0.9848816210574637
Mouse,POLYIC_20190619_mouse43__E3_P1,0.010113629512488842,0.9849620583103862,0.9824632029186061,0.9874736575908286,2091,1486,0.10000000149011612,0.024891305302725108,0.980435997764114,0.979235826336002,0.9816611295681064,1,0.2627774398204331,7.550135840850873,1.005099890415578,0.9703696954133914,0.4402056336402893,0.4099346101284027,0.22191736102104187,0.042988263070583344,/Users/estebanfelixmoran/Desktop/Purdue/Medical_Imaging/3D-Medical-Segment-Anything/outputs/two_task_joint_decoder/native_predictions/brain_mouse/POLYIC_20190619_mouse43__E3_P1_prediction.nii.gz,/Users/estebanfelixmoran/Desktop/Purdue/Medical_Imaging/3D-Medical-Segment-Anything/outputs/two_task_joint_decoder/probability_maps/brain_mouse/POLYIC_20190619_mouse43__E3_P1_probability.nii.gz,/Users/estebanfelixmoran/Desktop/Purdue/Medical_Imaging/Datasets/Image_Database/src_adult/POLYIC_20190619_mouse43__E3_P1.nii.gz,/Users/estebanfelixmoran/Desktop/Purdue/Medical_Imaging/Datasets/Mask_Database/label_adult/POLYIC_20190619_mouse43__E3_P1.nii.gz,0.9849620583103862
Mouse,POLYIC_20190628_mouse33__E3_P1,0.009630613029003143,0.9854388554957995,0.983209707682326,0.9876781341929575,1915,1399,0.10000000149011612,0.02284295481395502,0.9876913081143517,0.9857061986979904,0.9897583259652225,1,0.30890059711350487,7.1539276205408235,1.0045447339216826,0.971295678761054,0.14087365567684174,0.15280383825302124,0.14678293466567993,0.0818924680352211,/Users/estebanfelixmoran/Desktop/Purdue/Medical_Imaging/3D-Medical-Segment-Anything/outputs/two_task_joint_decoder/native_predictions/brain_mouse/POLYIC_20190628_mouse33__E3_P1_prediction.nii.gz,/Users/estebanfelixmoran/Desktop/Purdue/Medical_Imaging/3D-Medical-Segment-Anything/outputs/two_task_joint_decoder/probability_maps/brain_mouse/POLYIC_20190628_mouse33__E3_P1_probability.nii.gz,/Users/estebanfelixmoran/Desktop/Purdue/Medical_Imaging/Datasets/Image_Database/src_adult/POLYIC_20190628_mouse33__E3_P1.nii.gz,/Users/estebanfelixmoran/Desktop/Purdue/Medical_Imaging/Datasets/Mask_Database/label_adult/POLYIC_20190628_mouse33__E3_P1.nii.gz,0.9854388554957995
Mouse,POLYIC_20190628_mouse34__E6_P1,0.010251522064208984,0.9843569722825941,0.982511583063285,0.9862093067017931,1959,1539,0.10000000149011612,0.025198614821601767,0.983453237410072,0.9811374072765807,0.9858556247709784,1,0.29651501801639846,7.252179746605805,1.0037635420306998,0.9691958152805663,0.15101289749145508,0.16280116140842438,0.14957502484321594,0.07871288806200027,/Users/estebanfelixmoran/Desktop/Purdue/Medical_Imaging/3D-Medical-Segment-Anything/outputs/two_task_joint_decoder/native_predictions/brain_mouse/POLYIC_20190628_mouse34__E6_P1_prediction.nii.gz,/Users/estebanfelixmoran/Desktop/Purdue/Medical_Imaging/3D-Medical-Segment-Anything/outputs/two_task_joint_decoder/probability_maps/brain_mouse/POLYIC_20190628_mouse34__E6_P1_probability.nii.gz,/Users/estebanfelixmoran/Desktop/Purdue/Medical_Imaging/Datasets/Image_Database/src_adult/POLYIC_20190628_mouse34__E6_P1.nii.gz,/Users/estebanfelixmoran/Desktop/Purdue/Medical_Imaging/Datasets/Mask_Database/label_adult/POLYIC_20190628_mouse34__E6_P1.nii.gz,0.9843569722825941
Mouse,POLYIC_20190628_mouse35__E3_P1,0.009713654406368732,0.9850058975352219,0.9819671277574327,0.9880635330894231,2078,1367,0.10000000149011612,0.024913425715837236,0.9824610537370908,0.9815802229762481,0.9833616539224016,1,0.29551406027035937,7.260358652316938,1.0062083598927727,0.9704547988439205,0.31484347581863403,0.29345691204071045,0.20236824452877045,0.057743754237890244,/Users/estebanfelixmoran/Desktop/Purdue/Medical_Imaging/3D-Medical-Segment-Anything/outputs/two_task_joint_decoder/native_predictions/brain_mouse/POLYIC_20190628_mouse35__E3_P1_prediction.nii.gz,/Users/estebanfelixmoran/Desktop/Purdue/Medical_Imaging/3D-Medical-Segment-Anything/outputs/two_task_joint_decoder/probability_maps/brain_mouse/POLYIC_20190628_mouse35__E3_P1_probability.nii.gz,/Users/estebanfelixmoran/Desktop/Purdue/Medical_Imaging/Datasets/Image_Database/src_adult/POLYIC_20190628_mouse35__E3_P1.nii.gz,/Users/estebanfelixmoran/Desktop/Purdue/Medical_Imaging/Datasets/Mask_Database/label_adult/POLYIC_20190628_mouse35__E3_P1.nii.gz,0.9850058975352219
Mouse,POLYIC_20190628_mouse36__E3_P1,0.010049198754131794,0.98614598410776,0.9868247694334651,0.9854681319422773,1560,1723,0.10000000149011612,0.021464885111188887,0.9911367085115188,0.9924288929813792,0.9898151377746773,1,0.29816080975226766,7.238811562489656,0.9986252498587297,0.972670590291941,0.23527272045612335,0.2280024290084839,0.18128326535224915,0.07076344639062881,/Users/estebanfelixmoran/Desktop/Purdue/Medical_Imaging/3D-Medical-Segment-Anything/outputs/two_task_joint_decoder/native_predictions/brain_mouse/POLYIC_20190628_mouse36__E3_P1_prediction.nii.gz,/Users/estebanfelixmoran/Desktop/Purdue/Medical_Imaging/3D-Medical-Segment-Anything/outputs/two_task_joint_decoder/probability_maps/brain_mouse/POLYIC_20190628_mouse36__E3_P1_probability.nii.gz,/Users/estebanfelixmoran/Desktop/Purdue/Medical_Imaging/Datasets/Image_Database/src_adult/POLYIC_20190628_mouse36__E3_P1.nii.gz,/Users/estebanfelixmoran/Desktop/Purdue/Medical_Imaging/Datasets/Mask_Database/label_adult/POLYIC_20190628_mouse36__E3_P1.nii.gz,0.98614598410776
Mouse,POLYIC_20190629_polyic_mo__E3_P1,0.010058339685201645,0.9854968774109016,0.9847371639721272,0.9862577639751553,1772,1593,0.10000000149011612,0.022521196699343677,0.9897780578309879,0.9888888888888889,0.9906933788007957,1,0.29693427361019087,7.248764906648963,1.0015441683919946,0.9714084219828024,0.3279408812522888,0.2971743643283844,0.20222894847393036,0.0560978539288044,/Users/estebanfelixmoran/Desktop/Purdue/Medical_Imaging/3D-Medical-Segment-Anything/outputs/two_task_joint_decoder/native_predictions/brain_mouse/POLYIC_20190629_polyic_mo__E3_P1_prediction.nii.gz,/Users/estebanfelixmoran/Desktop/Purdue/Medical_Imaging/3D-Medical-Segment-Anything/outputs/two_task_joint_decoder/probability_maps/brain_mouse/POLYIC_20190629_polyic_mo__E3_P1_probability.nii.gz,/Users/estebanfelixmoran/Desktop/Purdue/Medical_Imaging/Datasets/Image_Database/src_adult/POLYIC_20190629_polyic_mo__E3_P1.nii.gz,/Users/estebanfelixmoran/Desktop/Purdue/Medical_Imaging/Datasets/Mask_Database/label_adult/POLYIC_20190629_polyic_mo__E3_P1.nii.gz,0.9854968774109016
Mouse,POLYIC_20190629_polyic_mo__E3_P1_1,0.009772004559636116,0.9828064933936382,0.9816082262890774,0.9840076895668818,2225,1930,0.14142135834465194,0.032873902523044285,0.9569506446477071,0.9549751243781095,0.9589418918071836,2,0.23591915010866452,7.8264183627373605,1.0024444205066165,0.9661942265759756,0.18069148063659668,0.20937034487724304,0.15039211511611938,0.08224938809871674,/Users/estebanfelixmoran/Desktop/Purdue/Medical_Imaging/3D-Medical-Segment-Anything/outputs/two_task_joint_decoder/native_predictions/brain_mouse/POLYIC_20190629_polyic_mo__E3_P1_1_prediction.nii.gz,/Users/estebanfelixmoran/Desktop/Purdue/Medical_Imaging/3D-Medical-Segment-Anything/outputs/two_task_joint_decoder/probability_maps/brain_mouse/POLYIC_20190629_polyic_mo__E3_P1_1_probability.nii.gz,/Users/estebanfelixmoran/Desktop/Purdue/Medical_Imaging/Datasets/Image_Database/src_adult/POLYIC_20190629_polyic_mo__E3_P1_1.nii.gz,/Users/estebanfelixmoran/Desktop/Purdue/Medical_Imaging/Datasets/Mask_Database/label_adult/POLYIC_20190629_polyic_mo__E3_P1_1.nii.gz,0.9828064933936382
Mouse,POLYIC_20190629_polyic_mo__E3_P1_2,0.009962218813598156,0.9829682119259022,0.9873374401095141,0.9786374833420829,1554,2645,0.10000000149011612,0.03424210567206808,0.9715412421952021,0.9706226439620435,0.9724807232119117,2,0.27713434251411395,7.417439434125231,0.9911884666639745,0.9665068717146983,0.02109990268945694,0.035520732402801514,0.0539381317794323,0.11483530700206757,/Users/estebanfelixmoran/Desktop/Purdue/Medical_Imaging/3D-Medical-Segment-Anything/outputs/two_task_joint_decoder/native_predictions/brain_mouse/POLYIC_20190629_polyic_mo__E3_P1_2_prediction.nii.gz,/Users/estebanfelixmoran/Desktop/Purdue/Medical_Imaging/3D-Medical-Segment-Anything/outputs/two_task_joint_decoder/probability_maps/brain_mouse/POLYIC_20190629_polyic_mo__E3_P1_2_probability.nii.gz,/Users/estebanfelixmoran/Desktop/Purdue/Medical_Imaging/Datasets/Image_Database/src_adult/POLYIC_20190629_polyic_mo__E3_P1_2.nii.gz,/Users/estebanfelixmoran/Desktop/Purdue/Medical_Imaging/Datasets/Mask_Database/label_adult/POLYIC_20190629_polyic_mo__E3_P1_2.nii.gz,0.9831277205992722
Mouse,POLYIC_20190629_polyic_mo__E3_P1_3,0.009864247404038906,0.9834168115641139,0.979856747601686,0.9870028390592035,2337,1497,0.14142135834465194,0.03433361604685558,0.9569207060801345,0.9542226818338504,0.9597066989392753,2,0.29560624629223875,7.259603849628056,1.0072929961190842,0.9673746553660777,0.21832412481307983,0.2073274403810501,0.16192105412483215,0.07273729890584946,/Users/estebanfelixmoran/Desktop/Purdue/Medical_Imaging/3D-Medical-Segment-Anything/outputs/two_task_joint_decoder/native_predictions/brain_mouse/POLYIC_20190629_polyic_mo__E3_P1_3_prediction.nii.gz,/Users/estebanfelixmoran/Desktop/Purdue/Medical_Imaging/3D-Medical-Segment-Anything/outputs/two_task_joint_decoder/probability_maps/brain_mouse/POLYIC_20190629_polyic_mo__E3_P1_3_probability.nii.gz,/Users/estebanfelixmoran/Desktop/Purdue/Medical_Imaging/Datasets/Image_Database/src_adult/POLYIC_20190629_polyic_mo__E3_P1_3.nii.gz,/Users/estebanfelixmoran/Desktop/Purdue/Medical_Imaging/Datasets/Mask_Database/label_adult/POLYIC_20190629_polyic_mo__E3_P1_3.nii.gz,0.9834210651522295
Mouse,POLYIC_20190629_polyic_mo__E3_P1_5,0.010075699537992477,0.9844620021455208,0.9867050099413758,0.9822291689673041,1558,2092,0.10000000149011612,0.026123194743828536,0.9787881898114886,0.9799117746861215,0.9776459224506693,1,0.28768484188359195,7.325632557273499,0.9954638509696656,0.9693994751800401,0.2596076726913452,0.25400543212890625,0.18201152980327606,0.06638338416814804,/Users/estebanfelixmoran/Desktop/Purdue/Medical_Imaging/3D-Medical-Segment-Anything/outputs/two_task_joint_decoder/native_predictions/brain_mouse/POLYIC_20190629_polyic_mo__E3_P1_5_prediction.nii.gz,/Users/estebanfelixmoran/Desktop/Purdue/Medical_Imaging/3D-Medical-Segment-Anything/outputs/two_task_joint_decoder/probability_maps/brain_mouse/POLYIC_20190629_polyic_mo__E3_P1_5_probability.nii.gz,/Users/estebanfelixmoran/Desktop/Purdue/Medical_Imaging/Datasets/Image_Database/src_adult/POLYIC_20190629_polyic_mo__E3_P1_5.nii.gz,/Users/estebanfelixmoran/Desktop/Purdue/Medical_Imaging/Datasets/Mask_Database/label_adult/POLYIC_20190629_polyic_mo__E3_P1_5.nii.gz,0.9844620021455208
Mouse,POLYIC_20190629_polyic_mo__E4_P1_2,0.009909207001328468,0.9850230841017756,0.98636532048907,0.9836844957548486,1656,1987,0.10000000149011612,0.02508018688226213,0.9824496018973403,0.981796278945255,0.983119467508406,1,0.296355592843191,7.253479955745159,0.9972821178132133,0.9704881644821052,0.15898016095161438,0.17380358278751373,0.14933498203754425,0.08540432155132294,/Users/estebanfelixmoran/Desktop/Purdue/Medical_Imaging/3D-Medical-Segment-Anything/outputs/two_task_joint_decoder/native_predictions/brain_mouse/POLYIC_20190629_polyic_mo__E4_P1_2_prediction.nii.gz,/Users/estebanfelixmoran/Desktop/Purdue/Medical_Imaging/3D-Medical-Segment-Anything/outputs/two_task_joint_decoder/probability_maps/brain_mouse/POLYIC_20190629_polyic_mo__E4_P1_2_probability.nii.gz,/Users/estebanfelixmoran/Desktop/Purdue/Medical_Imaging/Datasets/Image_Database/src_adult/POLYIC_20190629_polyic_mo__E4_P1_2.nii.gz,/Users/estebanfelixmoran/Desktop/Purdue/Medical_Imaging/Datasets/Mask_Database/label_adult/POLYIC_20190629_polyic_mo__E4_P1_2.nii.gz,0.9850230841017756
Mouse,POLYIC_20190629_polyic_mo__E4_P1_4,0.010069619864225388,0.9831996148225158,0.9870899851137005,0.9793397900026314,1509,2434,0.10000000149011612,0.027995146040737922,0.9785672843930241,0.9803537672157709,0.9767409759127614,1,0.281768704830822,7.376548563108947,0.9921484411472613,0.9669544083137782,0.31997594237327576,0.30500003695487976,0.19625446200370789,0.05761350691318512,/Users/estebanfelixmoran/Desktop/Purdue/Medical_Imaging/3D-Medical-Segment-Anything/outputs/two_task_joint_decoder/native_predictions/brain_mouse/POLYIC_20190629_polyic_mo__E4_P1_4_prediction.nii.gz,/Users/estebanfelixmoran/Desktop/Purdue/Medical_Imaging/3D-Medical-Segment-Anything/outputs/two_task_joint_decoder/probability_maps/brain_mouse/POLYIC_20190629_polyic_mo__E4_P1_4_probability.nii.gz,/Users/estebanfelixmoran/Desktop/Purdue/Medical_Imaging/Datasets/Image_Database/src_adult/POLYIC_20190629_polyic_mo__E4_P1_4.nii.gz,/Users/estebanfelixmoran/Desktop/Purdue/Medical_Imaging/Datasets/Mask_Database/label_adult/POLYIC_20190629_polyic_mo__E4_P1_4.nii.gz,0.9831996148225158
