subject,image_path,mask_path
20190319CH_Exp4_M2,/Users/estebanfelixmoran/Desktop/Purdue/Medical_Imaging/Datasets/data_repository/data_charite/20190319CH_Exp4_M2/t2.nii,/Users/estebanfelixmoran/Desktop/Purdue/Medical_Imaging/Datasets/data_repository/data_charite/20190319CH_Exp4_M2/masklesion_manual.nii
20170714CH_Exp7_ZFPtm1a_M26,/Users/estebanfelixmoran/Desktop/Purdue/Medical_Imaging/Datasets/data_repository/data_charite/20170714CH_Exp7_ZFPtm1a_M26/t2.nii,/Users/estebanfelixmoran/Desktop/Purdue/Medical_Imaging/Datasets/data_repository/data_charite/20170714CH_Exp7_ZFPtm1a_M26/masklesion_manual.nii
20180711CH_Exp8_M17,/Users/estebanfelixmoran/Desktop/Purdue/Medical_Imaging/Datasets/data_repository/data_charite/20180711CH_Exp8_M17/t2.nii,/Users/estebanfelixmoran/Desktop/Purdue/Medical_Imaging/Datasets/data_repository/data_charite/20180711CH_Exp8_M17/masklesion_manual.nii
20170928CH_Exp8_M27,/Users/estebanfelixmoran/Desktop/Purdue/Medical_Imaging/Datasets/data_repository/data_charite/20170928CH_Exp8_M27/t2.nii,/Users/estebanfelixmoran/Desktop/Purdue/Medical_Imaging/Datasets/data_repository/data_charite/20170928CH_Exp8_M27/masklesion_manual.nii
20170920CH_Exp09_M03,/Users/estebanfelixmoran/Desktop/Purdue/Medical_Imaging/Datasets/data_repository/data_charite/20170920CH_Exp09_M03/t2.nii,/Users/estebanfelixmoran/Desktop/Purdue/Medical_Imaging/Datasets/data_repository/data_charite/20170920CH_Exp09_M03/masklesion_manual.nii
20191029CH_Exp8_M05,/Users/estebanfelixmoran/Desktop/Purdue/Medical_Imaging/Datasets/data_repository/data_charite/20191029CH_Exp8_M05/t2.nii,/Users/estebanfelixmoran/Desktop/Purdue/Medical_Imaging/Datasets/data_repository/data_charite/20191029CH_Exp8_M05/masklesion_manual.nii
20190219CH_Exp1_M4,/Users/estebanfelixmoran/Desktop/Purdue/Medical_Imaging/Datasets/data_repository/data_charite/20190219CH_Exp1_M4/t2.nii,/Users/estebanfelixmoran/Desktop/Purdue/Medical_Imaging/Datasets/data_repository/data_charite/20190219CH_Exp1_M4/masklesion_manual.nii
20170927CH_Exp8_M16,/Users/estebanfelixmoran/Desktop/Purdue/Medical_Imaging/Datasets/data_repository/data_charite/20170927CH_Exp8_M16/t2.nii,/Users/estebanfelixmoran/Desktop/Purdue/Medical_Imaging/Datasets/data_repository/data_charite/20170927CH_Exp8_M16/masklesion_manual.nii
20170712CH_Exp7_ZFPtm1a_M11,/Users/estebanfelixmoran/Desktop/Purdue/Medical_Imaging/Datasets/data_repository/data_charite/20170712CH_Exp7_ZFPtm1a_M11/t2.nii,/Users/estebanfelixmoran/Desktop/Purdue/Medical_Imaging/Datasets/data_repository/data_charite/20170712CH_Exp7_ZFPtm1a_M11/masklesion_manual.nii
20170628CH_Exp6_ZFPtm1a_M13,/Users/estebanfelixmoran/Desktop/Purdue/Medical_Imaging/Datasets/data_repository/data_charite/20170628CH_Exp6_ZFPtm1a_M13/t2.nii,/Users/estebanfelixmoran/Desktop/Purdue/Medical_Imaging/Datasets/data_repository/data_charite/20170628CH_Exp6_ZFPtm1a_M13/masklesion_manual.nii
20190206CH_Exp2_M40,/Users/estebanfelixmoran/Desktop/Purdue/Medical_Imaging/Datasets/data_repository/data_charite/20190206CH_Exp2_M40/t2.nii,/Users/estebanfelixmoran/Desktop/Purdue/Medical_Imaging/Datasets/data_repository/data_charite/20190206CH_Exp2_M40/masklesion_manual.nii
20190821CH_Exp14_Senp7_M16,/Users/estebanfelixmoran/Desktop/Purdue/Medical_Imaging/Datasets/data_repository/data_charite/20190821CH_Exp14_Senp7_M16/t2.nii,/Users/estebanfelixmoran/Desktop/Purdue/Medical_Imaging/Datasets/data_repository/data_charite/20190821CH_Exp14_Senp7_M16/masklesion_manual.nii
20190821CH_Exp14_NEX_M08,/Users/estebanfelixmoran/Desktop/Purdue/Medical_Imaging/Datasets/data_repository/data_charite/20190821CH_Exp14_NEX_M08/t2.nii,/Users/estebanfelixmoran/Desktop/Purdue/Medical_Imaging/Datasets/data_repository/data_charite/20190821CH_Exp14_NEX_M08/masklesion_manual.nii
20170628CH_Exp6_ZFPtm1a_M16,/Users/estebanfelixmoran/Desktop/Purdue/Medical_Imaging/Datasets/data_repository/data_charite/20170628CH_Exp6_ZFPtm1a_M16/t2.nii,/Users/estebanfelixmoran/Desktop/Purdue/Medical_Imaging/Datasets/data_repository/data_charite/20170628CH_Exp6_ZFPtm1a_M16/masklesion_manual.nii
20170629CH_Exp6_ZFPtm1a_M30,/Users/estebanfelixmoran/Desktop/Purdue/Medical_Imaging/Datasets/data_repository/data_charite/20170629CH_Exp6_ZFPtm1a_M30/t2.nii,/Users/estebanfelixmoran/Desktop/Purdue/Medical_Imaging/Datasets/data_repository/data_charite/20170629CH_Exp6_ZFPtm1a_M30/masklesion_manual.nii
20190529CH_Exp5_7753,/Users/estebanfelixmoran/Desktop/Purdue/Medical_Imaging/Datasets/data_repository/data_charite/20190529CH_Exp5_7753/t2.nii,/Users/estebanfelixmoran/Desktop/Purdue/Medical_Imaging/Datasets/data_repository/data_charite/20190529CH_Exp5_7753/masklesion_manual.nii
20170404CH_SC_M08,/Users/estebanfelixmoran/Desktop/Purdue/Medical_Imaging/Datasets/data_repository/data_charite/20170404CH_SC_M08/t2.nii,/Users/estebanfelixmoran/Desktop/Purdue/Medical_Imaging/Datasets/data_repository/data_charite/20170404CH_SC_M08/masklesion_manual.nii
20190206CH_Exp2_M36,/Users/estebanfelixmoran/Desktop/Purdue/Medical_Imaging/Datasets/data_repository/data_charite/20190206CH_Exp2_M36/t2.nii,/Users/estebanfelixmoran/Desktop/Purdue/Medical_Imaging/Datasets/data_repository/data_charite/20190206CH_Exp2_M36/masklesion_manual.nii
20191030CH_Exp8_M17,/Users/estebanfelixmoran/Desktop/Purdue/Medical_Imaging/Datasets/data_repository/data_charite/20191030CH_Exp8_M17/t2.nii,/Users/estebanfelixmoran/Desktop/Purdue/Medical_Imaging/Datasets/data_repository/data_charite/20191030CH_Exp8_M17/masklesion_manual.nii
20190129CH_Exp2_M03,/Users/estebanfelixmoran/Desktop/Purdue/Medical_Imaging/Datasets/data_repository/data_charite/20190129CH_Exp2_M03/t2.nii,/Users/estebanfelixmoran/Desktop/Purdue/Medical_Imaging/Datasets/data_repository/data_charite/20190129CH_Exp2_M03/masklesion_manual.nii
20180710CH_Exp8_M07,/Users/estebanfelixmoran/Desktop/Purdue/Medical_Imaging/Datasets/data_repository/data_charite/20180710CH_Exp8_M07/t2.nii,/Users/estebanfelixmoran/Desktop/Purdue/Medical_Imaging/Datasets/data_repository/data_charite/20180710CH_Exp8_M07/masklesion_manual.nii
20170926CH_Exp8_M10,/Users/estebanfelixmoran/Desktop/Purdue/Medical_Imaging/Datasets/data_repository/data_charite/20170926CH_Exp8_M10/t2.nii,/Users/estebanfelixmoran/Desktop/Purdue/Medical_Imaging/Datasets/data_repository/data_charite/20170926CH_Exp8_M10/masklesion_manual.nii
20190528CH_Exp5_7764,/Users/estebanfelixmoran/Desktop/Purdue/Medical_Imaging/Datasets/data_repository/data_charite/20190528CH_Exp5_7764/t2.nii,/Users/estebanfelixmoran/Desktop/Purdue/Medical_Imaging/Datasets/data_repository/data_charite/20190528CH_Exp5_7764/masklesion_manual.nii
20170714CH_Exp7_ZFPtm1a_M30,/Users/estebanfelixmoran/Desktop/Purdue/Medical_Imaging/Datasets/data_repository/data_charite/20170714CH_Exp7_ZFPtm1a_M30/t2.nii,/Users/estebanfelixmoran/Desktop/Purdue/Medical_Imaging/Datasets/data_repository/data_charite/20170714CH_Exp7_ZFPtm1a_M30/masklesion_manual.nii
20170627CH_Exp6_ZFPtm1a_M06,/Users/estebanfelixmoran/Desktop/Purdue/Medical_Imaging/Datasets/data_repository/data_charite/20170627CH_Exp6_ZFPtm1a_M06/t2.nii,/Users/estebanfelixmoran/Desktop/Purdue/Medical_Imaging/Datasets/data_repository/data_charite/20170627CH_Exp6_ZFPtm1a_M06/masklesion_manual.nii
20190205CH_Exp2_M28,/Users/estebanfelixmoran/Desktop/Purdue/Medical_Imaging/Datasets/data_repository/data_charite/20190205CH_Exp2_M28/t2.nii,/Users/estebanfelixmoran/Desktop/Purdue/Medical_Imaging/Datasets/data_repository/data_charite/20190205CH_Exp2_M28/masklesion_manual.nii
20190206CH_Exp2_M35,/Users/estebanfelixmoran/Desktop/Purdue/Medical_Imaging/Datasets/data_repository/data_charite/20190206CH_Exp2_M35/t2.nii,/Users/estebanfelixmoran/Desktop/Purdue/Medical_Imaging/Datasets/data_repository/data_charite/20190206CH_Exp2_M35/masklesion_manual.nii
20170712CH_Exp7_ZFPtm1a_M02,/Users/estebanfelixmoran/Desktop/Purdue/Medical_Imaging/Datasets/data_repository/data_charite/20170712CH_Exp7_ZFPtm1a_M02/t2.nii,/Users/estebanfelixmoran/Desktop/Purdue/Medical_Imaging/Datasets/data_repository/data_charite/20170712CH_Exp7_ZFPtm1a_M02/masklesion_manual.nii
20190221CH_Exp1_M61,/Users/estebanfelixmoran/Desktop/Purdue/Medical_Imaging/Datasets/data_repository/data_charite/20190221CH_Exp1_M61/t2.nii,/Users/estebanfelixmoran/Desktop/Purdue/Medical_Imaging/Datasets/data_repository/data_charite/20190221CH_Exp1_M61/masklesion_manual.nii
20190221CH_Exp1_M59,/Users/estebanfelixmoran/Desktop/Purdue/Medical_Imaging/Datasets/data_repository/data_charite/20190221CH_Exp1_M59/t2.nii,/Users/estebanfelixmoran/Desktop/Purdue/Medical_Imaging/Datasets/data_repository/data_charite/20190221CH_Exp1_M59/masklesion_manual.nii
20180801CH_Exp9_M16,/Users/estebanfelixmoran/Desktop/Purdue/Medical_Imaging/Datasets/data_repository/data_charite/20180801CH_Exp9_M16/t2.nii,/Users/estebanfelixmoran/Desktop/Purdue/Medical_Imaging/Datasets/data_repository/data_charite/20180801CH_Exp9_M16/masklesion_manual.nii
20190130CH_Exp2_M19,/Users/estebanfelixmoran/Desktop/Purdue/Medical_Imaging/Datasets/data_repository/data_charite/20190130CH_Exp2_M19/t2.nii,/Users/estebanfelixmoran/Desktop/Purdue/Medical_Imaging/Datasets/data_repository/data_charite/20190130CH_Exp2_M19/masklesion_manual.nii
20190319CH_Exp4_M1,/Users/estebanfelixmoran/Desktop/Purdue/Medical_Imaging/Datasets/data_repository/data_charite/20190319CH_Exp4_M1/t2.nii,/Users/estebanfelixmoran/Desktop/Purdue/Medical_Imaging/Datasets/data_repository/data_charite/20190319CH_Exp4_M1/masklesion_manual.nii
20190220CH_Exp1_M52,/Users/estebanfelixmoran/Desktop/Purdue/Medical_Imaging/Datasets/data_repository/data_charite/20190220CH_Exp1_M52/t2.nii,/Users/estebanfelixmoran/Desktop/Purdue/Medical_Imaging/Datasets/data_repository/data_charite/20190220CH_Exp1_M52/masklesion_manual.nii
20170629CH_Exp6_ZFPtm1a_M28,/Users/estebanfelixmoran/Desktop/Purdue/Medical_Imaging/Datasets/data_repository/data_charite/20170629CH_Exp6_ZFPtm1a_M28/t2.nii,/Users/estebanfelixmoran/Desktop/Purdue/Medical_Imaging/Datasets/data_repository/data_charite/20170629CH_Exp6_ZFPtm1a_M28/masklesion_manual.nii
200170928CH_Exp8_M33,/Users/estebanfelixmoran/Desktop/Purdue/Medical_Imaging/Datasets/data_repository/data_charite/200170928CH_Exp8_M33/t2.nii,/Users/estebanfelixmoran/Desktop/Purdue/Medical_Imaging/Datasets/data_repository/data_charite/200170928CH_Exp8_M33/masklesion_manual.nii
20170404CH_SC_M09,/Users/estebanfelixmoran/Desktop/Purdue/Medical_Imaging/Datasets/data_repository/data_charite/20170404CH_SC_M09/t2.nii,/Users/estebanfelixmoran/Desktop/Purdue/Medical_Imaging/Datasets/data_repository/data_charite/20170404CH_SC_M09/masklesion_manual.nii
20190321CH_Exp4_M25,/Users/estebanfelixmoran/Desktop/Purdue/Medical_Imaging/Datasets/data_repository/data_charite/20190321CH_Exp4_M25/t2.nii,/Users/estebanfelixmoran/Desktop/Purdue/Medical_Imaging/Datasets/data_repository/data_charite/20190321CH_Exp4_M25/masklesion_manual.nii
20180711CH_Exp8_M19,/Users/estebanfelixmoran/Desktop/Purdue/Medical_Imaging/Datasets/data_repository/data_charite/20180711CH_Exp8_M19/t2.nii,/Users/estebanfelixmoran/Desktop/Purdue/Medical_Imaging/Datasets/data_repository/data_charite/20180711CH_Exp8_M19/masklesion_manual.nii
20180803CH_Exp9_M37,/Users/estebanfelixmoran/Desktop/Purdue/Medical_Imaging/Datasets/data_repository/data_charite/20180803CH_Exp9_M37/t2.nii,/Users/estebanfelixmoran/Desktop/Purdue/Medical_Imaging/Datasets/data_repository/data_charite/20180803CH_Exp9_M37/masklesion_manual.nii
20190827CH_Exp14_NEX_M22,/Users/estebanfelixmoran/Desktop/Purdue/Medical_Imaging/Datasets/data_repository/data_charite/20190827CH_Exp14_NEX_M22/t2.nii,/Users/estebanfelixmoran/Desktop/Purdue/Medical_Imaging/Datasets/data_repository/data_charite/20190827CH_Exp14_NEX_M22/masklesion_manual.nii
20190206CH_Exp2_M37,/Users/estebanfelixmoran/Desktop/Purdue/Medical_Imaging/Datasets/data_repository/data_charite/20190206CH_Exp2_M37/t2.nii,/Users/estebanfelixmoran/Desktop/Purdue/Medical_Imaging/Datasets/data_repository/data_charite/20190206CH_Exp2_M37/masklesion_manual.nii
20190219CH_Exp1,/Users/estebanfelixmoran/Desktop/Purdue/Medical_Imaging/Datasets/data_repository/data_charite/20190219CH_Exp1/t2.nii,/Users/estebanfelixmoran/Desktop/Purdue/Medical_Imaging/Datasets/data_repository/data_charite/20190219CH_Exp1/masklesion_manual.nii
20190827CH_Exp14_NEX_M18,/Users/estebanfelixmoran/Desktop/Purdue/Medical_Imaging/Datasets/data_repository/data_charite/20190827CH_Exp14_NEX_M18/t2.nii,/Users/estebanfelixmoran/Desktop/Purdue/Medical_Imaging/Datasets/data_repository/data_charite/20190827CH_Exp14_NEX_M18/masklesion_manual.nii
20190221CH_Exp1_M56,/Users/estebanfelixmoran/Desktop/Purdue/Medical_Imaging/Datasets/data_repository/data_charite/20190221CH_Exp1_M56/t2.nii,/Users/estebanfelixmoran/Desktop/Purdue/Medical_Imaging/Datasets/data_repository/data_charite/20190221CH_Exp1_M56/masklesion_manual.nii
20180710CH_Exp8_M03,/Users/estebanfelixmoran/Desktop/Purdue/Medical_Imaging/Datasets/data_repository/data_charite/20180710CH_Exp8_M03/t2.nii,/Users/estebanfelixmoran/Desktop/Purdue/Medical_Imaging/Datasets/data_repository/data_charite/20180710CH_Exp8_M03/masklesion_manual.nii
20170222CH_Exp3_zfp_M04,/Users/estebanfelixmoran/Desktop/Purdue/Medical_Imaging/Datasets/data_repository/data_charite/20170222CH_Exp3_zfp_M04/t2.nii,/Users/estebanfelixmoran/Desktop/Purdue/Medical_Imaging/Datasets/data_repository/data_charite/20170222CH_Exp3_zfp_M04/masklesion_manual.nii
20190130_CH_Exp2_M14,/Users/estebanfelixmoran/Desktop/Purdue/Medical_Imaging/Datasets/data_repository/data_charite/20190130_CH_Exp2_M14/t2.nii,/Users/estebanfelixmoran/Desktop/Purdue/Medical_Imaging/Datasets/data_repository/data_charite/20190130_CH_Exp2_M14/masklesion_manual.nii
20190820CH_Exp14_Senp7_M02,/Users/estebanfelixmoran/Desktop/Purdue/Medical_Imaging/Datasets/data_repository/data_charite/20190820CH_Exp14_Senp7_M02/t2.nii,/Users/estebanfelixmoran/Desktop/Purdue/Medical_Imaging/Datasets/data_repository/data_charite/20190820CH_Exp14_Senp7_M02/masklesion_manual.nii
20190528CH_Exp5_7768,/Users/estebanfelixmoran/Desktop/Purdue/Medical_Imaging/Datasets/data_repository/data_charite/20190528CH_Exp5_7768/t2.nii,/Users/estebanfelixmoran/Desktop/Purdue/Medical_Imaging/Datasets/data_repository/data_charite/20190528CH_Exp5_7768/masklesion_manual.nii
20170921CH_Exp09_M15,/Users/estebanfelixmoran/Desktop/Purdue/Medical_Imaging/Datasets/data_repository/data_charite/20170921CH_Exp09_M15/t2.nii,/Users/estebanfelixmoran/Desktop/Purdue/Medical_Imaging/Datasets/data_repository/data_charite/20170921CH_Exp09_M15/masklesion_manual.nii
20170921CH_Exp09_M22,/Users/estebanfelixmoran/Desktop/Purdue/Medical_Imaging/Datasets/data_repository/data_charite/20170921CH_Exp09_M22/t2.nii,/Users/estebanfelixmoran/Desktop/Purdue/Medical_Imaging/Datasets/data_repository/data_charite/20170921CH_Exp09_M22/masklesion_manual.nii
20190221CH_Exp1_M54,/Users/estebanfelixmoran/Desktop/Purdue/Medical_Imaging/Datasets/data_repository/data_charite/20190221CH_Exp1_M54/t2.nii,/Users/estebanfelixmoran/Desktop/Purdue/Medical_Imaging/Datasets/data_repository/data_charite/20190221CH_Exp1_M54/masklesion_manual.nii
20181023CH_Exp13_M01,/Users/estebanfelixmoran/Desktop/Purdue/Medical_Imaging/Datasets/data_repository/data_charite/20181023CH_Exp13_M01/t2.nii,/Users/estebanfelixmoran/Desktop/Purdue/Medical_Imaging/Datasets/data_repository/data_charite/20181023CH_Exp13_M01/masklesion_manual.nii
20170926CH_Exp8_M01,/Users/estebanfelixmoran/Desktop/Purdue/Medical_Imaging/Datasets/data_repository/data_charite/20170926CH_Exp8_M01/t2.nii,/Users/estebanfelixmoran/Desktop/Purdue/Medical_Imaging/Datasets/data_repository/data_charite/20170926CH_Exp8_M01/masklesion_manual.nii
20170926CH_Exp8_M08,/Users/estebanfelixmoran/Desktop/Purdue/Medical_Imaging/Datasets/data_repository/data_charite/20170926CH_Exp8_M08/t2.nii,/Users/estebanfelixmoran/Desktop/Purdue/Medical_Imaging/Datasets/data_repository/data_charite/20170926CH_Exp8_M08/masklesion_manual.nii
20190528CH_Exp5_7765,/Users/estebanfelixmoran/Desktop/Purdue/Medical_Imaging/Datasets/data_repository/data_charite/20190528CH_Exp5_7765/t2.nii,/Users/estebanfelixmoran/Desktop/Purdue/Medical_Imaging/Datasets/data_repository/data_charite/20190528CH_Exp5_7765/masklesion_manual.nii
20170928CH_Exp8_M26,/Users/estebanfelixmoran/Desktop/Purdue/Medical_Imaging/Datasets/data_repository/data_charite/20170928CH_Exp8_M26/t2.nii,/Users/estebanfelixmoran/Desktop/Purdue/Medical_Imaging/Datasets/data_repository/data_charite/20170928CH_Exp8_M26/masklesion_manual.nii
20190820CH_Exp14_Senp7_M14,/Users/estebanfelixmoran/Desktop/Purdue/Medical_Imaging/Datasets/data_repository/data_charite/20190820CH_Exp14_Senp7_M14/t2.nii,/Users/estebanfelixmoran/Desktop/Purdue/Medical_Imaging/Datasets/data_repository/data_charite/20190820CH_Exp14_Senp7_M14/masklesion_manual.nii
20180801CH_Exp9_M19,/Users/estebanfelixmoran/Desktop/Purdue/Medical_Imaging/Datasets/data_repository/data_charite/20180801CH_Exp9_M19/t2.nii,/Users/estebanfelixmoran/Desktop/Purdue/Medical_Imaging/Datasets/data_repository/data_charite/20180801CH_Exp9_M19/masklesion_manual.nii
20170404CH_SC_M07,/Users/estebanfelixmoran/Desktop/Purdue/Medical_Imaging/Datasets/data_repository/data_charite/20170404CH_SC_M07/t2.nii,/Users/estebanfelixmoran/Desktop/Purdue/Medical_Imaging/Datasets/data_repository/data_charite/20170404CH_SC_M07/masklesion_manual.nii
20191029CH_Exp8_M01,/Users/estebanfelixmoran/Desktop/Purdue/Medical_Imaging/Datasets/data_repository/data_charite/20191029CH_Exp8_M01/t2.nii,/Users/estebanfelixmoran/Desktop/Purdue/Medical_Imaging/Datasets/data_repository/data_charite/20191029CH_Exp8_M01/masklesion_manual.nii
20170927CH_Exp8_M15,/Users/estebanfelixmoran/Desktop/Purdue/Medical_Imaging/Datasets/data_repository/data_charite/20170927CH_Exp8_M15/t2.nii,/Users/estebanfelixmoran/Desktop/Purdue/Medical_Imaging/Datasets/data_repository/data_charite/20170927CH_Exp8_M15/masklesion_manual.nii
20170222CH_Exp3_zfp_M07,/Users/estebanfelixmoran/Desktop/Purdue/Medical_Imaging/Datasets/data_repository/data_charite/20170222CH_Exp3_zfp_M07/t2.nii,/Users/estebanfelixmoran/Desktop/Purdue/Medical_Imaging/Datasets/data_repository/data_charite/20170222CH_Exp3_zfp_M07/masklesion_manual.nii
20170921CH_Exp09_M21,/Users/estebanfelixmoran/Desktop/Purdue/Medical_Imaging/Datasets/data_repository/data_charite/20170921CH_Exp09_M21/t2.nii,/Users/estebanfelixmoran/Desktop/Purdue/Medical_Imaging/Datasets/data_repository/data_charite/20170921CH_Exp09_M21/masklesion_manual.nii
20170405_CH_SC_M18,/Users/estebanfelixmoran/Desktop/Purdue/Medical_Imaging/Datasets/data_repository/data_charite/20170405_CH_SC_M18/t2.nii,/Users/estebanfelixmoran/Desktop/Purdue/Medical_Imaging/Datasets/data_repository/data_charite/20170405_CH_SC_M18/masklesion_manual.nii
20191030CH_Exp8_M13,/Users/estebanfelixmoran/Desktop/Purdue/Medical_Imaging/Datasets/data_repository/data_charite/20191030CH_Exp8_M13/t2.nii,/Users/estebanfelixmoran/Desktop/Purdue/Medical_Imaging/Datasets/data_repository/data_charite/20191030CH_Exp8_M13/masklesion_manual.nii
20170629CH_Exp6_ZFPtm1a_M29,/Users/estebanfelixmoran/Desktop/Purdue/Medical_Imaging/Datasets/data_repository/data_charite/20170629CH_Exp6_ZFPtm1a_M29/t2.nii,/Users/estebanfelixmoran/Desktop/Purdue/Medical_Imaging/Datasets/data_repository/data_charite/20170629CH_Exp6_ZFPtm1a_M29/masklesion_manual.nii
20190130CH_Exp2_M17,/Users/estebanfelixmoran/Desktop/Purdue/Medical_Imaging/Datasets/data_repository/data_charite/20190130CH_Exp2_M17/t2.nii,/Users/estebanfelixmoran/Desktop/Purdue/Medical_Imaging/Datasets/data_repository/data_charite/20190130CH_Exp2_M17/masklesion_manual.nii
20190821CH_Exp14_NEX_M06,/Users/estebanfelixmoran/Desktop/Purdue/Medical_Imaging/Datasets/data_repository/data_charite/20190821CH_Exp14_NEX_M06/t2.nii,/Users/estebanfelixmoran/Desktop/Purdue/Medical_Imaging/Datasets/data_repository/data_charite/20190821CH_Exp14_NEX_M06/masklesion_manual.nii
20181023CH_Exp13_M04,/Users/estebanfelixmoran/Desktop/Purdue/Medical_Imaging/Datasets/data_repository/data_charite/20181023CH_Exp13_M04/t2.nii,/Users/estebanfelixmoran/Desktop/Purdue/Medical_Imaging/Datasets/data_repository/data_charite/20181023CH_Exp13_M04/masklesion_manual.nii
20170928CH_Exp8_M35,/Users/estebanfelixmoran/Desktop/Purdue/Medical_Imaging/Datasets/data_repository/data_charite/20170928CH_Exp8_M35/t2.nii,/Users/estebanfelixmoran/Desktop/Purdue/Medical_Imaging/Datasets/data_repository/data_charite/20170928CH_Exp8_M35/masklesion_manual.nii
20170405CH_SC_M17,/Users/estebanfelixmoran/Desktop/Purdue/Medical_Imaging/Datasets/data_repository/data_charite/20170405CH_SC_M17/t2.nii,/Users/estebanfelixmoran/Desktop/Purdue/Medical_Imaging/Datasets/data_repository/data_charite/20170405CH_SC_M17/masklesion_manual.nii
20180710CH_Exp8_M06,/Users/estebanfelixmoran/Desktop/Purdue/Medical_Imaging/Datasets/data_repository/data_charite/20180710CH_Exp8_M06/t2.nii,/Users/estebanfelixmoran/Desktop/Purdue/Medical_Imaging/Datasets/data_repository/data_charite/20180710CH_Exp8_M06/masklesion_manual.nii
20180802CH_Exp9_M28,/Users/estebanfelixmoran/Desktop/Purdue/Medical_Imaging/Datasets/data_repository/data_charite/20180802CH_Exp9_M28/t2.nii,/Users/estebanfelixmoran/Desktop/Purdue/Medical_Imaging/Datasets/data_repository/data_charite/20180802CH_Exp9_M28/masklesion_manual.nii
20181023CH_Exp13_M02,/Users/estebanfelixmoran/Desktop/Purdue/Medical_Imaging/Datasets/data_repository/data_charite/20181023CH_Exp13_M02/t2.nii,/Users/estebanfelixmoran/Desktop/Purdue/Medical_Imaging/Datasets/data_repository/data_charite/20181023CH_Exp13_M02/masklesion_manual.nii
20191029CH_Exp8_M06,/Users/estebanfelixmoran/Desktop/Purdue/Medical_Imaging/Datasets/data_repository/data_charite/20191029CH_Exp8_M06/t2.nii,/Users/estebanfelixmoran/Desktop/Purdue/Medical_Imaging/Datasets/data_repository/data_charite/20191029CH_Exp8_M06/masklesion_manual.nii
20170627CH_Exp6_ZFPtm1a_M07,/Users/estebanfelixmoran/Desktop/Purdue/Medical_Imaging/Datasets/data_repository/data_charite/20170627CH_Exp6_ZFPtm1a_M07/t2.nii,/Users/estebanfelixmoran/Desktop/Purdue/Medical_Imaging/Datasets/data_repository/data_charite/20170627CH_Exp6_ZFPtm1a_M07/masklesion_manual.nii
20180323CH_Exp3_Phag_M11,/Users/estebanfelixmoran/Desktop/Purdue/Medical_Imaging/Datasets/data_repository/data_charite/20180323CH_Exp3_Phag_M11/t2.nii,/Users/estebanfelixmoran/Desktop/Purdue/Medical_Imaging/Datasets/data_repository/data_charite/20180323CH_Exp3_Phag_M11/masklesion_manual.nii
20180802CH_Exp9_M24,/Users/estebanfelixmoran/Desktop/Purdue/Medical_Imaging/Datasets/data_repository/data_charite/20180802CH_Exp9_M24/t2.nii,/Users/estebanfelixmoran/Desktop/Purdue/Medical_Imaging/Datasets/data_repository/data_charite/20180802CH_Exp9_M24/masklesion_manual.nii
20190129CH_Exp2_M09,/Users/estebanfelixmoran/Desktop/Purdue/Medical_Imaging/Datasets/data_repository/data_charite/20190129CH_Exp2_M09/t2.nii,/Users/estebanfelixmoran/Desktop/Purdue/Medical_Imaging/Datasets/data_repository/data_charite/20190129CH_Exp2_M09/masklesion_manual.nii
20170920CH_Exp09_M08,/Users/estebanfelixmoran/Desktop/Purdue/Medical_Imaging/Datasets/data_repository/data_charite/20170920CH_Exp09_M08/t2.nii,/Users/estebanfelixmoran/Desktop/Purdue/Medical_Imaging/Datasets/data_repository/data_charite/20170920CH_Exp09_M08/masklesion_manual.nii
20190820CH_Exp14_Senp7_M10,/Users/estebanfelixmoran/Desktop/Purdue/Medical_Imaging/Datasets/data_repository/data_charite/20190820CH_Exp14_Senp7_M10/t2.nii,/Users/estebanfelixmoran/Desktop/Purdue/Medical_Imaging/Datasets/data_repository/data_charite/20190820CH_Exp14_Senp7_M10/masklesion_manual.nii
20181024CH_Exp13_M18,/Users/estebanfelixmoran/Desktop/Purdue/Medical_Imaging/Datasets/data_repository/data_charite/20181024CH_Exp13_M18/t2.nii,/Users/estebanfelixmoran/Desktop/Purdue/Medical_Imaging/Datasets/data_repository/data_charite/20181024CH_Exp13_M18/masklesion_manual.nii
20190319CH_Exp4_M9,/Users/estebanfelixmoran/Desktop/Purdue/Medical_Imaging/Datasets/data_repository/data_charite/20190319CH_Exp4_M9/t2.nii,/Users/estebanfelixmoran/Desktop/Purdue/Medical_Imaging/Datasets/data_repository/data_charite/20190319CH_Exp4_M9/masklesion_manual.nii
20190130CH_Exp2_M15,/Users/estebanfelixmoran/Desktop/Purdue/Medical_Imaging/Datasets/data_repository/data_charite/20190130CH_Exp2_M15/t2.nii,/Users/estebanfelixmoran/Desktop/Purdue/Medical_Imaging/Datasets/data_repository/data_charite/20190130CH_Exp2_M15/masklesion_manual.nii
20190821CH_Exp4_NEX_M03,/Users/estebanfelixmoran/Desktop/Purdue/Medical_Imaging/Datasets/data_repository/data_charite/20190821CH_Exp4_NEX_M03/t2.nii,/Users/estebanfelixmoran/Desktop/Purdue/Medical_Imaging/Datasets/data_repository/data_charite/20190821CH_Exp4_NEX_M03/masklesion_manual.nii
20190129CH_Exp2_M01,/Users/estebanfelixmoran/Desktop/Purdue/Medical_Imaging/Datasets/data_repository/data_charite/20190129CH_Exp2_M01/t2.nii,/Users/estebanfelixmoran/Desktop/Purdue/Medical_Imaging/Datasets/data_repository/data_charite/20190129CH_Exp2_M01/masklesion_manual.nii
20170927CH_Exp8_M21,/Users/estebanfelixmoran/Desktop/Purdue/Medical_Imaging/Datasets/data_repository/data_charite/20170927CH_Exp8_M21/t2.nii,/Users/estebanfelixmoran/Desktop/Purdue/Medical_Imaging/Datasets/data_repository/data_charite/20170927CH_Exp8_M21/masklesion_manual.nii
20170926CH_Exp8_M12,/Users/estebanfelixmoran/Desktop/Purdue/Medical_Imaging/Datasets/data_repository/data_charite/20170926CH_Exp8_M12/t2.nii,/Users/estebanfelixmoran/Desktop/Purdue/Medical_Imaging/Datasets/data_repository/data_charite/20170926CH_Exp8_M12/masklesion_manual.nii
20190205CH_Exp2_M30,/Users/estebanfelixmoran/Desktop/Purdue/Medical_Imaging/Datasets/data_repository/data_charite/20190205CH_Exp2_M30/t2.nii,/Users/estebanfelixmoran/Desktop/Purdue/Medical_Imaging/Datasets/data_repository/data_charite/20190205CH_Exp2_M30/masklesion_manual.nii
20170921CH_Exp09_M19,/Users/estebanfelixmoran/Desktop/Purdue/Medical_Imaging/Datasets/data_repository/data_charite/20170921CH_Exp09_M19/t2.nii,/Users/estebanfelixmoran/Desktop/Purdue/Medical_Imaging/Datasets/data_repository/data_charite/20170921CH_Exp09_M19/masklesion_manual.nii
20190827CH_Exp14_NEX_M23,/Users/estebanfelixmoran/Desktop/Purdue/Medical_Imaging/Datasets/data_repository/data_charite/20190827CH_Exp14_NEX_M23/t2.nii,/Users/estebanfelixmoran/Desktop/Purdue/Medical_Imaging/Datasets/data_repository/data_charite/20190827CH_Exp14_NEX_M23/masklesion_manual.nii
20190529CH_Exp5_7754,/Users/estebanfelixmoran/Desktop/Purdue/Medical_Imaging/Datasets/data_repository/data_charite/20190529CH_Exp5_7754/t2.nii,/Users/estebanfelixmoran/Desktop/Purdue/Medical_Imaging/Datasets/data_repository/data_charite/20190529CH_Exp5_7754/masklesion_manual.nii
20170223CH_Exp_zf_M21,/Users/estebanfelixmoran/Desktop/Purdue/Medical_Imaging/Datasets/data_repository/data_charite/20170223CH_Exp_zf_M21/t2.nii,/Users/estebanfelixmoran/Desktop/Purdue/Medical_Imaging/Datasets/data_repository/data_charite/20170223CH_Exp_zf_M21/masklesion_manual.nii
20191106CH_Exp8_M32,/Users/estebanfelixmoran/Desktop/Purdue/Medical_Imaging/Datasets/data_repository/data_charite/20191106CH_Exp8_M32/t2.nii,/Users/estebanfelixmoran/Desktop/Purdue/Medical_Imaging/Datasets/data_repository/data_charite/20191106CH_Exp8_M32/masklesion_manual.nii
20170405CH_SC_M14,/Users/estebanfelixmoran/Desktop/Purdue/Medical_Imaging/Datasets/data_repository/data_charite/20170405CH_SC_M14/t2.nii,/Users/estebanfelixmoran/Desktop/Purdue/Medical_Imaging/Datasets/data_repository/data_charite/20170405CH_SC_M14/masklesion_manual.nii
20180711CH_Exp8_M11,/Users/estebanfelixmoran/Desktop/Purdue/Medical_Imaging/Datasets/data_repository/data_charite/20180711CH_Exp8_M11/t2.nii,/Users/estebanfelixmoran/Desktop/Purdue/Medical_Imaging/Datasets/data_repository/data_charite/20180711CH_Exp8_M11/masklesion_manual.nii
20190320CH_Exp4_M14,/Users/estebanfelixmoran/Desktop/Purdue/Medical_Imaging/Datasets/data_repository/data_charite/20190320CH_Exp4_M14/t2.nii,/Users/estebanfelixmoran/Desktop/Purdue/Medical_Imaging/Datasets/data_repository/data_charite/20190320CH_Exp4_M14/masklesion_manual.nii
20180803CH_Exp9_M34,/Users/estebanfelixmoran/Desktop/Purdue/Medical_Imaging/Datasets/data_repository/data_charite/20180803CH_Exp9_M34/t2.nii,/Users/estebanfelixmoran/Desktop/Purdue/Medical_Imaging/Datasets/data_repository/data_charite/20180803CH_Exp9_M34/masklesion_manual.nii
20180711CH_Exp8_M18,/Users/estebanfelixmoran/Desktop/Purdue/Medical_Imaging/Datasets/data_repository/data_charite/20180711CH_Exp8_M18/t2.nii,/Users/estebanfelixmoran/Desktop/Purdue/Medical_Imaging/Datasets/data_repository/data_charite/20180711CH_Exp8_M18/masklesion_manual.nii
20180323CH_Exp3_Phag_M10,/Users/estebanfelixmoran/Desktop/Purdue/Medical_Imaging/Datasets/data_repository/data_charite/20180323CH_Exp3_Phag_M10/t2.nii,/Users/estebanfelixmoran/Desktop/Purdue/Medical_Imaging/Datasets/data_repository/data_charite/20180323CH_Exp3_Phag_M10/masklesion_manual.nii
20180710CH_Exp8_M02,/Users/estebanfelixmoran/Desktop/Purdue/Medical_Imaging/Datasets/data_repository/data_charite/20180710CH_Exp8_M02/t2.nii,/Users/estebanfelixmoran/Desktop/Purdue/Medical_Imaging/Datasets/data_repository/data_charite/20180710CH_Exp8_M02/masklesion_manual.nii
20190221CH_Exp1_M55,/Users/estebanfelixmoran/Desktop/Purdue/Medical_Imaging/Datasets/data_repository/data_charite/20190221CH_Exp1_M55/t2.nii,/Users/estebanfelixmoran/Desktop/Purdue/Medical_Imaging/Datasets/data_repository/data_charite/20190221CH_Exp1_M55/masklesion_manual.nii
20170712CH_Exp7_ZFPtm1a_M01,/Users/estebanfelixmoran/Desktop/Purdue/Medical_Imaging/Datasets/data_repository/data_charite/20170712CH_Exp7_ZFPtm1a_M01/t2.nii,/Users/estebanfelixmoran/Desktop/Purdue/Medical_Imaging/Datasets/data_repository/data_charite/20170712CH_Exp7_ZFPtm1a_M01/masklesion_manual.nii
20170921CH_Exp09_M20,/Users/estebanfelixmoran/Desktop/Purdue/Medical_Imaging/Datasets/data_repository/data_charite/20170921CH_Exp09_M20/t2.nii,/Users/estebanfelixmoran/Desktop/Purdue/Medical_Imaging/Datasets/data_repository/data_charite/20170921CH_Exp09_M20/masklesion_manual.nii
20170627CH_Exp6_ZFPtm1a_M08,/Users/estebanfelixmoran/Desktop/Purdue/Medical_Imaging/Datasets/data_repository/data_charite/20170627CH_Exp6_ZFPtm1a_M08/t2.nii,/Users/estebanfelixmoran/Desktop/Purdue/Medical_Imaging/Datasets/data_repository/data_charite/20170627CH_Exp6_ZFPtm1a_M08/masklesion_manual.nii
20180322CH_Exp3_Phag_M04,/Users/estebanfelixmoran/Desktop/Purdue/Medical_Imaging/Datasets/data_repository/data_charite/20180322CH_Exp3_Phag_M04/t2.nii,/Users/estebanfelixmoran/Desktop/Purdue/Medical_Imaging/Datasets/data_repository/data_charite/20180322CH_Exp3_Phag_M04/masklesion_manual.nii
20190206CH_Exp2_M33,/Users/estebanfelixmoran/Desktop/Purdue/Medical_Imaging/Datasets/data_repository/data_charite/20190206CH_Exp2_M33/t2.nii,/Users/estebanfelixmoran/Desktop/Purdue/Medical_Imaging/Datasets/data_repository/data_charite/20190206CH_Exp2_M33/masklesion_manual.nii
20170404CH_SC_M03,/Users/estebanfelixmoran/Desktop/Purdue/Medical_Imaging/Datasets/data_repository/data_charite/20170404CH_SC_M03/t2.nii,/Users/estebanfelixmoran/Desktop/Purdue/Medical_Imaging/Datasets/data_repository/data_charite/20170404CH_SC_M03/masklesion_manual.nii
20170222CH_Exp3_zfp_M02,/Users/estebanfelixmoran/Desktop/Purdue/Medical_Imaging/Datasets/data_repository/data_charite/20170222CH_Exp3_zfp_M02/t2.nii,/Users/estebanfelixmoran/Desktop/Purdue/Medical_Imaging/Datasets/data_repository/data_charite/20170222CH_Exp3_zfp_M02/masklesion_manual.nii
20190219CH_Exp1_M6,/Users/estebanfelixmoran/Desktop/Purdue/Medical_Imaging/Datasets/data_repository/data_charite/20190219CH_Exp1_M6/t2.nii,/Users/estebanfelixmoran/Desktop/Purdue/Medical_Imaging/Datasets/data_repository/data_charite/20190219CH_Exp1_M6/masklesion_manual.nii
20170713CH_Exp7_ZFPtm1a_M22,/Users/estebanfelixmoran/Desktop/Purdue/Medical_Imaging/Datasets/data_repository/data_charite/20170713CH_Exp7_ZFPtm1a_M22/t2.nii,/Users/estebanfelixmoran/Desktop/Purdue/Medical_Imaging/Datasets/data_repository/data_charite/20170713CH_Exp7_ZFPtm1a_M22/masklesion_manual.nii
20190820CH_Exp14_Senp7_M13,/Users/estebanfelixmoran/Desktop/Purdue/Medical_Imaging/Datasets/data_repository/data_charite/20190820CH_Exp14_Senp7_M13/t2.nii,/Users/estebanfelixmoran/Desktop/Purdue/Medical_Imaging/Datasets/data_repository/data_charite/20190820CH_Exp14_Senp7_M13/masklesion_manual.nii
20170405CH_SC_M11,/Users/estebanfelixmoran/Desktop/Purdue/Medical_Imaging/Datasets/data_repository/data_charite/20170405CH_SC_M11/t2.nii,/Users/estebanfelixmoran/Desktop/Purdue/Medical_Imaging/Datasets/data_repository/data_charite/20170405CH_SC_M11/masklesion_manual.nii
20190220CH_Exp1_M48,/Users/estebanfelixmoran/Desktop/Purdue/Medical_Imaging/Datasets/data_repository/data_charite/20190220CH_Exp1_M48/t2.nii,/Users/estebanfelixmoran/Desktop/Purdue/Medical_Imaging/Datasets/data_repository/data_charite/20190220CH_Exp1_M48/masklesion_manual.nii
20190529CH_Exp5_7772,/Users/estebanfelixmoran/Desktop/Purdue/Medical_Imaging/Datasets/data_repository/data_charite/20190529CH_Exp5_7772/t2.nii,/Users/estebanfelixmoran/Desktop/Purdue/Medical_Imaging/Datasets/data_repository/data_charite/20190529CH_Exp5_7772/masklesion_manual.nii
20190529CH_Exp5_7773,/Users/estebanfelixmoran/Desktop/Purdue/Medical_Imaging/Datasets/data_repository/data_charite/20190529CH_Exp5_7773/t2.nii,/Users/estebanfelixmoran/Desktop/Purdue/Medical_Imaging/Datasets/data_repository/data_charite/20190529CH_Exp5_7773/masklesion_manual.nii
20181023CH_Exp13_M08,/Users/estebanfelixmoran/Desktop/Purdue/Medical_Imaging/Datasets/data_repository/data_charite/20181023CH_Exp13_M08/t2.nii,/Users/estebanfelixmoran/Desktop/Purdue/Medical_Imaging/Datasets/data_repository/data_charite/20181023CH_Exp13_M08/masklesion_manual.nii
20170627CH_Exp6_ZFPtm1a_M09,/Users/estebanfelixmoran/Desktop/Purdue/Medical_Imaging/Datasets/data_repository/data_charite/20170627CH_Exp6_ZFPtm1a_M09/t2.nii,/Users/estebanfelixmoran/Desktop/Purdue/Medical_Imaging/Datasets/data_repository/data_charite/20170627CH_Exp6_ZFPtm1a_M09/masklesion_manual.nii
20180801CH_Exp9_M20,/Users/estebanfelixmoran/Desktop/Purdue/Medical_Imaging/Datasets/data_repository/data_charite/20180801CH_Exp9_M20/t2.nii,/Users/estebanfelixmoran/Desktop/Purdue/Medical_Imaging/Datasets/data_repository/data_charite/20180801CH_Exp9_M20/masklesion_manual.nii
20180711CH_Exp8_M13,/Users/estebanfelixmoran/Desktop/Purdue/Medical_Imaging/Datasets/data_repository/data_charite/20180711CH_Exp8_M13/t2.nii,/Users/estebanfelixmoran/Desktop/Purdue/Medical_Imaging/Datasets/data_repository/data_charite/20180711CH_Exp8_M13/masklesion_manual.nii
20190220CH_Exp1_M46,/Users/estebanfelixmoran/Desktop/Purdue/Medical_Imaging/Datasets/data_repository/data_charite/20190220CH_Exp1_M46/t2.nii,/Users/estebanfelixmoran/Desktop/Purdue/Medical_Imaging/Datasets/data_repository/data_charite/20190220CH_Exp1_M46/masklesion_manual.nii
20170405CH_SC_M15,/Users/estebanfelixmoran/Desktop/Purdue/Medical_Imaging/Datasets/data_repository/data_charite/20170405CH_SC_M15/t2.nii,/Users/estebanfelixmoran/Desktop/Purdue/Medical_Imaging/Datasets/data_repository/data_charite/20170405CH_SC_M15/masklesion_manual.nii
20190219CH_Exp1_M10,/Users/estebanfelixmoran/Desktop/Purdue/Medical_Imaging/Datasets/data_repository/data_charite/20190219CH_Exp1_M10/t2.nii,/Users/estebanfelixmoran/Desktop/Purdue/Medical_Imaging/Datasets/data_repository/data_charite/20190219CH_Exp1_M10/masklesion_manual.nii
20190529CH_Exp5_7774,/Users/estebanfelixmoran/Desktop/Purdue/Medical_Imaging/Datasets/data_repository/data_charite/20190529CH_Exp5_7774/t2.nii,/Users/estebanfelixmoran/Desktop/Purdue/Medical_Imaging/Datasets/data_repository/data_charite/20190529CH_Exp5_7774/masklesion_manual.nii
20170712CH_Exp7_ZFPtm1a_M03,/Users/estebanfelixmoran/Desktop/Purdue/Medical_Imaging/Datasets/data_repository/data_charite/20170712CH_Exp7_ZFPtm1a_M03/t2.nii,/Users/estebanfelixmoran/Desktop/Purdue/Medical_Imaging/Datasets/data_repository/data_charite/20170712CH_Exp7_ZFPtm1a_M03/masklesion_manual.nii
20190820CH_Exp14_Senp7_M03,/Users/estebanfelixmoran/Desktop/Purdue/Medical_Imaging/Datasets/data_repository/data_charite/20190820CH_Exp14_Senp7_M03/t2.nii,/Users/estebanfelixmoran/Desktop/Purdue/Medical_Imaging/Datasets/data_repository/data_charite/20190820CH_Exp14_Senp7_M03/masklesion_manual.nii
20180322CH_Exp3_Phag_M06,/Users/estebanfelixmoran/Desktop/Purdue/Medical_Imaging/Datasets/data_repository/data_charite/20180322CH_Exp3_Phag_M06/t2.nii,/Users/estebanfelixmoran/Desktop/Purdue/Medical_Imaging/Datasets/data_repository/data_charite/20180322CH_Exp3_Phag_M06/masklesion_manual.nii
20191029CH_Exp8_M09,/Users/estebanfelixmoran/Desktop/Purdue/Medical_Imaging/Datasets/data_repository/data_charite/20191029CH_Exp8_M09/t2.nii,/Users/estebanfelixmoran/Desktop/Purdue/Medical_Imaging/Datasets/data_repository/data_charite/20191029CH_Exp8_M09/masklesion_manual.nii
20180802CH_Exp9_M27,/Users/estebanfelixmoran/Desktop/Purdue/Medical_Imaging/Datasets/data_repository/data_charite/20180802CH_Exp9_M27/t2.nii,/Users/estebanfelixmoran/Desktop/Purdue/Medical_Imaging/Datasets/data_repository/data_charite/20180802CH_Exp9_M27/masklesion_manual.nii
20170627CH_Exp6_ZFPtm1a_M02,/Users/estebanfelixmoran/Desktop/Purdue/Medical_Imaging/Datasets/data_repository/data_charite/20170627CH_Exp6_ZFPtm1a_M02/t2.nii,/Users/estebanfelixmoran/Desktop/Purdue/Medical_Imaging/Datasets/data_repository/data_charite/20170627CH_Exp6_ZFPtm1a_M02/masklesion_manual.nii
20191106CH_Exp8_M33,/Users/estebanfelixmoran/Desktop/Purdue/Medical_Imaging/Datasets/data_repository/data_charite/20191106CH_Exp8_M33/t2.nii,/Users/estebanfelixmoran/Desktop/Purdue/Medical_Imaging/Datasets/data_repository/data_charite/20191106CH_Exp8_M33/masklesion_manual.nii
20180803CH_Exp9_M41,/Users/estebanfelixmoran/Desktop/Purdue/Medical_Imaging/Datasets/data_repository/data_charite/20180803CH_Exp9_M41/t2.nii,/Users/estebanfelixmoran/Desktop/Purdue/Medical_Imaging/Datasets/data_repository/data_charite/20180803CH_Exp9_M41/masklesion_manual.nii
20170920CH_Exp09_M10,/Users/estebanfelixmoran/Desktop/Purdue/Medical_Imaging/Datasets/data_repository/data_charite/20170920CH_Exp09_M10/t2.nii,/Users/estebanfelixmoran/Desktop/Purdue/Medical_Imaging/Datasets/data_repository/data_charite/20170920CH_Exp09_M10/masklesion_manual.nii
20190219CH_Exp1_M9,/Users/estebanfelixmoran/Desktop/Purdue/Medical_Imaging/Datasets/data_repository/data_charite/20190219CH_Exp1_M9/t2.nii,/Users/estebanfelixmoran/Desktop/Purdue/Medical_Imaging/Datasets/data_repository/data_charite/20190219CH_Exp1_M9/masklesion_manual.nii
20190827CH_Exp4_NEX_M14,/Users/estebanfelixmoran/Desktop/Purdue/Medical_Imaging/Datasets/data_repository/data_charite/20190827CH_Exp4_NEX_M14/t2.nii,/Users/estebanfelixmoran/Desktop/Purdue/Medical_Imaging/Datasets/data_repository/data_charite/20190827CH_Exp4_NEX_M14/masklesion_manual.nii
20190205CH_Exp2_M24,/Users/estebanfelixmoran/Desktop/Purdue/Medical_Imaging/Datasets/data_repository/data_charite/20190205CH_Exp2_M24/t2.nii,/Users/estebanfelixmoran/Desktop/Purdue/Medical_Imaging/Datasets/data_repository/data_charite/20190205CH_Exp2_M24/masklesion_manual.nii
20190130CH_Exp2_M16,/Users/estebanfelixmoran/Desktop/Purdue/Medical_Imaging/Datasets/data_repository/data_charite/20190130CH_Exp2_M16/t2.nii,/Users/estebanfelixmoran/Desktop/Purdue/Medical_Imaging/Datasets/data_repository/data_charite/20190130CH_Exp2_M16/masklesion_manual.nii
20181024CH_Exp13_M14,/Users/estebanfelixmoran/Desktop/Purdue/Medical_Imaging/Datasets/data_repository/data_charite/20181024CH_Exp13_M14/t2.nii,/Users/estebanfelixmoran/Desktop/Purdue/Medical_Imaging/Datasets/data_repository/data_charite/20181024CH_Exp13_M14/masklesion_manual.nii
20170928CH_Exp8_M34,/Users/estebanfelixmoran/Desktop/Purdue/Medical_Imaging/Datasets/data_repository/data_charite/20170928CH_Exp8_M34/t2.nii,/Users/estebanfelixmoran/Desktop/Purdue/Medical_Imaging/Datasets/data_repository/data_charite/20170928CH_Exp8_M34/masklesion_manual.nii
20191105CH_Exp8_M25,/Users/estebanfelixmoran/Desktop/Purdue/Medical_Imaging/Datasets/data_repository/data_charite/20191105CH_Exp8_M25/t2.nii,/Users/estebanfelixmoran/Desktop/Purdue/Medical_Imaging/Datasets/data_repository/data_charite/20191105CH_Exp8_M25/masklesion_manual.nii
20190529CH_Exp5_7757,/Users/estebanfelixmoran/Desktop/Purdue/Medical_Imaging/Datasets/data_repository/data_charite/20190529CH_Exp5_7757/t2.nii,/Users/estebanfelixmoran/Desktop/Purdue/Medical_Imaging/Datasets/data_repository/data_charite/20190529CH_Exp5_7757/masklesion_manual.nii
20190130CH_Exp2_M18,/Users/estebanfelixmoran/Desktop/Purdue/Medical_Imaging/Datasets/data_repository/data_charite/20190130CH_Exp2_M18/t2.nii,/Users/estebanfelixmoran/Desktop/Purdue/Medical_Imaging/Datasets/data_repository/data_charite/20190130CH_Exp2_M18/masklesion_manual.nii
20190205CH_Exp2_M22,/Users/estebanfelixmoran/Desktop/Purdue/Medical_Imaging/Datasets/data_repository/data_charite/20190205CH_Exp2_M22/t2.nii,/Users/estebanfelixmoran/Desktop/Purdue/Medical_Imaging/Datasets/data_repository/data_charite/20190205CH_Exp2_M22/masklesion_manual.nii
20170405CH_SC_M20,/Users/estebanfelixmoran/Desktop/Purdue/Medical_Imaging/Datasets/data_repository/data_charite/20170405CH_SC_M20/t2.nii,/Users/estebanfelixmoran/Desktop/Purdue/Medical_Imaging/Datasets/data_repository/data_charite/20170405CH_SC_M20/masklesion_manual.nii
20190529CH_Exp5_7756,/Users/estebanfelixmoran/Desktop/Purdue/Medical_Imaging/Datasets/data_repository/data_charite/20190529CH_Exp5_7756/t2.nii,/Users/estebanfelixmoran/Desktop/Purdue/Medical_Imaging/Datasets/data_repository/data_charite/20190529CH_Exp5_7756/masklesion_manual.nii
20190205CH_Exp2_M21,/Users/estebanfelixmoran/Desktop/Purdue/Medical_Imaging/Datasets/data_repository/data_charite/20190205CH_Exp2_M21/t2.nii,/Users/estebanfelixmoran/Desktop/Purdue/Medical_Imaging/Datasets/data_repository/data_charite/20190205CH_Exp2_M21/masklesion_manual.nii
20180323CH_Exp3_Phag_M09,/Users/estebanfelixmoran/Desktop/Purdue/Medical_Imaging/Datasets/data_repository/data_charite/20180323CH_Exp3_Phag_M09/t2.nii,/Users/estebanfelixmoran/Desktop/Purdue/Medical_Imaging/Datasets/data_repository/data_charite/20180323CH_Exp3_Phag_M09/masklesion_manual.nii
20170921CH_Exp09_M16,/Users/estebanfelixmoran/Desktop/Purdue/Medical_Imaging/Datasets/data_repository/data_charite/20170921CH_Exp09_M16/t2.nii,/Users/estebanfelixmoran/Desktop/Purdue/Medical_Imaging/Datasets/data_repository/data_charite/20170921CH_Exp09_M16/masklesion_manual.nii
20190130_CH_Exp2_M13,/Users/estebanfelixmoran/Desktop/Purdue/Medical_Imaging/Datasets/data_repository/data_charite/20190130_CH_Exp2_M13/t2.nii,/Users/estebanfelixmoran/Desktop/Purdue/Medical_Imaging/Datasets/data_repository/data_charite/20190130_CH_Exp2_M13/masklesion_manual.nii
20170713CH_Exp7_ZFPtm1a_M15,/Users/estebanfelixmoran/Desktop/Purdue/Medical_Imaging/Datasets/data_repository/data_charite/20170713CH_Exp7_ZFPtm1a_M15/t2.nii,/Users/estebanfelixmoran/Desktop/Purdue/Medical_Imaging/Datasets/data_repository/data_charite/20170713CH_Exp7_ZFPtm1a_M15/masklesion_manual.nii
20180802CH_Exp9_M32,/Users/estebanfelixmoran/Desktop/Purdue/Medical_Imaging/Datasets/data_repository/data_charite/20180802CH_Exp9_M32/t2.nii,/Users/estebanfelixmoran/Desktop/Purdue/Medical_Imaging/Datasets/data_repository/data_charite/20180802CH_Exp9_M32/masklesion_manual.nii
20191106CH_Exp8_M31,/Users/estebanfelixmoran/Desktop/Purdue/Medical_Imaging/Datasets/data_repository/data_charite/20191106CH_Exp8_M31/t2.nii,/Users/estebanfelixmoran/Desktop/Purdue/Medical_Imaging/Datasets/data_repository/data_charite/20191106CH_Exp8_M31/masklesion_manual.nii
20190205CH_Exp2_M26,/Users/estebanfelixmoran/Desktop/Purdue/Medical_Imaging/Datasets/data_repository/data_charite/20190205CH_Exp2_M26/t2.nii,/Users/estebanfelixmoran/Desktop/Purdue/Medical_Imaging/Datasets/data_repository/data_charite/20190205CH_Exp2_M26/masklesion_manual.nii
20190129CH_Exp2_M04,/Users/estebanfelixmoran/Desktop/Purdue/Medical_Imaging/Datasets/data_repository/data_charite/20190129CH_Exp2_M04/t2.nii,/Users/estebanfelixmoran/Desktop/Purdue/Medical_Imaging/Datasets/data_repository/data_charite/20190129CH_Exp2_M04/masklesion_manual.nii
20180801CH_Exp9_M18,/Users/estebanfelixmoran/Desktop/Purdue/Medical_Imaging/Datasets/data_repository/data_charite/20180801CH_Exp9_M18/t2.nii,/Users/estebanfelixmoran/Desktop/Purdue/Medical_Imaging/Datasets/data_repository/data_charite/20180801CH_Exp9_M18/masklesion_manual.nii
20170920CH_Exp09_M04,/Users/estebanfelixmoran/Desktop/Purdue/Medical_Imaging/Datasets/data_repository/data_charite/20170920CH_Exp09_M04/t2.nii,/Users/estebanfelixmoran/Desktop/Purdue/Medical_Imaging/Datasets/data_repository/data_charite/20170920CH_Exp09_M04/masklesion_manual.nii
20190220CH_Exp1_M51,/Users/estebanfelixmoran/Desktop/Purdue/Medical_Imaging/Datasets/data_repository/data_charite/20190220CH_Exp1_M51/t2.nii,/Users/estebanfelixmoran/Desktop/Purdue/Medical_Imaging/Datasets/data_repository/data_charite/20190220CH_Exp1_M51/masklesion_manual.nii
20190528CH_Exp5_7763,/Users/estebanfelixmoran/Desktop/Purdue/Medical_Imaging/Datasets/data_repository/data_charite/20190528CH_Exp5_7763/t2.nii,/Users/estebanfelixmoran/Desktop/Purdue/Medical_Imaging/Datasets/data_repository/data_charite/20190528CH_Exp5_7763/masklesion_manual.nii
20190529CH_Exp5_7758,/Users/estebanfelixmoran/Desktop/Purdue/Medical_Imaging/Datasets/data_repository/data_charite/20190529CH_Exp5_7758/t2.nii,/Users/estebanfelixmoran/Desktop/Purdue/Medical_Imaging/Datasets/data_repository/data_charite/20190529CH_Exp5_7758/masklesion_manual.nii
20190827CH_Exp14_NEX_M20,/Users/estebanfelixmoran/Desktop/Purdue/Medical_Imaging/Datasets/data_repository/data_charite/20190827CH_Exp14_NEX_M20/t2.nii,/Users/estebanfelixmoran/Desktop/Purdue/Medical_Imaging/Datasets/data_repository/data_charite/20190827CH_Exp14_NEX_M20/masklesion_manual.nii
20170713CH_Exp7_ZFPtm1a_M23,/Users/estebanfelixmoran/Desktop/Purdue/Medical_Imaging/Datasets/data_repository/data_charite/20170713CH_Exp7_ZFPtm1a_M23/t2.nii,/Users/estebanfelixmoran/Desktop/Purdue/Medical_Imaging/Datasets/data_repository/data_charite/20170713CH_Exp7_ZFPtm1a_M23/masklesion_manual.nii
20170223CH_Exp3_zf_M14,/Users/estebanfelixmoran/Desktop/Purdue/Medical_Imaging/Datasets/data_repository/data_charite/20170223CH_Exp3_zf_M14/t2.nii,/Users/estebanfelixmoran/Desktop/Purdue/Medical_Imaging/Datasets/data_repository/data_charite/20170223CH_Exp3_zf_M14/masklesion_manual.nii
20181024CH_Exp13_M15,/Users/estebanfelixmoran/Desktop/Purdue/Medical_Imaging/Datasets/data_repository/data_charite/20181024CH_Exp13_M15/t2.nii,/Users/estebanfelixmoran/Desktop/Purdue/Medical_Imaging/Datasets/data_repository/data_charite/20181024CH_Exp13_M15/masklesion_manual.nii
20170920CH_Exp09_M11,/Users/estebanfelixmoran/Desktop/Purdue/Medical_Imaging/Datasets/data_repository/data_charite/20170920CH_Exp09_M11/t2.nii,/Users/estebanfelixmoran/Desktop/Purdue/Medical_Imaging/Datasets/data_repository/data_charite/20170920CH_Exp09_M11/masklesion_manual.nii
20170928CH_Exp8_M29,/Users/estebanfelixmoran/Desktop/Purdue/Medical_Imaging/Datasets/data_repository/data_charite/20170928CH_Exp8_M29/t2.nii,/Users/estebanfelixmoran/Desktop/Purdue/Medical_Imaging/Datasets/data_repository/data_charite/20170928CH_Exp8_M29/masklesion_manual.nii
20191105CH_Exp8_M21,/Users/estebanfelixmoran/Desktop/Purdue/Medical_Imaging/Datasets/data_repository/data_charite/20191105CH_Exp8_M21/t2.nii,/Users/estebanfelixmoran/Desktop/Purdue/Medical_Imaging/Datasets/data_repository/data_charite/20191105CH_Exp8_M21/masklesion_manual.nii
20170629CH_Exp6_ZFPtm1a_M24,/Users/estebanfelixmoran/Desktop/Purdue/Medical_Imaging/Datasets/data_repository/data_charite/20170629CH_Exp6_ZFPtm1a_M24/t2.nii,/Users/estebanfelixmoran/Desktop/Purdue/Medical_Imaging/Datasets/data_repository/data_charite/20170629CH_Exp6_ZFPtm1a_M24/masklesion_manual.nii
20170712CH_Exp7_ZFPtm1a_M12,/Users/estebanfelixmoran/Desktop/Purdue/Medical_Imaging/Datasets/data_repository/data_charite/20170712CH_Exp7_ZFPtm1a_M12/t2.nii,/Users/estebanfelixmoran/Desktop/Purdue/Medical_Imaging/Datasets/data_repository/data_charite/20170712CH_Exp7_ZFPtm1a_M12/masklesion_manual.nii
20190221CH_Exp1_M57,/Users/estebanfelixmoran/Desktop/Purdue/Medical_Imaging/Datasets/data_repository/data_charite/20190221CH_Exp1_M57/t2.nii,/Users/estebanfelixmoran/Desktop/Purdue/Medical_Imaging/Datasets/data_repository/data_charite/20190221CH_Exp1_M57/masklesion_manual.nii
20180803CH_Exp9_M33,/Users/estebanfelixmoran/Desktop/Purdue/Medical_Imaging/Datasets/data_repository/data_charite/20180803CH_Exp9_M33/t2.nii,/Users/estebanfelixmoran/Desktop/Purdue/Medical_Imaging/Datasets/data_repository/data_charite/20180803CH_Exp9_M33/masklesion_manual.nii
20191030CH_Exp8_M14,/Users/estebanfelixmoran/Desktop/Purdue/Medical_Imaging/Datasets/data_repository/data_charite/20191030CH_Exp8_M14/t2.nii,/Users/estebanfelixmoran/Desktop/Purdue/Medical_Imaging/Datasets/data_repository/data_charite/20191030CH_Exp8_M14/masklesion_manual.nii
20170928CH_Exp8_M32,/Users/estebanfelixmoran/Desktop/Purdue/Medical_Imaging/Datasets/data_repository/data_charite/20170928CH_Exp8_M32/t2.nii,/Users/estebanfelixmoran/Desktop/Purdue/Medical_Imaging/Datasets/data_repository/data_charite/20170928CH_Exp8_M32/masklesion_manual.nii
20170404CH_SC_M04,/Users/estebanfelixmoran/Desktop/Purdue/Medical_Imaging/Datasets/data_repository/data_charite/20170404CH_SC_M04/t2.nii,/Users/estebanfelixmoran/Desktop/Purdue/Medical_Imaging/Datasets/data_repository/data_charite/20170404CH_SC_M04/masklesion_manual.nii
20190130CH_Exp2_M1,/Users/estebanfelixmoran/Desktop/Purdue/Medical_Imaging/Datasets/data_repository/data_charite/20190130CH_Exp2_M1/t2.nii,/Users/estebanfelixmoran/Desktop/Purdue/Medical_Imaging/Datasets/data_repository/data_charite/20190130CH_Exp2_M1/masklesion_manual.nii
20190321CH_Exp4_M27,/Users/estebanfelixmoran/Desktop/Purdue/Medical_Imaging/Datasets/data_repository/data_charite/20190321CH_Exp4_M27/t2.nii,/Users/estebanfelixmoran/Desktop/Purdue/Medical_Imaging/Datasets/data_repository/data_charite/20190321CH_Exp4_M27/masklesion_manual.nii
20180803CH_Exp9_M42,/Users/estebanfelixmoran/Desktop/Purdue/Medical_Imaging/Datasets/data_repository/data_charite/20180803CH_Exp9_M42/t2.nii,/Users/estebanfelixmoran/Desktop/Purdue/Medical_Imaging/Datasets/data_repository/data_charite/20180803CH_Exp9_M42/masklesion_manual.nii
20190820CH_Exp14_Senp7_M09,/Users/estebanfelixmoran/Desktop/Purdue/Medical_Imaging/Datasets/data_repository/data_charite/20190820CH_Exp14_Senp7_M09/t2.nii,/Users/estebanfelixmoran/Desktop/Purdue/Medical_Imaging/Datasets/data_repository/data_charite/20190820CH_Exp14_Senp7_M09/masklesion_manual.nii
20190205CH_Exp2_M23,/Users/estebanfelixmoran/Desktop/Purdue/Medical_Imaging/Datasets/data_repository/data_charite/20190205CH_Exp2_M23/t2.nii,/Users/estebanfelixmoran/Desktop/Purdue/Medical_Imaging/Datasets/data_repository/data_charite/20190205CH_Exp2_M23/masklesion_manual.nii
20190528CH_Exp5_7769,/Users/estebanfelixmoran/Desktop/Purdue/Medical_Imaging/Datasets/data_repository/data_charite/20190528CH_Exp5_7769/t2.nii,/Users/estebanfelixmoran/Desktop/Purdue/Medical_Imaging/Datasets/data_repository/data_charite/20190528CH_Exp5_7769/masklesion_manual.nii
20190220CH_Exp1_M49,/Users/estebanfelixmoran/Desktop/Purdue/Medical_Imaging/Datasets/data_repository/data_charite/20190220CH_Exp1_M49/t2.nii,/Users/estebanfelixmoran/Desktop/Purdue/Medical_Imaging/Datasets/data_repository/data_charite/20190220CH_Exp1_M49/masklesion_manual.nii
20170629CH_Exp6_ZFPtm1a_M27,/Users/estebanfelixmoran/Desktop/Purdue/Medical_Imaging/Datasets/data_repository/data_charite/20170629CH_Exp6_ZFPtm1a_M27/t2.nii,/Users/estebanfelixmoran/Desktop/Purdue/Medical_Imaging/Datasets/data_repository/data_charite/20170629CH_Exp6_ZFPtm1a_M27/masklesion_manual.nii
20180323CH_Exp3_Phag_M08,/Users/estebanfelixmoran/Desktop/Purdue/Medical_Imaging/Datasets/data_repository/data_charite/20180323CH_Exp3_Phag_M08/t2.nii,/Users/estebanfelixmoran/Desktop/Purdue/Medical_Imaging/Datasets/data_repository/data_charite/20180323CH_Exp3_Phag_M08/masklesion_manual.nii
20190320CH_Exp4_M16,/Users/estebanfelixmoran/Desktop/Purdue/Medical_Imaging/Datasets/data_repository/data_charite/20190320CH_Exp4_M16/t2.nii,/Users/estebanfelixmoran/Desktop/Purdue/Medical_Imaging/Datasets/data_repository/data_charite/20190320CH_Exp4_M16/masklesion_manual.nii
20191105CH_Exp8_M30,/Users/estebanfelixmoran/Desktop/Purdue/Medical_Imaging/Datasets/data_repository/data_charite/20191105CH_Exp8_M30/t2.nii,/Users/estebanfelixmoran/Desktop/Purdue/Medical_Imaging/Datasets/data_repository/data_charite/20191105CH_Exp8_M30/masklesion_manual.nii
20170712CH_Exp7_ZFPtm1a_M10,/Users/estebanfelixmoran/Desktop/Purdue/Medical_Imaging/Datasets/data_repository/data_charite/20170712CH_Exp7_ZFPtm1a_M10/t2.nii,/Users/estebanfelixmoran/Desktop/Purdue/Medical_Imaging/Datasets/data_repository/data_charite/20170712CH_Exp7_ZFPtm1a_M10/masklesion_manual.nii
20191106CH_Exp8_M39,/Users/estebanfelixmoran/Desktop/Purdue/Medical_Imaging/Datasets/data_repository/data_charite/20191106CH_Exp8_M39/t2.nii,/Users/estebanfelixmoran/Desktop/Purdue/Medical_Imaging/Datasets/data_repository/data_charite/20191106CH_Exp8_M39/masklesion_manual.nii
20190320CH_Exp4_M20,/Users/estebanfelixmoran/Desktop/Purdue/Medical_Imaging/Datasets/data_repository/data_charite/20190320CH_Exp4_M20/t2.nii,/Users/estebanfelixmoran/Desktop/Purdue/Medical_Imaging/Datasets/data_repository/data_charite/20190320CH_Exp4_M20/masklesion_manual.nii
20170921CH_Exp09_M23,/Users/estebanfelixmoran/Desktop/Purdue/Medical_Imaging/Datasets/data_repository/data_charite/20170921CH_Exp09_M23/t2.nii,/Users/estebanfelixmoran/Desktop/Purdue/Medical_Imaging/Datasets/data_repository/data_charite/20170921CH_Exp09_M23/masklesion_manual.nii
20170628CH_Exp6_ZFPtm1a_M17,/Users/estebanfelixmoran/Desktop/Purdue/Medical_Imaging/Datasets/data_repository/data_charite/20170628CH_Exp6_ZFPtm1a_M17/t2.nii,/Users/estebanfelixmoran/Desktop/Purdue/Medical_Imaging/Datasets/data_repository/data_charite/20170628CH_Exp6_ZFPtm1a_M17/masklesion_manual.nii
20190319CH_Exp4_M4,/Users/estebanfelixmoran/Desktop/Purdue/Medical_Imaging/Datasets/data_repository/data_charite/20190319CH_Exp4_M4/t2.nii,/Users/estebanfelixmoran/Desktop/Purdue/Medical_Imaging/Datasets/data_repository/data_charite/20190319CH_Exp4_M4/masklesion_manual.nii
20190319CH_Exp4_M6,/Users/estebanfelixmoran/Desktop/Purdue/Medical_Imaging/Datasets/data_repository/data_charite/20190319CH_Exp4_M6/t2.nii,/Users/estebanfelixmoran/Desktop/Purdue/Medical_Imaging/Datasets/data_repository/data_charite/20190319CH_Exp4_M6/masklesion_manual.nii
20170405CH_SC_M19,/Users/estebanfelixmoran/Desktop/Purdue/Medical_Imaging/Datasets/data_repository/data_charite/20170405CH_SC_M19/t2.nii,/Users/estebanfelixmoran/Desktop/Purdue/Medical_Imaging/Datasets/data_repository/data_charite/20170405CH_SC_M19/masklesion_manual.nii
20170926CH_Exp8_M07,/Users/estebanfelixmoran/Desktop/Purdue/Medical_Imaging/Datasets/data_repository/data_charite/20170926CH_Exp8_M07/t2.nii,/Users/estebanfelixmoran/Desktop/Purdue/Medical_Imaging/Datasets/data_repository/data_charite/20170926CH_Exp8_M07/masklesion_manual.nii
20180711CH_Exp8_M12,/Users/estebanfelixmoran/Desktop/Purdue/Medical_Imaging/Datasets/data_repository/data_charite/20180711CH_Exp8_M12/t2.nii,/Users/estebanfelixmoran/Desktop/Purdue/Medical_Imaging/Datasets/data_repository/data_charite/20180711CH_Exp8_M12/masklesion_manual.nii
20191106CH_Exp8_M34,/Users/estebanfelixmoran/Desktop/Purdue/Medical_Imaging/Datasets/data_repository/data_charite/20191106CH_Exp8_M34/t2.nii,/Users/estebanfelixmoran/Desktop/Purdue/Medical_Imaging/Datasets/data_repository/data_charite/20191106CH_Exp8_M34/masklesion_manual.nii
20190528CH_Exp5_7752,/Users/estebanfelixmoran/Desktop/Purdue/Medical_Imaging/Datasets/data_repository/data_charite/20190528CH_Exp5_7752/t2.nii,/Users/estebanfelixmoran/Desktop/Purdue/Medical_Imaging/Datasets/data_repository/data_charite/20190528CH_Exp5_7752/masklesion_manual.nii
20170222CH_Exp3_zfp_M09,/Users/estebanfelixmoran/Desktop/Purdue/Medical_Imaging/Datasets/data_repository/data_charite/20170222CH_Exp3_zfp_M09/t2.nii,/Users/estebanfelixmoran/Desktop/Purdue/Medical_Imaging/Datasets/data_repository/data_charite/20170222CH_Exp3_zfp_M09/masklesion_manual.nii
20180711CH_Exp8_M15,/Users/estebanfelixmoran/Desktop/Purdue/Medical_Imaging/Datasets/data_repository/data_charite/20180711CH_Exp8_M15/t2.nii,/Users/estebanfelixmoran/Desktop/Purdue/Medical_Imaging/Datasets/data_repository/data_charite/20180711CH_Exp8_M15/masklesion_manual.nii
20190219CH_Exp1_M7,/Users/estebanfelixmoran/Desktop/Purdue/Medical_Imaging/Datasets/data_repository/data_charite/20190219CH_Exp1_M7/t2.nii,/Users/estebanfelixmoran/Desktop/Purdue/Medical_Imaging/Datasets/data_repository/data_charite/20190219CH_Exp1_M7/masklesion_manual.nii
20170921CH_Exp09_M13,/Users/estebanfelixmoran/Desktop/Purdue/Medical_Imaging/Datasets/data_repository/data_charite/20170921CH_Exp09_M13/t2.nii,/Users/estebanfelixmoran/Desktop/Purdue/Medical_Imaging/Datasets/data_repository/data_charite/20170921CH_Exp09_M13/masklesion_manual.nii
20190206CH_Exp2_M38,/Users/estebanfelixmoran/Desktop/Purdue/Medical_Imaging/Datasets/data_repository/data_charite/20190206CH_Exp2_M38/t2.nii,/Users/estebanfelixmoran/Desktop/Purdue/Medical_Imaging/Datasets/data_repository/data_charite/20190206CH_Exp2_M38/masklesion_manual.nii
20170920CH_Exp09_M07,/Users/estebanfelixmoran/Desktop/Purdue/Medical_Imaging/Datasets/data_repository/data_charite/20170920CH_Exp09_M07/t2.nii,/Users/estebanfelixmoran/Desktop/Purdue/Medical_Imaging/Datasets/data_repository/data_charite/20170920CH_Exp09_M07/masklesion_manual.nii
20190220CH_Exp1_M45,/Users/estebanfelixmoran/Desktop/Purdue/Medical_Imaging/Datasets/data_repository/data_charite/20190220CH_Exp1_M45/t2.nii,/Users/estebanfelixmoran/Desktop/Purdue/Medical_Imaging/Datasets/data_repository/data_charite/20190220CH_Exp1_M45/masklesion_manual.nii
20170628CH_Exp6_ZFPtm1a_M20,/Users/estebanfelixmoran/Desktop/Purdue/Medical_Imaging/Datasets/data_repository/data_charite/20170628CH_Exp6_ZFPtm1a_M20/t2.nii,/Users/estebanfelixmoran/Desktop/Purdue/Medical_Imaging/Datasets/data_repository/data_charite/20170628CH_Exp6_ZFPtm1a_M20/masklesion_manual.nii
20190820_Exp14_Senp7_M04,/Users/estebanfelixmoran/Desktop/Purdue/Medical_Imaging/Datasets/data_repository/data_charite/20190820_Exp14_Senp7_M04/t2.nii,/Users/estebanfelixmoran/Desktop/Purdue/Medical_Imaging/Datasets/data_repository/data_charite/20190820_Exp14_Senp7_M04/masklesion_manual.nii
20181023CH_Exp13_M05,/Users/estebanfelixmoran/Desktop/Purdue/Medical_Imaging/Datasets/data_repository/data_charite/20181023CH_Exp13_M05/t2.nii,/Users/estebanfelixmoran/Desktop/Purdue/Medical_Imaging/Datasets/data_repository/data_charite/20181023CH_Exp13_M05/masklesion_manual.nii
20190221CH_Exp1_M60,/Users/estebanfelixmoran/Desktop/Purdue/Medical_Imaging/Datasets/data_repository/data_charite/20190221CH_Exp1_M60/t2.nii,/Users/estebanfelixmoran/Desktop/Purdue/Medical_Imaging/Datasets/data_repository/data_charite/20190221CH_Exp1_M60/masklesion_manual.nii
20181023CH_Exp13_M03,/Users/estebanfelixmoran/Desktop/Purdue/Medical_Imaging/Datasets/data_repository/data_charite/20181023CH_Exp13_M03/t2.nii,/Users/estebanfelixmoran/Desktop/Purdue/Medical_Imaging/Datasets/data_repository/data_charite/20181023CH_Exp13_M03/masklesion_manual.nii
20170629CH_Exp6_ZFPtm1a_M26,/Users/estebanfelixmoran/Desktop/Purdue/Medical_Imaging/Datasets/data_repository/data_charite/20170629CH_Exp6_ZFPtm1a_M26/t2.nii,/Users/estebanfelixmoran/Desktop/Purdue/Medical_Imaging/Datasets/data_repository/data_charite/20170629CH_Exp6_ZFPtm1a_M26/masklesion_manual.nii
20180322CH_Exp3_Phag_M03,/Users/estebanfelixmoran/Desktop/Purdue/Medical_Imaging/Datasets/data_repository/data_charite/20180322CH_Exp3_Phag_M03/t2.nii,/Users/estebanfelixmoran/Desktop/Purdue/Medical_Imaging/Datasets/data_repository/data_charite/20180322CH_Exp3_Phag_M03/masklesion_manual.nii
20180801CH_Exp9_M22,/Users/estebanfelixmoran/Desktop/Purdue/Medical_Imaging/Datasets/data_repository/data_charite/20180801CH_Exp9_M22/t2.nii,/Users/estebanfelixmoran/Desktop/Purdue/Medical_Imaging/Datasets/data_repository/data_charite/20180801CH_Exp9_M22/masklesion_manual.nii
20170921CH_Exp09_M17,/Users/estebanfelixmoran/Desktop/Purdue/Medical_Imaging/Datasets/data_repository/data_charite/20170921CH_Exp09_M17/t2.nii,/Users/estebanfelixmoran/Desktop/Purdue/Medical_Imaging/Datasets/data_repository/data_charite/20170921CH_Exp09_M17/masklesion_manual.nii
20180322CH_Exp3_Phag_M07,/Users/estebanfelixmoran/Desktop/Purdue/Medical_Imaging/Datasets/data_repository/data_charite/20180322CH_Exp3_Phag_M07/t2.nii,/Users/estebanfelixmoran/Desktop/Purdue/Medical_Imaging/Datasets/data_repository/data_charite/20180322CH_Exp3_Phag_M07/masklesion_manual.nii
20180803CH_Exp9_M35,/Users/estebanfelixmoran/Desktop/Purdue/Medical_Imaging/Datasets/data_repository/data_charite/20180803CH_Exp9_M35/t2.nii,/Users/estebanfelixmoran/Desktop/Purdue/Medical_Imaging/Datasets/data_repository/data_charite/20180803CH_Exp9_M35/masklesion_manual.nii
20170921CH_Exp09_M14,/Users/estebanfelixmoran/Desktop/Purdue/Medical_Imaging/Datasets/data_repository/data_charite/20170921CH_Exp09_M14/t2.nii,/Users/estebanfelixmoran/Desktop/Purdue/Medical_Imaging/Datasets/data_repository/data_charite/20170921CH_Exp09_M14/masklesion_manual.nii
20190528CH_Exp5_7760,/Users/estebanfelixmoran/Desktop/Purdue/Medical_Imaging/Datasets/data_repository/data_charite/20190528CH_Exp5_7760/t2.nii,/Users/estebanfelixmoran/Desktop/Purdue/Medical_Imaging/Datasets/data_repository/data_charite/20190528CH_Exp5_7760/masklesion_manual.nii
20190206CH_Exp2_M39,/Users/estebanfelixmoran/Desktop/Purdue/Medical_Imaging/Datasets/data_repository/data_charite/20190206CH_Exp2_M39/t2.nii,/Users/estebanfelixmoran/Desktop/Purdue/Medical_Imaging/Datasets/data_repository/data_charite/20190206CH_Exp2_M39/masklesion_manual.nii
20170629CH_Exp6_ZFPtm1a_M31,/Users/estebanfelixmoran/Desktop/Purdue/Medical_Imaging/Datasets/data_repository/data_charite/20170629CH_Exp6_ZFPtm1a_M31/t2.nii,/Users/estebanfelixmoran/Desktop/Purdue/Medical_Imaging/Datasets/data_repository/data_charite/20170629CH_Exp6_ZFPtm1a_M31/masklesion_manual.nii
20170926CH_Exp8_M03,/Users/estebanfelixmoran/Desktop/Purdue/Medical_Imaging/Datasets/data_repository/data_charite/20170926CH_Exp8_M03/t2.nii,/Users/estebanfelixmoran/Desktop/Purdue/Medical_Imaging/Datasets/data_repository/data_charite/20170926CH_Exp8_M03/masklesion_manual.nii
20180802CH_Exp9_M30,/Users/estebanfelixmoran/Desktop/Purdue/Medical_Imaging/Datasets/data_repository/data_charite/20180802CH_Exp9_M30/t2.nii,/Users/estebanfelixmoran/Desktop/Purdue/Medical_Imaging/Datasets/data_repository/data_charite/20180802CH_Exp9_M30/masklesion_manual.nii
20190321CH_Exp4_M28,/Users/estebanfelixmoran/Desktop/Purdue/Medical_Imaging/Datasets/data_repository/data_charite/20190321CH_Exp4_M28/t2.nii,/Users/estebanfelixmoran/Desktop/Purdue/Medical_Imaging/Datasets/data_repository/data_charite/20190321CH_Exp4_M28/masklesion_manual.nii
20180323CH_Exp3_Phag_M13,/Users/estebanfelixmoran/Desktop/Purdue/Medical_Imaging/Datasets/data_repository/data_charite/20180323CH_Exp3_Phag_M13/t2.nii,/Users/estebanfelixmoran/Desktop/Purdue/Medical_Imaging/Datasets/data_repository/data_charite/20180323CH_Exp3_Phag_M13/masklesion_manual.nii
20180710CH_Exp8_M04,/Users/estebanfelixmoran/Desktop/Purdue/Medical_Imaging/Datasets/data_repository/data_charite/20180710CH_Exp8_M04/t2.nii,/Users/estebanfelixmoran/Desktop/Purdue/Medical_Imaging/Datasets/data_repository/data_charite/20180710CH_Exp8_M04/masklesion_manual.nii
20191106CH_Exp8_M35,/Users/estebanfelixmoran/Desktop/Purdue/Medical_Imaging/Datasets/data_repository/data_charite/20191106CH_Exp8_M35/t2.nii,/Users/estebanfelixmoran/Desktop/Purdue/Medical_Imaging/Datasets/data_repository/data_charite/20191106CH_Exp8_M35/masklesion_manual.nii
20170627CH_Exp6_ZFPtm1a_M01,/Users/estebanfelixmoran/Desktop/Purdue/Medical_Imaging/Datasets/data_repository/data_charite/20170627CH_Exp6_ZFPtm1a_M01/t2.nii,/Users/estebanfelixmoran/Desktop/Purdue/Medical_Imaging/Datasets/data_repository/data_charite/20170627CH_Exp6_ZFPtm1a_M01/masklesion_manual.nii
20181023CH_Exp13_M07,/Users/estebanfelixmoran/Desktop/Purdue/Medical_Imaging/Datasets/data_repository/data_charite/20181023CH_Exp13_M07/t2.nii,/Users/estebanfelixmoran/Desktop/Purdue/Medical_Imaging/Datasets/data_repository/data_charite/20181023CH_Exp13_M07/masklesion_manual.nii
20180710CH_Exp8_M08,/Users/estebanfelixmoran/Desktop/Purdue/Medical_Imaging/Datasets/data_repository/data_charite/20180710CH_Exp8_M08/t2.nii,/Users/estebanfelixmoran/Desktop/Purdue/Medical_Imaging/Datasets/data_repository/data_charite/20180710CH_Exp8_M08/masklesion_manual.nii
20191030CH_Exp8_M15,/Users/estebanfelixmoran/Desktop/Purdue/Medical_Imaging/Datasets/data_repository/data_charite/20191030CH_Exp8_M15/t2.nii,/Users/estebanfelixmoran/Desktop/Purdue/Medical_Imaging/Datasets/data_repository/data_charite/20191030CH_Exp8_M15/masklesion_manual.nii
20180710CH_Exp8_M01,/Users/estebanfelixmoran/Desktop/Purdue/Medical_Imaging/Datasets/data_repository/data_charite/20180710CH_Exp8_M01/t2.nii,/Users/estebanfelixmoran/Desktop/Purdue/Medical_Imaging/Datasets/data_repository/data_charite/20180710CH_Exp8_M01/masklesion_manual.nii
20170714CH_Exp7_ZFPtm1a_M25,/Users/estebanfelixmoran/Desktop/Purdue/Medical_Imaging/Datasets/data_repository/data_charite/20170714CH_Exp7_ZFPtm1a_M25/t2.nii,/Users/estebanfelixmoran/Desktop/Purdue/Medical_Imaging/Datasets/data_repository/data_charite/20170714CH_Exp7_ZFPtm1a_M25/masklesion_manual.nii
20190827CH_Exp14_NEX_M24,/Users/estebanfelixmoran/Desktop/Purdue/Medical_Imaging/Datasets/data_repository/data_charite/20190827CH_Exp14_NEX_M24/t2.nii,/Users/estebanfelixmoran/Desktop/Purdue/Medical_Imaging/Datasets/data_repository/data_charite/20190827CH_Exp14_NEX_M24/masklesion_manual.nii
20181024CH_Exp13_M20,/Users/estebanfelixmoran/Desktop/Purdue/Medical_Imaging/Datasets/data_repository/data_charite/20181024CH_Exp13_M20/t2.nii,/Users/estebanfelixmoran/Desktop/Purdue/Medical_Imaging/Datasets/data_repository/data_charite/20181024CH_Exp13_M20/masklesion_manual.nii
20170223CH_Exp3_zf_M15,/Users/estebanfelixmoran/Desktop/Purdue/Medical_Imaging/Datasets/data_repository/data_charite/20170223CH_Exp3_zf_M15/t2.nii,/Users/estebanfelixmoran/Desktop/Purdue/Medical_Imaging/Datasets/data_repository/data_charite/20170223CH_Exp3_zf_M15/masklesion_manual.nii
20170927CH_Exp8_M18,/Users/estebanfelixmoran/Desktop/Purdue/Medical_Imaging/Datasets/data_repository/data_charite/20170927CH_Exp8_M18/t2.nii,/Users/estebanfelixmoran/Desktop/Purdue/Medical_Imaging/Datasets/data_repository/data_charite/20170927CH_Exp8_M18/masklesion_manual.nii
20190129CH_Exp2_M07,/Users/estebanfelixmoran/Desktop/Purdue/Medical_Imaging/Datasets/data_repository/data_charite/20190129CH_Exp2_M07/t2.nii,/Users/estebanfelixmoran/Desktop/Purdue/Medical_Imaging/Datasets/data_repository/data_charite/20190129CH_Exp2_M07/masklesion_manual.nii
20190319CH_Exp4_M8,/Users/estebanfelixmoran/Desktop/Purdue/Medical_Imaging/Datasets/data_repository/data_charite/20190319CH_Exp4_M8/t2.nii,/Users/estebanfelixmoran/Desktop/Purdue/Medical_Imaging/Datasets/data_repository/data_charite/20190319CH_Exp4_M8/masklesion_manual.nii
20191029CH_Exp8_M03,/Users/estebanfelixmoran/Desktop/Purdue/Medical_Imaging/Datasets/data_repository/data_charite/20191029CH_Exp8_M03/t2.nii,/Users/estebanfelixmoran/Desktop/Purdue/Medical_Imaging/Datasets/data_repository/data_charite/20191029CH_Exp8_M03/masklesion_manual.nii
20190320CH_Exp4_M11,/Users/estebanfelixmoran/Desktop/Purdue/Medical_Imaging/Datasets/data_repository/data_charite/20190320CH_Exp4_M11/t2.nii,/Users/estebanfelixmoran/Desktop/Purdue/Medical_Imaging/Datasets/data_repository/data_charite/20190320CH_Exp4_M11/masklesion_manual.nii
20180802CH_Exp9_M25,/Users/estebanfelixmoran/Desktop/Purdue/Medical_Imaging/Datasets/data_repository/data_charite/20180802CH_Exp9_M25/t2.nii,/Users/estebanfelixmoran/Desktop/Purdue/Medical_Imaging/Datasets/data_repository/data_charite/20180802CH_Exp9_M25/masklesion_manual.nii
20190220CH_Exp1_M47,/Users/estebanfelixmoran/Desktop/Purdue/Medical_Imaging/Datasets/data_repository/data_charite/20190220CH_Exp1_M47/t2.nii,/Users/estebanfelixmoran/Desktop/Purdue/Medical_Imaging/Datasets/data_repository/data_charite/20190220CH_Exp1_M47/masklesion_manual.nii
20190221CH_Exp1_M58,/Users/estebanfelixmoran/Desktop/Purdue/Medical_Imaging/Datasets/data_repository/data_charite/20190221CH_Exp1_M58/t2.nii,/Users/estebanfelixmoran/Desktop/Purdue/Medical_Imaging/Datasets/data_repository/data_charite/20190221CH_Exp1_M58/masklesion_manual.nii
20170628CH_Exp6_ZFPtm1a_M19,/Users/estebanfelixmoran/Desktop/Purdue/Medical_Imaging/Datasets/data_repository/data_charite/20170628CH_Exp6_ZFPtm1a_M19/t2.nii,/Users/estebanfelixmoran/Desktop/Purdue/Medical_Imaging/Datasets/data_repository/data_charite/20170628CH_Exp6_ZFPtm1a_M19/masklesion_manual.nii
20181023CH_Exp13_M10,/Users/estebanfelixmoran/Desktop/Purdue/Medical_Imaging/Datasets/data_repository/data_charite/20181023CH_Exp13_M10/t2.nii,/Users/estebanfelixmoran/Desktop/Purdue/Medical_Imaging/Datasets/data_repository/data_charite/20181023CH_Exp13_M10/masklesion_manual.nii
20190821CH_Exp14_Senp7_M18,/Users/estebanfelixmoran/Desktop/Purdue/Medical_Imaging/Datasets/data_repository/data_charite/20190821CH_Exp14_Senp7_M18/t2.nii,/Users/estebanfelixmoran/Desktop/Purdue/Medical_Imaging/Datasets/data_repository/data_charite/20190821CH_Exp14_Senp7_M18/masklesion_manual.nii
20180710CH_Exp8_M09,/Users/estebanfelixmoran/Desktop/Purdue/Medical_Imaging/Datasets/data_repository/data_charite/20180710CH_Exp8_M09/t2.nii,/Users/estebanfelixmoran/Desktop/Purdue/Medical_Imaging/Datasets/data_repository/data_charite/20180710CH_Exp8_M09/masklesion_manual.nii
20190219CH_Exp1_M8,/Users/estebanfelixmoran/Desktop/Purdue/Medical_Imaging/Datasets/data_repository/data_charite/20190219CH_Exp1_M8/t2.nii,/Users/estebanfelixmoran/Desktop/Purdue/Medical_Imaging/Datasets/data_repository/data_charite/20190219CH_Exp1_M8/masklesion_manual.nii
20170927CH_Exp8_M19,/Users/estebanfelixmoran/Desktop/Purdue/Medical_Imaging/Datasets/data_repository/data_charite/20170927CH_Exp8_M19/t2.nii,/Users/estebanfelixmoran/Desktop/Purdue/Medical_Imaging/Datasets/data_repository/data_charite/20170927CH_Exp8_M19/masklesion_manual.nii
20170627CH_Exp6_ZFPtm1a_M11,/Users/estebanfelixmoran/Desktop/Purdue/Medical_Imaging/Datasets/data_repository/data_charite/20170627CH_Exp6_ZFPtm1a_M11/t2.nii,/Users/estebanfelixmoran/Desktop/Purdue/Medical_Imaging/Datasets/data_repository/data_charite/20170627CH_Exp6_ZFPtm1a_M11/masklesion_manual.nii
20190529CH_Exp5_7771,/Users/estebanfelixmoran/Desktop/Purdue/Medical_Imaging/Datasets/data_repository/data_charite/20190529CH_Exp5_7771/t2.nii,/Users/estebanfelixmoran/Desktop/Purdue/Medical_Imaging/Datasets/data_repository/data_charite/20190529CH_Exp5_7771/masklesion_manual.nii
20170629CH_Exp6_ZFPtm1a_M22,/Users/estebanfelixmoran/Desktop/Purdue/Medical_Imaging/Datasets/data_repository/data_charite/20170629CH_Exp6_ZFPtm1a_M22/t2.nii,/Users/estebanfelixmoran/Desktop/Purdue/Medical_Imaging/Datasets/data_repository/data_charite/20170629CH_Exp6_ZFPtm1a_M22/masklesion_manual.nii
20180802CH_Exp9_M26,/Users/estebanfelixmoran/Desktop/Purdue/Medical_Imaging/Datasets/data_repository/data_charite/20180802CH_Exp9_M26/t2.nii,/Users/estebanfelixmoran/Desktop/Purdue/Medical_Imaging/Datasets/data_repository/data_charite/20180802CH_Exp9_M26/masklesion_manual.nii
20191105CH_Exp8_M27,/Users/estebanfelixmoran/Desktop/Purdue/Medical_Imaging/Datasets/data_repository/data_charite/20191105CH_Exp8_M27/t2.nii,/Users/estebanfelixmoran/Desktop/Purdue/Medical_Imaging/Datasets/data_repository/data_charite/20191105CH_Exp8_M27/masklesion_manual.nii
20170222CH_Exp3_zfp_M03,/Users/estebanfelixmoran/Desktop/Purdue/Medical_Imaging/Datasets/data_repository/data_charite/20170222CH_Exp3_zfp_M03/t2.nii,/Users/estebanfelixmoran/Desktop/Purdue/Medical_Imaging/Datasets/data_repository/data_charite/20170222CH_Exp3_zfp_M03/masklesion_manual.nii
20170222CH_Exp3_zfp_M08,/Users/estebanfelixmoran/Desktop/Purdue/Medical_Imaging/Datasets/data_repository/data_charite/20170222CH_Exp3_zfp_M08/t2.nii,/Users/estebanfelixmoran/Desktop/Purdue/Medical_Imaging/Datasets/data_repository/data_charite/20170222CH_Exp3_zfp_M08/masklesion_manual.nii
20170404CH_SC_M05,/Users/estebanfelixmoran/Desktop/Purdue/Medical_Imaging/Datasets/data_repository/data_charite/20170404CH_SC_M05/t2.nii,/Users/estebanfelixmoran/Desktop/Purdue/Medical_Imaging/Datasets/data_repository/data_charite/20170404CH_SC_M05/masklesion_manual.nii
20170405CH_SC_M16,/Users/estebanfelixmoran/Desktop/Purdue/Medical_Imaging/Datasets/data_repository/data_charite/20170405CH_SC_M16/t2.nii,/Users/estebanfelixmoran/Desktop/Purdue/Medical_Imaging/Datasets/data_repository/data_charite/20170405CH_SC_M16/masklesion_manual.nii
20170628CH_Exp6_ZFPtm1a_M12,/Users/estebanfelixmoran/Desktop/Purdue/Medical_Imaging/Datasets/data_repository/data_charite/20170628CH_Exp6_ZFPtm1a_M12/t2.nii,/Users/estebanfelixmoran/Desktop/Purdue/Medical_Imaging/Datasets/data_repository/data_charite/20170628CH_Exp6_ZFPtm1a_M12/masklesion_manual.nii
20170628CH_Exp6_ZFPtm1a_M14,/Users/estebanfelixmoran/Desktop/Purdue/Medical_Imaging/Datasets/data_repository/data_charite/20170628CH_Exp6_ZFPtm1a_M14/t2.nii,/Users/estebanfelixmoran/Desktop/Purdue/Medical_Imaging/Datasets/data_repository/data_charite/20170628CH_Exp6_ZFPtm1a_M14/masklesion_manual.nii
20170628CH_Exp6_ZFPtm1a_M18,/Users/estebanfelixmoran/Desktop/Purdue/Medical_Imaging/Datasets/data_repository/data_charite/20170628CH_Exp6_ZFPtm1a_M18/t2.nii,/Users/estebanfelixmoran/Desktop/Purdue/Medical_Imaging/Datasets/data_repository/data_charite/20170628CH_Exp6_ZFPtm1a_M18/masklesion_manual.nii
20170628CH_Exp6_ZFPtm1a_M21,/Users/estebanfelixmoran/Desktop/Purdue/Medical_Imaging/Datasets/data_repository/data_charite/20170628CH_Exp6_ZFPtm1a_M21/t2.nii,/Users/estebanfelixmoran/Desktop/Purdue/Medical_Imaging/Datasets/data_repository/data_charite/20170628CH_Exp6_ZFPtm1a_M21/masklesion_manual.nii
20170629CH_Exp6_ZFPtm1a_M23,/Users/estebanfelixmoran/Desktop/Purdue/Medical_Imaging/Datasets/data_repository/data_charite/20170629CH_Exp6_ZFPtm1a_M23/t2.nii,/Users/estebanfelixmoran/Desktop/Purdue/Medical_Imaging/Datasets/data_repository/data_charite/20170629CH_Exp6_ZFPtm1a_M23/masklesion_manual.nii
20170629CH_Exp6_ZFPtm1a_M32,/Users/estebanfelixmoran/Desktop/Purdue/Medical_Imaging/Datasets/data_repository/data_charite/20170629CH_Exp6_ZFPtm1a_M32/t2.nii,/Users/estebanfelixmoran/Desktop/Purdue/Medical_Imaging/Datasets/data_repository/data_charite/20170629CH_Exp6_ZFPtm1a_M32/masklesion_manual.nii
20170712CH_Exp7_ZFPtm1a_M06,/Users/estebanfelixmoran/Desktop/Purdue/Medical_Imaging/Datasets/data_repository/data_charite/20170712CH_Exp7_ZFPtm1a_M06/t2.nii,/Users/estebanfelixmoran/Desktop/Purdue/Medical_Imaging/Datasets/data_repository/data_charite/20170712CH_Exp7_ZFPtm1a_M06/masklesion_manual.nii
20170713CH_Exp7_ZFPtm1a_M14,/Users/estebanfelixmoran/Desktop/Purdue/Medical_Imaging/Datasets/data_repository/data_charite/20170713CH_Exp7_ZFPtm1a_M14/t2.nii,/Users/estebanfelixmoran/Desktop/Purdue/Medical_Imaging/Datasets/data_repository/data_charite/20170713CH_Exp7_ZFPtm1a_M14/masklesion_manual.nii
20170713CH_Exp7_ZFPtm1a_M24,/Users/estebanfelixmoran/Desktop/Purdue/Medical_Imaging/Datasets/data_repository/data_charite/20170713CH_Exp7_ZFPtm1a_M24/t2.nii,/Users/estebanfelixmoran/Desktop/Purdue/Medical_Imaging/Datasets/data_repository/data_charite/20170713CH_Exp7_ZFPtm1a_M24/masklesion_manual.nii
20170714CH_Exp7_ZFPtm1a_M28,/Users/estebanfelixmoran/Desktop/Purdue/Medical_Imaging/Datasets/data_repository/data_charite/20170714CH_Exp7_ZFPtm1a_M28/t2.nii,/Users/estebanfelixmoran/Desktop/Purdue/Medical_Imaging/Datasets/data_repository/data_charite/20170714CH_Exp7_ZFPtm1a_M28/masklesion_manual.nii
20170714CH_Exp7_ZFPtm1a_M29,/Users/estebanfelixmoran/Desktop/Purdue/Medical_Imaging/Datasets/data_repository/data_charite/20170714CH_Exp7_ZFPtm1a_M29/t2.nii,/Users/estebanfelixmoran/Desktop/Purdue/Medical_Imaging/Datasets/data_repository/data_charite/20170714CH_Exp7_ZFPtm1a_M29/masklesion_manual.nii
20170920CH_Exp09_M01,/Users/estebanfelixmoran/Desktop/Purdue/Medical_Imaging/Datasets/data_repository/data_charite/20170920CH_Exp09_M01/t2.nii,/Users/estebanfelixmoran/Desktop/Purdue/Medical_Imaging/Datasets/data_repository/data_charite/20170920CH_Exp09_M01/masklesion_manual.nii
20170920CH_Exp09_M05,/Users/estebanfelixmoran/Desktop/Purdue/Medical_Imaging/Datasets/data_repository/data_charite/20170920CH_Exp09_M05/t2.nii,/Users/estebanfelixmoran/Desktop/Purdue/Medical_Imaging/Datasets/data_repository/data_charite/20170920CH_Exp09_M05/masklesion_manual.nii
20170920CH_Exp09_M09,/Users/estebanfelixmoran/Desktop/Purdue/Medical_Imaging/Datasets/data_repository/data_charite/20170920CH_Exp09_M09/t2.nii,/Users/estebanfelixmoran/Desktop/Purdue/Medical_Imaging/Datasets/data_repository/data_charite/20170920CH_Exp09_M09/masklesion_manual.nii
20170920CH_Exp09_M12,/Users/estebanfelixmoran/Desktop/Purdue/Medical_Imaging/Datasets/data_repository/data_charite/20170920CH_Exp09_M12/t2.nii,/Users/estebanfelixmoran/Desktop/Purdue/Medical_Imaging/Datasets/data_repository/data_charite/20170920CH_Exp09_M12/masklesion_manual.nii
20170921CH_Exp09_M24,/Users/estebanfelixmoran/Desktop/Purdue/Medical_Imaging/Datasets/data_repository/data_charite/20170921CH_Exp09_M24/t2.nii,/Users/estebanfelixmoran/Desktop/Purdue/Medical_Imaging/Datasets/data_repository/data_charite/20170921CH_Exp09_M24/masklesion_manual.nii
20170926CH_Exp8_M02,/Users/estebanfelixmoran/Desktop/Purdue/Medical_Imaging/Datasets/data_repository/data_charite/20170926CH_Exp8_M02/t2.nii,/Users/estebanfelixmoran/Desktop/Purdue/Medical_Imaging/Datasets/data_repository/data_charite/20170926CH_Exp8_M02/masklesion_manual.nii
20170926CH_Exp8_M04,/Users/estebanfelixmoran/Desktop/Purdue/Medical_Imaging/Datasets/data_repository/data_charite/20170926CH_Exp8_M04/t2.nii,/Users/estebanfelixmoran/Desktop/Purdue/Medical_Imaging/Datasets/data_repository/data_charite/20170926CH_Exp8_M04/masklesion_manual.nii
20170926CH_Exp8_M06,/Users/estebanfelixmoran/Desktop/Purdue/Medical_Imaging/Datasets/data_repository/data_charite/20170926CH_Exp8_M06/t2.nii,/Users/estebanfelixmoran/Desktop/Purdue/Medical_Imaging/Datasets/data_repository/data_charite/20170926CH_Exp8_M06/masklesion_manual.nii
20170927CH_Exp8_M14,/Users/estebanfelixmoran/Desktop/Purdue/Medical_Imaging/Datasets/data_repository/data_charite/20170927CH_Exp8_M14/t2.nii,/Users/estebanfelixmoran/Desktop/Purdue/Medical_Imaging/Datasets/data_repository/data_charite/20170927CH_Exp8_M14/masklesion_manual.nii
20170927CH_Exp8_M17,/Users/estebanfelixmoran/Desktop/Purdue/Medical_Imaging/Datasets/data_repository/data_charite/20170927CH_Exp8_M17/t2.nii,/Users/estebanfelixmoran/Desktop/Purdue/Medical_Imaging/Datasets/data_repository/data_charite/20170927CH_Exp8_M17/masklesion_manual.nii
20180322CH_Exp3_Phag_M02,/Users/estebanfelixmoran/Desktop/Purdue/Medical_Imaging/Datasets/data_repository/data_charite/20180322CH_Exp3_Phag_M02/t2.nii,/Users/estebanfelixmoran/Desktop/Purdue/Medical_Imaging/Datasets/data_repository/data_charite/20180322CH_Exp3_Phag_M02/masklesion_manual.nii
20180322CH_Exp3_Phag_M05,/Users/estebanfelixmoran/Desktop/Purdue/Medical_Imaging/Datasets/data_repository/data_charite/20180322CH_Exp3_Phag_M05/t2.nii,/Users/estebanfelixmoran/Desktop/Purdue/Medical_Imaging/Datasets/data_repository/data_charite/20180322CH_Exp3_Phag_M05/masklesion_manual.nii
20180323CH_Exp3_Phag_M12,/Users/estebanfelixmoran/Desktop/Purdue/Medical_Imaging/Datasets/data_repository/data_charite/20180323CH_Exp3_Phag_M12/t2.nii,/Users/estebanfelixmoran/Desktop/Purdue/Medical_Imaging/Datasets/data_repository/data_charite/20180323CH_Exp3_Phag_M12/masklesion_manual.nii
20180323CH_Exp3_Phag_M14,/Users/estebanfelixmoran/Desktop/Purdue/Medical_Imaging/Datasets/data_repository/data_charite/20180323CH_Exp3_Phag_M14/t2.nii,/Users/estebanfelixmoran/Desktop/Purdue/Medical_Imaging/Datasets/data_repository/data_charite/20180323CH_Exp3_Phag_M14/masklesion_manual.nii
20180711CH_Exp8_M10,/Users/estebanfelixmoran/Desktop/Purdue/Medical_Imaging/Datasets/data_repository/data_charite/20180711CH_Exp8_M10/t2.nii,/Users/estebanfelixmoran/Desktop/Purdue/Medical_Imaging/Datasets/data_repository/data_charite/20180711CH_Exp8_M10/masklesion_manual.nii
20180801CH_Exp9_M15,/Users/estebanfelixmoran/Desktop/Purdue/Medical_Imaging/Datasets/data_repository/data_charite/20180801CH_Exp9_M15/t2.nii,/Users/estebanfelixmoran/Desktop/Purdue/Medical_Imaging/Datasets/data_repository/data_charite/20180801CH_Exp9_M15/masklesion_manual.nii
20180801CH_Exp9_M21,/Users/estebanfelixmoran/Desktop/Purdue/Medical_Imaging/Datasets/data_repository/data_charite/20180801CH_Exp9_M21/t2.nii,/Users/estebanfelixmoran/Desktop/Purdue/Medical_Imaging/Datasets/data_repository/data_charite/20180801CH_Exp9_M21/masklesion_manual.nii
20180802CH_Exp9_M29,/Users/estebanfelixmoran/Desktop/Purdue/Medical_Imaging/Datasets/data_repository/data_charite/20180802CH_Exp9_M29/t2.nii,/Users/estebanfelixmoran/Desktop/Purdue/Medical_Imaging/Datasets/data_repository/data_charite/20180802CH_Exp9_M29/masklesion_manual.nii
20180802CH_Exp9_M31,/Users/estebanfelixmoran/Desktop/Purdue/Medical_Imaging/Datasets/data_repository/data_charite/20180802CH_Exp9_M31/t2.nii,/Users/estebanfelixmoran/Desktop/Purdue/Medical_Imaging/Datasets/data_repository/data_charite/20180802CH_Exp9_M31/masklesion_manual.nii
20180803CH_Exp9_M38,/Users/estebanfelixmoran/Desktop/Purdue/Medical_Imaging/Datasets/data_repository/data_charite/20180803CH_Exp9_M38/t2.nii,/Users/estebanfelixmoran/Desktop/Purdue/Medical_Imaging/Datasets/data_repository/data_charite/20180803CH_Exp9_M38/masklesion_manual.nii
20180803CH_Exp9_M39,/Users/estebanfelixmoran/Desktop/Purdue/Medical_Imaging/Datasets/data_repository/data_charite/20180803CH_Exp9_M39/t2.nii,/Users/estebanfelixmoran/Desktop/Purdue/Medical_Imaging/Datasets/data_repository/data_charite/20180803CH_Exp9_M39/masklesion_manual.nii
20180803CH_Exp9_M40,/Users/estebanfelixmoran/Desktop/Purdue/Medical_Imaging/Datasets/data_repository/data_charite/20180803CH_Exp9_M40/t2.nii,/Users/estebanfelixmoran/Desktop/Purdue/Medical_Imaging/Datasets/data_repository/data_charite/20180803CH_Exp9_M40/masklesion_manual.nii
20181023CH_Exp13_M09,/Users/estebanfelixmoran/Desktop/Purdue/Medical_Imaging/Datasets/data_repository/data_charite/20181023CH_Exp13_M09/t2.nii,/Users/estebanfelixmoran/Desktop/Purdue/Medical_Imaging/Datasets/data_repository/data_charite/20181023CH_Exp13_M09/masklesion_manual.nii
20181024CH_Exp13_M11,/Users/estebanfelixmoran/Desktop/Purdue/Medical_Imaging/Datasets/data_repository/data_charite/20181024CH_Exp13_M11/t2.nii,/Users/estebanfelixmoran/Desktop/Purdue/Medical_Imaging/Datasets/data_repository/data_charite/20181024CH_Exp13_M11/masklesion_manual.nii
20181024CH_Exp13_M12,/Users/estebanfelixmoran/Desktop/Purdue/Medical_Imaging/Datasets/data_repository/data_charite/20181024CH_Exp13_M12/t2.nii,/Users/estebanfelixmoran/Desktop/Purdue/Medical_Imaging/Datasets/data_repository/data_charite/20181024CH_Exp13_M12/masklesion_manual.nii
20181024CH_Exp13_M16,/Users/estebanfelixmoran/Desktop/Purdue/Medical_Imaging/Datasets/data_repository/data_charite/20181024CH_Exp13_M16/t2.nii,/Users/estebanfelixmoran/Desktop/Purdue/Medical_Imaging/Datasets/data_repository/data_charite/20181024CH_Exp13_M16/masklesion_manual.nii
20181024CH_Exp13_M17,/Users/estebanfelixmoran/Desktop/Purdue/Medical_Imaging/Datasets/data_repository/data_charite/20181024CH_Exp13_M17/t2.nii,/Users/estebanfelixmoran/Desktop/Purdue/Medical_Imaging/Datasets/data_repository/data_charite/20181024CH_Exp13_M17/masklesion_manual.nii
20181024CH_Exp13_M19,/Users/estebanfelixmoran/Desktop/Purdue/Medical_Imaging/Datasets/data_repository/data_charite/20181024CH_Exp13_M19/t2.nii,/Users/estebanfelixmoran/Desktop/Purdue/Medical_Imaging/Datasets/data_repository/data_charite/20181024CH_Exp13_M19/masklesion_manual.nii
20190130CH_Exp2_M20,/Users/estebanfelixmoran/Desktop/Purdue/Medical_Imaging/Datasets/data_repository/data_charite/20190130CH_Exp2_M20/t2.nii,/Users/estebanfelixmoran/Desktop/Purdue/Medical_Imaging/Datasets/data_repository/data_charite/20190130CH_Exp2_M20/masklesion_manual.nii
20190130_CH_Exp2_M12,/Users/estebanfelixmoran/Desktop/Purdue/Medical_Imaging/Datasets/data_repository/data_charite/20190130_CH_Exp2_M12/t2.nii,/Users/estebanfelixmoran/Desktop/Purdue/Medical_Imaging/Datasets/data_repository/data_charite/20190130_CH_Exp2_M12/masklesion_manual.nii
20190205CH_Exp2_M25,/Users/estebanfelixmoran/Desktop/Purdue/Medical_Imaging/Datasets/data_repository/data_charite/20190205CH_Exp2_M25/t2.nii,/Users/estebanfelixmoran/Desktop/Purdue/Medical_Imaging/Datasets/data_repository/data_charite/20190205CH_Exp2_M25/masklesion_manual.nii
20190205CH_Exp2_M29,/Users/estebanfelixmoran/Desktop/Purdue/Medical_Imaging/Datasets/data_repository/data_charite/20190205CH_Exp2_M29/t2.nii,/Users/estebanfelixmoran/Desktop/Purdue/Medical_Imaging/Datasets/data_repository/data_charite/20190205CH_Exp2_M29/masklesion_manual.nii
20190206CH_Exp2_M32,/Users/estebanfelixmoran/Desktop/Purdue/Medical_Imaging/Datasets/data_repository/data_charite/20190206CH_Exp2_M32/t2.nii,/Users/estebanfelixmoran/Desktop/Purdue/Medical_Imaging/Datasets/data_repository/data_charite/20190206CH_Exp2_M32/masklesion_manual.nii
20190220CH_Exp1_M50,/Users/estebanfelixmoran/Desktop/Purdue/Medical_Imaging/Datasets/data_repository/data_charite/20190220CH_Exp1_M50/t2.nii,/Users/estebanfelixmoran/Desktop/Purdue/Medical_Imaging/Datasets/data_repository/data_charite/20190220CH_Exp1_M50/masklesion_manual.nii
20190220CH_Exp1_M53,/Users/estebanfelixmoran/Desktop/Purdue/Medical_Imaging/Datasets/data_repository/data_charite/20190220CH_Exp1_M53/t2.nii,/Users/estebanfelixmoran/Desktop/Purdue/Medical_Imaging/Datasets/data_repository/data_charite/20190220CH_Exp1_M53/masklesion_manual.nii
20190319CH_Exp4_M10,/Users/estebanfelixmoran/Desktop/Purdue/Medical_Imaging/Datasets/data_repository/data_charite/20190319CH_Exp4_M10/t2.nii,/Users/estebanfelixmoran/Desktop/Purdue/Medical_Imaging/Datasets/data_repository/data_charite/20190319CH_Exp4_M10/masklesion_manual.nii
20190319CH_Exp4_M5,/Users/estebanfelixmoran/Desktop/Purdue/Medical_Imaging/Datasets/data_repository/data_charite/20190319CH_Exp4_M5/t2.nii,/Users/estebanfelixmoran/Desktop/Purdue/Medical_Imaging/Datasets/data_repository/data_charite/20190319CH_Exp4_M5/masklesion_manual.nii
20190319CH_Exp4_M7,/Users/estebanfelixmoran/Desktop/Purdue/Medical_Imaging/Datasets/data_repository/data_charite/20190319CH_Exp4_M7/t2.nii,/Users/estebanfelixmoran/Desktop/Purdue/Medical_Imaging/Datasets/data_repository/data_charite/20190319CH_Exp4_M7/masklesion_manual.nii
20190320CH_Exp4_M12,/Users/estebanfelixmoran/Desktop/Purdue/Medical_Imaging/Datasets/data_repository/data_charite/20190320CH_Exp4_M12/t2.nii,/Users/estebanfelixmoran/Desktop/Purdue/Medical_Imaging/Datasets/data_repository/data_charite/20190320CH_Exp4_M12/masklesion_manual.nii
20190320CH_Exp4_M15,/Users/estebanfelixmoran/Desktop/Purdue/Medical_Imaging/Datasets/data_repository/data_charite/20190320CH_Exp4_M15/t2.nii,/Users/estebanfelixmoran/Desktop/Purdue/Medical_Imaging/Datasets/data_repository/data_charite/20190320CH_Exp4_M15/masklesion_manual.nii
20190320CH_Exp4_M18,/Users/estebanfelixmoran/Desktop/Purdue/Medical_Imaging/Datasets/data_repository/data_charite/20190320CH_Exp4_M18/t2.nii,/Users/estebanfelixmoran/Desktop/Purdue/Medical_Imaging/Datasets/data_repository/data_charite/20190320CH_Exp4_M18/masklesion_manual.nii
20190321CH_Exp4_M22,/Users/estebanfelixmoran/Desktop/Purdue/Medical_Imaging/Datasets/data_repository/data_charite/20190321CH_Exp4_M22/t2.nii,/Users/estebanfelixmoran/Desktop/Purdue/Medical_Imaging/Datasets/data_repository/data_charite/20190321CH_Exp4_M22/masklesion_manual.nii
20190321CH_Exp4_M26,/Users/estebanfelixmoran/Desktop/Purdue/Medical_Imaging/Datasets/data_repository/data_charite/20190321CH_Exp4_M26/t2.nii,/Users/estebanfelixmoran/Desktop/Purdue/Medical_Imaging/Datasets/data_repository/data_charite/20190321CH_Exp4_M26/masklesion_manual.nii
20190528CH_Exp5_7761,/Users/estebanfelixmoran/Desktop/Purdue/Medical_Imaging/Datasets/data_repository/data_charite/20190528CH_Exp5_7761/t2.nii,/Users/estebanfelixmoran/Desktop/Purdue/Medical_Imaging/Datasets/data_repository/data_charite/20190528CH_Exp5_7761/masklesion_manual.nii
20190528CH_Exp5_7762,/Users/estebanfelixmoran/Desktop/Purdue/Medical_Imaging/Datasets/data_repository/data_charite/20190528CH_Exp5_7762/t2.nii,/Users/estebanfelixmoran/Desktop/Purdue/Medical_Imaging/Datasets/data_repository/data_charite/20190528CH_Exp5_7762/masklesion_manual.nii
20190528CH_Exp5_7766,/Users/estebanfelixmoran/Desktop/Purdue/Medical_Imaging/Datasets/data_repository/data_charite/20190528CH_Exp5_7766/t2.nii,/Users/estebanfelixmoran/Desktop/Purdue/Medical_Imaging/Datasets/data_repository/data_charite/20190528CH_Exp5_7766/masklesion_manual.nii
20190529CH_Exp5_7755,/Users/estebanfelixmoran/Desktop/Purdue/Medical_Imaging/Datasets/data_repository/data_charite/20190529CH_Exp5_7755/t2.nii,/Users/estebanfelixmoran/Desktop/Purdue/Medical_Imaging/Datasets/data_repository/data_charite/20190529CH_Exp5_7755/masklesion_manual.nii
20190820CH_Exp14_Senp7_M08,/Users/estebanfelixmoran/Desktop/Purdue/Medical_Imaging/Datasets/data_repository/data_charite/20190820CH_Exp14_Senp7_M08/t2.nii,/Users/estebanfelixmoran/Desktop/Purdue/Medical_Imaging/Datasets/data_repository/data_charite/20190820CH_Exp14_Senp7_M08/masklesion_manual.nii
20190821CH_Exp14_NEX_M04,/Users/estebanfelixmoran/Desktop/Purdue/Medical_Imaging/Datasets/data_repository/data_charite/20190821CH_Exp14_NEX_M04/t2.nii,/Users/estebanfelixmoran/Desktop/Purdue/Medical_Imaging/Datasets/data_repository/data_charite/20190821CH_Exp14_NEX_M04/masklesion_manual.nii
20190821CH_Exp14_NEX_M12,/Users/estebanfelixmoran/Desktop/Purdue/Medical_Imaging/Datasets/data_repository/data_charite/20190821CH_Exp14_NEX_M12/t2.nii,/Users/estebanfelixmoran/Desktop/Purdue/Medical_Imaging/Datasets/data_repository/data_charite/20190821CH_Exp14_NEX_M12/masklesion_manual.nii
20190827CH_Exp14_NEX_M16,/Users/estebanfelixmoran/Desktop/Purdue/Medical_Imaging/Datasets/data_repository/data_charite/20190827CH_Exp14_NEX_M16/t2.nii,/Users/estebanfelixmoran/Desktop/Purdue/Medical_Imaging/Datasets/data_repository/data_charite/20190827CH_Exp14_NEX_M16/masklesion_manual.nii
20190827CH_Exp4_NEX_M13,/Users/estebanfelixmoran/Desktop/Purdue/Medical_Imaging/Datasets/data_repository/data_charite/20190827CH_Exp4_NEX_M13/t2.nii,/Users/estebanfelixmoran/Desktop/Purdue/Medical_Imaging/Datasets/data_repository/data_charite/20190827CH_Exp4_NEX_M13/masklesion_manual.nii
20191029CH_Exp8_M04,/Users/estebanfelixmoran/Desktop/Purdue/Medical_Imaging/Datasets/data_repository/data_charite/20191029CH_Exp8_M04/t2.nii,/Users/estebanfelixmoran/Desktop/Purdue/Medical_Imaging/Datasets/data_repository/data_charite/20191029CH_Exp8_M04/masklesion_manual.nii
20191030CH_Exp8_M16,/Users/estebanfelixmoran/Desktop/Purdue/Medical_Imaging/Datasets/data_repository/data_charite/20191030CH_Exp8_M16/t2.nii,/Users/estebanfelixmoran/Desktop/Purdue/Medical_Imaging/Datasets/data_repository/data_charite/20191030CH_Exp8_M16/masklesion_manual.nii
20191030CH_Exp8_M20,/Users/estebanfelixmoran/Desktop/Purdue/Medical_Imaging/Datasets/data_repository/data_charite/20191030CH_Exp8_M20/t2.nii,/Users/estebanfelixmoran/Desktop/Purdue/Medical_Imaging/Datasets/data_repository/data_charite/20191030CH_Exp8_M20/masklesion_manual.nii
20191105CH_Exp8_M22,/Users/estebanfelixmoran/Desktop/Purdue/Medical_Imaging/Datasets/data_repository/data_charite/20191105CH_Exp8_M22/t2.nii,/Users/estebanfelixmoran/Desktop/Purdue/Medical_Imaging/Datasets/data_repository/data_charite/20191105CH_Exp8_M22/masklesion_manual.nii
20191105CH_Exp8_M23,/Users/estebanfelixmoran/Desktop/Purdue/Medical_Imaging/Datasets/data_repository/data_charite/20191105CH_Exp8_M23/t2.nii,/Users/estebanfelixmoran/Desktop/Purdue/Medical_Imaging/Datasets/data_repository/data_charite/20191105CH_Exp8_M23/masklesion_manual.nii
20191105CH_Exp8_M26,/Users/estebanfelixmoran/Desktop/Purdue/Medical_Imaging/Datasets/data_repository/data_charite/20191105CH_Exp8_M26/t2.nii,/Users/estebanfelixmoran/Desktop/Purdue/Medical_Imaging/Datasets/data_repository/data_charite/20191105CH_Exp8_M26/masklesion_manual.nii
20191105CH_Exp8_M29,/Users/estebanfelixmoran/Desktop/Purdue/Medical_Imaging/Datasets/data_repository/data_charite/20191105CH_Exp8_M29/t2.nii,/Users/estebanfelixmoran/Desktop/Purdue/Medical_Imaging/Datasets/data_repository/data_charite/20191105CH_Exp8_M29/masklesion_manual.nii
20191106CH_Exp8_M36,/Users/estebanfelixmoran/Desktop/Purdue/Medical_Imaging/Datasets/data_repository/data_charite/20191106CH_Exp8_M36/t2.nii,/Users/estebanfelixmoran/Desktop/Purdue/Medical_Imaging/Datasets/data_repository/data_charite/20191106CH_Exp8_M36/masklesion_manual.nii
20191106CH_Exp8_M37,/Users/estebanfelixmoran/Desktop/Purdue/Medical_Imaging/Datasets/data_repository/data_charite/20191106CH_Exp8_M37/t2.nii,/Users/estebanfelixmoran/Desktop/Purdue/Medical_Imaging/Datasets/data_repository/data_charite/20191106CH_Exp8_M37/masklesion_manual.nii
20191106CH_Exp8_M40,/Users/estebanfelixmoran/Desktop/Purdue/Medical_Imaging/Datasets/data_repository/data_charite/20191106CH_Exp8_M40/t2.nii,/Users/estebanfelixmoran/Desktop/Purdue/Medical_Imaging/Datasets/data_repository/data_charite/20191106CH_Exp8_M40/masklesion_manual.nii
