domain,subject,baseline_component_count,filtered_component_count,baseline_detached_fp_count,filtered_detached_fp_count,baseline_detached_fp_voxels,filtered_detached_fp_voxels,removed_component_count,removed_component_voxels,largest_removed_component_voxels,largest_removed_centroid_i,largest_removed_centroid_j,largest_removed_centroid_k,removed_expert_overlap_voxels,largest_removed_expert_overlap_voxels,baseline_prediction_path,filtered_prediction_path
CAMRI,064,4,1,3,0,210,0,3,210,201,72.07462686567165,138.91044776119404,60.49751243781095,0,0,/Users/estebanfelixmoran/Desktop/Purdue/Medical_Imaging/3D-Medical-Segment-Anything/outputs/mixed_domain_anatomical_training/native_predictions/camri_mixed/064_prediction.nii.gz,/Users/estebanfelixmoran/Desktop/Purdue/Medical_Imaging/3D-Medical-Segment-Anything/outputs/query_conditioned_3d_grouping/native_predictions/deterministic_component_filter/CAMRI_064_prediction.nii.gz
CAMRI,007,1,1,0,0,0,0,0,0,0,,,,0,0,/Users/estebanfelixmoran/Desktop/Purdue/Medical_Imaging/3D-Medical-Segment-Anything/outputs/mixed_domain_anatomical_training/native_predictions/camri_mixed/007_prediction.nii.gz,/Users/estebanfelixmoran/Desktop/Purdue/Medical_Imaging/3D-Medical-Segment-Anything/outputs/query_conditioned_3d_grouping/native_predictions/deterministic_component_filter/CAMRI_007_prediction.nii.gz
CAMRI,043,2,1,1,0,30,0,1,30,30,150.5,47.0,7.0,0,0,/Users/estebanfelixmoran/Desktop/Purdue/Medical_Imaging/3D-Medical-Segment-Anything/outputs/mixed_domain_anatomical_training/native_predictions/camri_mixed/043_prediction.nii.gz,/Users/estebanfelixmoran/Desktop/Purdue/Medical_Imaging/3D-Medical-Segment-Anything/outputs/query_conditioned_3d_grouping/native_predictions/deterministic_component_filter/CAMRI_043_prediction.nii.gz
CAMRI,078,5,1,4,0,51,0,4,51,19,102.36842105263158,116.73684210526316,44.26315789473684,0,0,/Users/estebanfelixmoran/Desktop/Purdue/Medical_Imaging/3D-Medical-Segment-Anything/outputs/mixed_domain_anatomical_training/native_predictions/camri_mixed/078_prediction.nii.gz,/Users/estebanfelixmoran/Desktop/Purdue/Medical_Imaging/3D-Medical-Segment-Anything/outputs/query_conditioned_3d_grouping/native_predictions/deterministic_component_filter/CAMRI_078_prediction.nii.gz
CAMRI,009,1,1,0,0,0,0,0,0,0,,,,0,0,/Users/estebanfelixmoran/Desktop/Purdue/Medical_Imaging/3D-Medical-Segment-Anything/outputs/mixed_domain_anatomical_training/native_predictions/camri_mixed/009_prediction.nii.gz,/Users/estebanfelixmoran/Desktop/Purdue/Medical_Imaging/3D-Medical-Segment-Anything/outputs/query_conditioned_3d_grouping/native_predictions/deterministic_component_filter/CAMRI_009_prediction.nii.gz
CAMRI,099,2,1,1,0,9,0,1,9,9,32.0,144.0,2.0,0,0,/Users/estebanfelixmoran/Desktop/Purdue/Medical_Imaging/3D-Medical-Segment-Anything/outputs/mixed_domain_anatomical_training/native_predictions/camri_mixed/099_prediction.nii.gz,/Users/estebanfelixmoran/Desktop/Purdue/Medical_Imaging/3D-Medical-Segment-Anything/outputs/query_conditioned_3d_grouping/native_predictions/deterministic_component_filter/CAMRI_099_prediction.nii.gz
Mouse,POLYIC_20190510_mouse34__E2_P1,1,1,0,0,0,0,0,0,0,,,,0,0,/Users/estebanfelixmoran/Desktop/Purdue/Medical_Imaging/3D-Medical-Segment-Anything/outputs/mixed_domain_anatomical_training/native_predictions/mouse_mixed/POLYIC_20190510_mouse34__E2_P1_prediction.nii.gz,/Users/estebanfelixmoran/Desktop/Purdue/Medical_Imaging/3D-Medical-Segment-Anything/outputs/query_conditioned_3d_grouping/native_predictions/deterministic_component_filter/Mouse_POLYIC_20190510_mouse34__E2_P1_prediction.nii.gz
Mouse,POLYIC_20190510_mouse35__E3_P1,1,1,0,0,0,0,0,0,0,,,,0,0,/Users/estebanfelixmoran/Desktop/Purdue/Medical_Imaging/3D-Medical-Segment-Anything/outputs/mixed_domain_anatomical_training/native_predictions/mouse_mixed/POLYIC_20190510_mouse35__E3_P1_prediction.nii.gz,/Users/estebanfelixmoran/Desktop/Purdue/Medical_Imaging/3D-Medical-Segment-Anything/outputs/query_conditioned_3d_grouping/native_predictions/deterministic_component_filter/Mouse_POLYIC_20190510_mouse35__E3_P1_prediction.nii.gz
Mouse,POLYIC_20190510_mouse37__E2_P1,1,1,0,0,0,0,0,0,0,,,,0,0,/Users/estebanfelixmoran/Desktop/Purdue/Medical_Imaging/3D-Medical-Segment-Anything/outputs/mixed_domain_anatomical_training/native_predictions/mouse_mixed/POLYIC_20190510_mouse37__E2_P1_prediction.nii.gz,/Users/estebanfelixmoran/Desktop/Purdue/Medical_Imaging/3D-Medical-Segment-Anything/outputs/query_conditioned_3d_grouping/native_predictions/deterministic_component_filter/Mouse_POLYIC_20190510_mouse37__E2_P1_prediction.nii.gz
Mouse,POLYIC_20190510_mouse38__E2_P1,1,1,0,0,0,0,0,0,0,,,,0,0,/Users/estebanfelixmoran/Desktop/Purdue/Medical_Imaging/3D-Medical-Segment-Anything/outputs/mixed_domain_anatomical_training/native_predictions/mouse_mixed/POLYIC_20190510_mouse38__E2_P1_prediction.nii.gz,/Users/estebanfelixmoran/Desktop/Purdue/Medical_Imaging/3D-Medical-Segment-Anything/outputs/query_conditioned_3d_grouping/native_predictions/deterministic_component_filter/Mouse_POLYIC_20190510_mouse38__E2_P1_prediction.nii.gz
Mouse,POLYIC_20190510_mouse39__E4_P1,2,1,1,0,21,0,1,21,21,122.14285714285714,89.42857142857143,10.0,0,0,/Users/estebanfelixmoran/Desktop/Purdue/Medical_Imaging/3D-Medical-Segment-Anything/outputs/mixed_domain_anatomical_training/native_predictions/mouse_mixed/POLYIC_20190510_mouse39__E4_P1_prediction.nii.gz,/Users/estebanfelixmoran/Desktop/Purdue/Medical_Imaging/3D-Medical-Segment-Anything/outputs/query_conditioned_3d_grouping/native_predictions/deterministic_component_filter/Mouse_POLYIC_20190510_mouse39__E4_P1_prediction.nii.gz
Mouse,POLYIC_20190510_mouse42__E2_P1,3,1,2,0,61,0,2,61,44,90.13636363636364,78.56818181818181,32.02272727272727,0,0,/Users/estebanfelixmoran/Desktop/Purdue/Medical_Imaging/3D-Medical-Segment-Anything/outputs/mixed_domain_anatomical_training/native_predictions/mouse_mixed/POLYIC_20190510_mouse42__E2_P1_prediction.nii.gz,/Users/estebanfelixmoran/Desktop/Purdue/Medical_Imaging/3D-Medical-Segment-Anything/outputs/query_conditioned_3d_grouping/native_predictions/deterministic_component_filter/Mouse_POLYIC_20190510_mouse42__E2_P1_prediction.nii.gz
Mouse,POLYIC_20190510_mouse43__E2_P1_1,1,1,0,0,0,0,0,0,0,,,,0,0,/Users/estebanfelixmoran/Desktop/Purdue/Medical_Imaging/3D-Medical-Segment-Anything/outputs/mixed_domain_anatomical_training/native_predictions/mouse_mixed/POLYIC_20190510_mouse43__E2_P1_1_prediction.nii.gz,/Users/estebanfelixmoran/Desktop/Purdue/Medical_Imaging/3D-Medical-Segment-Anything/outputs/query_conditioned_3d_grouping/native_predictions/deterministic_component_filter/Mouse_POLYIC_20190510_mouse43__E2_P1_1_prediction.nii.gz
Mouse,POLYIC_20190510_mouse43__E9_P1,2,1,1,0,87,0,1,87,87,18.114942528735632,116.10344827586206,14.96551724137931,0,0,/Users/estebanfelixmoran/Desktop/Purdue/Medical_Imaging/3D-Medical-Segment-Anything/outputs/mixed_domain_anatomical_training/native_predictions/mouse_mixed/POLYIC_20190510_mouse43__E9_P1_prediction.nii.gz,/Users/estebanfelixmoran/Desktop/Purdue/Medical_Imaging/3D-Medical-Segment-Anything/outputs/query_conditioned_3d_grouping/native_predictions/deterministic_component_filter/Mouse_POLYIC_20190510_mouse43__E9_P1_prediction.nii.gz
Mouse,POLYIC_20190517_mouse33__E2_P1,1,1,0,0,0,0,0,0,0,,,,0,0,/Users/estebanfelixmoran/Desktop/Purdue/Medical_Imaging/3D-Medical-Segment-Anything/outputs/mixed_domain_anatomical_training/native_predictions/mouse_mixed/POLYIC_20190517_mouse33__E2_P1_prediction.nii.gz,/Users/estebanfelixmoran/Desktop/Purdue/Medical_Imaging/3D-Medical-Segment-Anything/outputs/query_conditioned_3d_grouping/native_predictions/deterministic_component_filter/Mouse_POLYIC_20190517_mouse33__E2_P1_prediction.nii.gz
Mouse,POLYIC_20190517_mouse35__E2_P1,1,1,0,0,0,0,0,0,0,,,,0,0,/Users/estebanfelixmoran/Desktop/Purdue/Medical_Imaging/3D-Medical-Segment-Anything/outputs/mixed_domain_anatomical_training/native_predictions/mouse_mixed/POLYIC_20190517_mouse35__E2_P1_prediction.nii.gz,/Users/estebanfelixmoran/Desktop/Purdue/Medical_Imaging/3D-Medical-Segment-Anything/outputs/query_conditioned_3d_grouping/native_predictions/deterministic_component_filter/Mouse_POLYIC_20190517_mouse35__E2_P1_prediction.nii.gz
Mouse,POLYIC_20190517_mouse36__E2_P1,1,1,0,0,0,0,0,0,0,,,,0,0,/Users/estebanfelixmoran/Desktop/Purdue/Medical_Imaging/3D-Medical-Segment-Anything/outputs/mixed_domain_anatomical_training/native_predictions/mouse_mixed/POLYIC_20190517_mouse36__E2_P1_prediction.nii.gz,/Users/estebanfelixmoran/Desktop/Purdue/Medical_Imaging/3D-Medical-Segment-Anything/outputs/query_conditioned_3d_grouping/native_predictions/deterministic_component_filter/Mouse_POLYIC_20190517_mouse36__E2_P1_prediction.nii.gz
Mouse,POLYIC_20190517_mouse37__E3_P1,2,1,1,0,60,0,1,60,60,84.6,179.7,41.0,0,0,/Users/estebanfelixmoran/Desktop/Purdue/Medical_Imaging/3D-Medical-Segment-Anything/outputs/mixed_domain_anatomical_training/native_predictions/mouse_mixed/POLYIC_20190517_mouse37__E3_P1_prediction.nii.gz,/Users/estebanfelixmoran/Desktop/Purdue/Medical_Imaging/3D-Medical-Segment-Anything/outputs/query_conditioned_3d_grouping/native_predictions/deterministic_component_filter/Mouse_POLYIC_20190517_mouse37__E3_P1_prediction.nii.gz
Mouse,POLYIC_20190517_mouse38__E3_P1,1,1,0,0,0,0,0,0,0,,,,0,0,/Users/estebanfelixmoran/Desktop/Purdue/Medical_Imaging/3D-Medical-Segment-Anything/outputs/mixed_domain_anatomical_training/native_predictions/mouse_mixed/POLYIC_20190517_mouse38__E3_P1_prediction.nii.gz,/Users/estebanfelixmoran/Desktop/Purdue/Medical_Imaging/3D-Medical-Segment-Anything/outputs/query_conditioned_3d_grouping/native_predictions/deterministic_component_filter/Mouse_POLYIC_20190517_mouse38__E3_P1_prediction.nii.gz
Mouse,POLYIC_20190517_mouse39__E12_P1,3,1,2,0,186,0,2,186,145,85.07586206896552,182.13793103448276,40.39310344827586,0,0,/Users/estebanfelixmoran/Desktop/Purdue/Medical_Imaging/3D-Medical-Segment-Anything/outputs/mixed_domain_anatomical_training/native_predictions/mouse_mixed/POLYIC_20190517_mouse39__E12_P1_prediction.nii.gz,/Users/estebanfelixmoran/Desktop/Purdue/Medical_Imaging/3D-Medical-Segment-Anything/outputs/query_conditioned_3d_grouping/native_predictions/deterministic_component_filter/Mouse_POLYIC_20190517_mouse39__E12_P1_prediction.nii.gz
Mouse,POLYIC_20190517_mouse42__E4_P1,1,1,0,0,0,0,0,0,0,,,,0,0,/Users/estebanfelixmoran/Desktop/Purdue/Medical_Imaging/3D-Medical-Segment-Anything/outputs/mixed_domain_anatomical_training/native_predictions/mouse_mixed/POLYIC_20190517_mouse42__E4_P1_prediction.nii.gz,/Users/estebanfelixmoran/Desktop/Purdue/Medical_Imaging/3D-Medical-Segment-Anything/outputs/query_conditioned_3d_grouping/native_predictions/deterministic_component_filter/Mouse_POLYIC_20190517_mouse42__E4_P1_prediction.nii.gz
Mouse,POLYIC_20190517_mouse43__E3_P1,1,1,0,0,0,0,0,0,0,,,,0,0,/Users/estebanfelixmoran/Desktop/Purdue/Medical_Imaging/3D-Medical-Segment-Anything/outputs/mixed_domain_anatomical_training/native_predictions/mouse_mixed/POLYIC_20190517_mouse43__E3_P1_prediction.nii.gz,/Users/estebanfelixmoran/Desktop/Purdue/Medical_Imaging/3D-Medical-Segment-Anything/outputs/query_conditioned_3d_grouping/native_predictions/deterministic_component_filter/Mouse_POLYIC_20190517_mouse43__E3_P1_prediction.nii.gz
Mouse,POLYIC_20190524_polyic___E3_P1,3,1,2,0,2306,0,2,2306,2138,94.22263797942001,31.18288119738073,12.55378858746492,0,0,/Users/estebanfelixmoran/Desktop/Purdue/Medical_Imaging/3D-Medical-Segment-Anything/outputs/mixed_domain_anatomical_training/native_predictions/mouse_mixed/POLYIC_20190524_polyic___E3_P1_prediction.nii.gz,/Users/estebanfelixmoran/Desktop/Purdue/Medical_Imaging/3D-Medical-Segment-Anything/outputs/query_conditioned_3d_grouping/native_predictions/deterministic_component_filter/Mouse_POLYIC_20190524_polyic___E3_P1_prediction.nii.gz
Mouse,POLYIC_20190524_polyic___E3_P1_1,1,1,0,0,0,0,0,0,0,,,,0,0,/Users/estebanfelixmoran/Desktop/Purdue/Medical_Imaging/3D-Medical-Segment-Anything/outputs/mixed_domain_anatomical_training/native_predictions/mouse_mixed/POLYIC_20190524_polyic___E3_P1_1_prediction.nii.gz,/Users/estebanfelixmoran/Desktop/Purdue/Medical_Imaging/3D-Medical-Segment-Anything/outputs/query_conditioned_3d_grouping/native_predictions/deterministic_component_filter/Mouse_POLYIC_20190524_polyic___E3_P1_1_prediction.nii.gz
Mouse,POLYIC_20190524_polyic___E3_P1_10,1,1,0,0,0,0,0,0,0,,,,0,0,/Users/estebanfelixmoran/Desktop/Purdue/Medical_Imaging/3D-Medical-Segment-Anything/outputs/mixed_domain_anatomical_training/native_predictions/mouse_mixed/POLYIC_20190524_polyic___E3_P1_10_prediction.nii.gz,/Users/estebanfelixmoran/Desktop/Purdue/Medical_Imaging/3D-Medical-Segment-Anything/outputs/query_conditioned_3d_grouping/native_predictions/deterministic_component_filter/Mouse_POLYIC_20190524_polyic___E3_P1_10_prediction.nii.gz
Mouse,POLYIC_20190524_polyic___E3_P1_12,2,1,1,0,29,0,1,29,29,107.86206896551724,27.310344827586206,10.0,0,0,/Users/estebanfelixmoran/Desktop/Purdue/Medical_Imaging/3D-Medical-Segment-Anything/outputs/mixed_domain_anatomical_training/native_predictions/mouse_mixed/POLYIC_20190524_polyic___E3_P1_12_prediction.nii.gz,/Users/estebanfelixmoran/Desktop/Purdue/Medical_Imaging/3D-Medical-Segment-Anything/outputs/query_conditioned_3d_grouping/native_predictions/deterministic_component_filter/Mouse_POLYIC_20190524_polyic___E3_P1_12_prediction.nii.gz
Mouse,POLYIC_20190524_polyic___E3_P1_13,6,1,5,0,2750,0,5,2750,1903,92.13084603258014,34.44771413557541,4.699421965317919,0,0,/Users/estebanfelixmoran/Desktop/Purdue/Medical_Imaging/3D-Medical-Segment-Anything/outputs/mixed_domain_anatomical_training/native_predictions/mouse_mixed/POLYIC_20190524_polyic___E3_P1_13_prediction.nii.gz,/Users/estebanfelixmoran/Desktop/Purdue/Medical_Imaging/3D-Medical-Segment-Anything/outputs/query_conditioned_3d_grouping/native_predictions/deterministic_component_filter/Mouse_POLYIC_20190524_polyic___E3_P1_13_prediction.nii.gz
Mouse,POLYIC_20190524_polyic___E3_P1_3,5,1,4,0,1378,0,4,1378,826,82.35956416464892,25.814769975786923,1.662227602905569,0,0,/Users/estebanfelixmoran/Desktop/Purdue/Medical_Imaging/3D-Medical-Segment-Anything/outputs/mixed_domain_anatomical_training/native_predictions/mouse_mixed/POLYIC_20190524_polyic___E3_P1_3_prediction.nii.gz,/Users/estebanfelixmoran/Desktop/Purdue/Medical_Imaging/3D-Medical-Segment-Anything/outputs/query_conditioned_3d_grouping/native_predictions/deterministic_component_filter/Mouse_POLYIC_20190524_polyic___E3_P1_3_prediction.nii.gz
Mouse,POLYIC_20190524_polyic___E3_P1_4,1,1,0,0,0,0,0,0,0,,,,0,0,/Users/estebanfelixmoran/Desktop/Purdue/Medical_Imaging/3D-Medical-Segment-Anything/outputs/mixed_domain_anatomical_training/native_predictions/mouse_mixed/POLYIC_20190524_polyic___E3_P1_4_prediction.nii.gz,/Users/estebanfelixmoran/Desktop/Purdue/Medical_Imaging/3D-Medical-Segment-Anything/outputs/query_conditioned_3d_grouping/native_predictions/deterministic_component_filter/Mouse_POLYIC_20190524_polyic___E3_P1_4_prediction.nii.gz
Mouse,POLYIC_20190524_polyic___E3_P1_5,2,1,1,0,401,0,1,401,401,97.69576059850374,37.55112219451372,11.376558603491272,0,0,/Users/estebanfelixmoran/Desktop/Purdue/Medical_Imaging/3D-Medical-Segment-Anything/outputs/mixed_domain_anatomical_training/native_predictions/mouse_mixed/POLYIC_20190524_polyic___E3_P1_5_prediction.nii.gz,/Users/estebanfelixmoran/Desktop/Purdue/Medical_Imaging/3D-Medical-Segment-Anything/outputs/query_conditioned_3d_grouping/native_predictions/deterministic_component_filter/Mouse_POLYIC_20190524_polyic___E3_P1_5_prediction.nii.gz
Mouse,POLYIC_20190524_polyic___E3_P1_6,1,1,0,0,0,0,0,0,0,,,,0,0,/Users/estebanfelixmoran/Desktop/Purdue/Medical_Imaging/3D-Medical-Segment-Anything/outputs/mixed_domain_anatomical_training/native_predictions/mouse_mixed/POLYIC_20190524_polyic___E3_P1_6_prediction.nii.gz,/Users/estebanfelixmoran/Desktop/Purdue/Medical_Imaging/3D-Medical-Segment-Anything/outputs/query_conditioned_3d_grouping/native_predictions/deterministic_component_filter/Mouse_POLYIC_20190524_polyic___E3_P1_6_prediction.nii.gz
Mouse,POLYIC_20190524_polyic___E3_P1_7,1,1,0,0,0,0,0,0,0,,,,0,0,/Users/estebanfelixmoran/Desktop/Purdue/Medical_Imaging/3D-Medical-Segment-Anything/outputs/mixed_domain_anatomical_training/native_predictions/mouse_mixed/POLYIC_20190524_polyic___E3_P1_7_prediction.nii.gz,/Users/estebanfelixmoran/Desktop/Purdue/Medical_Imaging/3D-Medical-Segment-Anything/outputs/query_conditioned_3d_grouping/native_predictions/deterministic_component_filter/Mouse_POLYIC_20190524_polyic___E3_P1_7_prediction.nii.gz
Mouse,POLYIC_20190524_polyic___E3_P1_9,1,1,0,0,0,0,0,0,0,,,,0,0,/Users/estebanfelixmoran/Desktop/Purdue/Medical_Imaging/3D-Medical-Segment-Anything/outputs/mixed_domain_anatomical_training/native_predictions/mouse_mixed/POLYIC_20190524_polyic___E3_P1_9_prediction.nii.gz,/Users/estebanfelixmoran/Desktop/Purdue/Medical_Imaging/3D-Medical-Segment-Anything/outputs/query_conditioned_3d_grouping/native_predictions/deterministic_component_filter/Mouse_POLYIC_20190524_polyic___E3_P1_9_prediction.nii.gz
Mouse,POLYIC_20190524_polyic___E4_P1_1,2,1,1,0,3,0,1,3,3,92.0,38.0,11.0,0,0,/Users/estebanfelixmoran/Desktop/Purdue/Medical_Imaging/3D-Medical-Segment-Anything/outputs/mixed_domain_anatomical_training/native_predictions/mouse_mixed/POLYIC_20190524_polyic___E4_P1_1_prediction.nii.gz,/Users/estebanfelixmoran/Desktop/Purdue/Medical_Imaging/3D-Medical-Segment-Anything/outputs/query_conditioned_3d_grouping/native_predictions/deterministic_component_filter/Mouse_POLYIC_20190524_polyic___E4_P1_1_prediction.nii.gz
Mouse,POLYIC_20190524_polyic___E4_P1_7,1,1,0,0,0,0,0,0,0,,,,0,0,/Users/estebanfelixmoran/Desktop/Purdue/Medical_Imaging/3D-Medical-Segment-Anything/outputs/mixed_domain_anatomical_training/native_predictions/mouse_mixed/POLYIC_20190524_polyic___E4_P1_7_prediction.nii.gz,/Users/estebanfelixmoran/Desktop/Purdue/Medical_Imaging/3D-Medical-Segment-Anything/outputs/query_conditioned_3d_grouping/native_predictions/deterministic_component_filter/Mouse_POLYIC_20190524_polyic___E4_P1_7_prediction.nii.gz
Mouse,POLYIC_20190524_polyic___E4_P1_9,1,1,0,0,0,0,0,0,0,,,,0,0,/Users/estebanfelixmoran/Desktop/Purdue/Medical_Imaging/3D-Medical-Segment-Anything/outputs/mixed_domain_anatomical_training/native_predictions/mouse_mixed/POLYIC_20190524_polyic___E4_P1_9_prediction.nii.gz,/Users/estebanfelixmoran/Desktop/Purdue/Medical_Imaging/3D-Medical-Segment-Anything/outputs/query_conditioned_3d_grouping/native_predictions/deterministic_component_filter/Mouse_POLYIC_20190524_polyic___E4_P1_9_prediction.nii.gz
Mouse,POLYIC_20190524_polyic___E8_P1_1,4,1,3,0,75,0,3,75,68,91.67647058823529,38.14705882352941,8.529411764705882,0,0,/Users/estebanfelixmoran/Desktop/Purdue/Medical_Imaging/3D-Medical-Segment-Anything/outputs/mixed_domain_anatomical_training/native_predictions/mouse_mixed/POLYIC_20190524_polyic___E8_P1_1_prediction.nii.gz,/Users/estebanfelixmoran/Desktop/Purdue/Medical_Imaging/3D-Medical-Segment-Anything/outputs/query_conditioned_3d_grouping/native_predictions/deterministic_component_filter/Mouse_POLYIC_20190524_polyic___E8_P1_1_prediction.nii.gz
Mouse,POLYIC_20190524_polyic___E9_P1_1,3,1,2,0,2030,0,2,2030,1928,95.79253112033194,28.689834024896264,12.227178423236515,0,0,/Users/estebanfelixmoran/Desktop/Purdue/Medical_Imaging/3D-Medical-Segment-Anything/outputs/mixed_domain_anatomical_training/native_predictions/mouse_mixed/POLYIC_20190524_polyic___E9_P1_1_prediction.nii.gz,/Users/estebanfelixmoran/Desktop/Purdue/Medical_Imaging/3D-Medical-Segment-Anything/outputs/query_conditioned_3d_grouping/native_predictions/deterministic_component_filter/Mouse_POLYIC_20190524_polyic___E9_P1_1_prediction.nii.gz
Mouse,POLYIC_20190531_polyic_m__E3_P1,1,1,0,0,0,0,0,0,0,,,,0,0,/Users/estebanfelixmoran/Desktop/Purdue/Medical_Imaging/3D-Medical-Segment-Anything/outputs/mixed_domain_anatomical_training/native_predictions/mouse_mixed/POLYIC_20190531_polyic_m__E3_P1_prediction.nii.gz,/Users/estebanfelixmoran/Desktop/Purdue/Medical_Imaging/3D-Medical-Segment-Anything/outputs/query_conditioned_3d_grouping/native_predictions/deterministic_component_filter/Mouse_POLYIC_20190531_polyic_m__E3_P1_prediction.nii.gz
Mouse,POLYIC_20190531_polyic_m__E3_P1_1,1,1,0,0,0,0,0,0,0,,,,0,0,/Users/estebanfelixmoran/Desktop/Purdue/Medical_Imaging/3D-Medical-Segment-Anything/outputs/mixed_domain_anatomical_training/native_predictions/mouse_mixed/POLYIC_20190531_polyic_m__E3_P1_1_prediction.nii.gz,/Users/estebanfelixmoran/Desktop/Purdue/Medical_Imaging/3D-Medical-Segment-Anything/outputs/query_conditioned_3d_grouping/native_predictions/deterministic_component_filter/Mouse_POLYIC_20190531_polyic_m__E3_P1_1_prediction.nii.gz
Mouse,POLYIC_20190531_polyic_m__E3_P1_10,3,1,2,0,594,0,2,594,552,99.30978260869566,27.07608695652174,11.378623188405797,0,0,/Users/estebanfelixmoran/Desktop/Purdue/Medical_Imaging/3D-Medical-Segment-Anything/outputs/mixed_domain_anatomical_training/native_predictions/mouse_mixed/POLYIC_20190531_polyic_m__E3_P1_10_prediction.nii.gz,/Users/estebanfelixmoran/Desktop/Purdue/Medical_Imaging/3D-Medical-Segment-Anything/outputs/query_conditioned_3d_grouping/native_predictions/deterministic_component_filter/Mouse_POLYIC_20190531_polyic_m__E3_P1_10_prediction.nii.gz
Mouse,POLYIC_20190531_polyic_m__E3_P1_11,3,1,2,0,36,0,2,36,30,55.3,101.5,2.0,0,0,/Users/estebanfelixmoran/Desktop/Purdue/Medical_Imaging/3D-Medical-Segment-Anything/outputs/mixed_domain_anatomical_training/native_predictions/mouse_mixed/POLYIC_20190531_polyic_m__E3_P1_11_prediction.nii.gz,/Users/estebanfelixmoran/Desktop/Purdue/Medical_Imaging/3D-Medical-Segment-Anything/outputs/query_conditioned_3d_grouping/native_predictions/deterministic_component_filter/Mouse_POLYIC_20190531_polyic_m__E3_P1_11_prediction.nii.gz
Mouse,POLYIC_20190531_polyic_m__E3_P1_12,1,1,0,0,0,0,0,0,0,,,,0,0,/Users/estebanfelixmoran/Desktop/Purdue/Medical_Imaging/3D-Medical-Segment-Anything/outputs/mixed_domain_anatomical_training/native_predictions/mouse_mixed/POLYIC_20190531_polyic_m__E3_P1_12_prediction.nii.gz,/Users/estebanfelixmoran/Desktop/Purdue/Medical_Imaging/3D-Medical-Segment-Anything/outputs/query_conditioned_3d_grouping/native_predictions/deterministic_component_filter/Mouse_POLYIC_20190531_polyic_m__E3_P1_12_prediction.nii.gz
Mouse,POLYIC_20190531_polyic_m__E3_P1_13,2,1,1,0,9,0,1,9,9,8.0,146.33333333333334,1.0,0,0,/Users/estebanfelixmoran/Desktop/Purdue/Medical_Imaging/3D-Medical-Segment-Anything/outputs/mixed_domain_anatomical_training/native_predictions/mouse_mixed/POLYIC_20190531_polyic_m__E3_P1_13_prediction.nii.gz,/Users/estebanfelixmoran/Desktop/Purdue/Medical_Imaging/3D-Medical-Segment-Anything/outputs/query_conditioned_3d_grouping/native_predictions/deterministic_component_filter/Mouse_POLYIC_20190531_polyic_m__E3_P1_13_prediction.nii.gz
Mouse,POLYIC_20190531_polyic_m__E3_P1_2,1,1,0,0,0,0,0,0,0,,,,0,0,/Users/estebanfelixmoran/Desktop/Purdue/Medical_Imaging/3D-Medical-Segment-Anything/outputs/mixed_domain_anatomical_training/native_predictions/mouse_mixed/POLYIC_20190531_polyic_m__E3_P1_2_prediction.nii.gz,/Users/estebanfelixmoran/Desktop/Purdue/Medical_Imaging/3D-Medical-Segment-Anything/outputs/query_conditioned_3d_grouping/native_predictions/deterministic_component_filter/Mouse_POLYIC_20190531_polyic_m__E3_P1_2_prediction.nii.gz
Mouse,POLYIC_20190531_polyic_m__E3_P1_3,3,1,2,0,6392,0,2,6392,6351,82.68666351755628,23.825066918595496,3.978113682884585,0,0,/Users/estebanfelixmoran/Desktop/Purdue/Medical_Imaging/3D-Medical-Segment-Anything/outputs/mixed_domain_anatomical_training/native_predictions/mouse_mixed/POLYIC_20190531_polyic_m__E3_P1_3_prediction.nii.gz,/Users/estebanfelixmoran/Desktop/Purdue/Medical_Imaging/3D-Medical-Segment-Anything/outputs/query_conditioned_3d_grouping/native_predictions/deterministic_component_filter/Mouse_POLYIC_20190531_polyic_m__E3_P1_3_prediction.nii.gz
Mouse,POLYIC_20190531_polyic_m__E3_P1_4,1,1,0,0,0,0,0,0,0,,,,0,0,/Users/estebanfelixmoran/Desktop/Purdue/Medical_Imaging/3D-Medical-Segment-Anything/outputs/mixed_domain_anatomical_training/native_predictions/mouse_mixed/POLYIC_20190531_polyic_m__E3_P1_4_prediction.nii.gz,/Users/estebanfelixmoran/Desktop/Purdue/Medical_Imaging/3D-Medical-Segment-Anything/outputs/query_conditioned_3d_grouping/native_predictions/deterministic_component_filter/Mouse_POLYIC_20190531_polyic_m__E3_P1_4_prediction.nii.gz
Mouse,POLYIC_20190531_polyic_m__E3_P1_5,2,1,1,0,21,0,1,21,21,121.85714285714286,97.28571428571429,8.857142857142858,0,0,/Users/estebanfelixmoran/Desktop/Purdue/Medical_Imaging/3D-Medical-Segment-Anything/outputs/mixed_domain_anatomical_training/native_predictions/mouse_mixed/POLYIC_20190531_polyic_m__E3_P1_5_prediction.nii.gz,/Users/estebanfelixmoran/Desktop/Purdue/Medical_Imaging/3D-Medical-Segment-Anything/outputs/query_conditioned_3d_grouping/native_predictions/deterministic_component_filter/Mouse_POLYIC_20190531_polyic_m__E3_P1_5_prediction.nii.gz
Mouse,POLYIC_20190531_polyic_m__E3_P1_6,1,1,0,0,0,0,0,0,0,,,,0,0,/Users/estebanfelixmoran/Desktop/Purdue/Medical_Imaging/3D-Medical-Segment-Anything/outputs/mixed_domain_anatomical_training/native_predictions/mouse_mixed/POLYIC_20190531_polyic_m__E3_P1_6_prediction.nii.gz,/Users/estebanfelixmoran/Desktop/Purdue/Medical_Imaging/3D-Medical-Segment-Anything/outputs/query_conditioned_3d_grouping/native_predictions/deterministic_component_filter/Mouse_POLYIC_20190531_polyic_m__E3_P1_6_prediction.nii.gz
Mouse,POLYIC_20190531_polyic_m__E3_P1_7,1,1,0,0,0,0,0,0,0,,,,0,0,/Users/estebanfelixmoran/Desktop/Purdue/Medical_Imaging/3D-Medical-Segment-Anything/outputs/mixed_domain_anatomical_training/native_predictions/mouse_mixed/POLYIC_20190531_polyic_m__E3_P1_7_prediction.nii.gz,/Users/estebanfelixmoran/Desktop/Purdue/Medical_Imaging/3D-Medical-Segment-Anything/outputs/query_conditioned_3d_grouping/native_predictions/deterministic_component_filter/Mouse_POLYIC_20190531_polyic_m__E3_P1_7_prediction.nii.gz
Mouse,POLYIC_20190531_polyic_m__E3_P1_8,1,1,0,0,0,0,0,0,0,,,,0,0,/Users/estebanfelixmoran/Desktop/Purdue/Medical_Imaging/3D-Medical-Segment-Anything/outputs/mixed_domain_anatomical_training/native_predictions/mouse_mixed/POLYIC_20190531_polyic_m__E3_P1_8_prediction.nii.gz,/Users/estebanfelixmoran/Desktop/Purdue/Medical_Imaging/3D-Medical-Segment-Anything/outputs/query_conditioned_3d_grouping/native_predictions/deterministic_component_filter/Mouse_POLYIC_20190531_polyic_m__E3_P1_8_prediction.nii.gz
Mouse,POLYIC_20190531_polyic_m__E3_P1_9,2,1,1,0,12,0,1,12,12,90.5,68.0,26.0,0,0,/Users/estebanfelixmoran/Desktop/Purdue/Medical_Imaging/3D-Medical-Segment-Anything/outputs/mixed_domain_anatomical_training/native_predictions/mouse_mixed/POLYIC_20190531_polyic_m__E3_P1_9_prediction.nii.gz,/Users/estebanfelixmoran/Desktop/Purdue/Medical_Imaging/3D-Medical-Segment-Anything/outputs/query_conditioned_3d_grouping/native_predictions/deterministic_component_filter/Mouse_POLYIC_20190531_polyic_m__E3_P1_9_prediction.nii.gz
Mouse,POLYIC_20190531_polyic_m__E5_P1_11,2,1,1,0,7,0,1,7,7,20.714285714285715,111.57142857142857,15.0,0,0,/Users/estebanfelixmoran/Desktop/Purdue/Medical_Imaging/3D-Medical-Segment-Anything/outputs/mixed_domain_anatomical_training/native_predictions/mouse_mixed/POLYIC_20190531_polyic_m__E5_P1_11_prediction.nii.gz,/Users/estebanfelixmoran/Desktop/Purdue/Medical_Imaging/3D-Medical-Segment-Anything/outputs/query_conditioned_3d_grouping/native_predictions/deterministic_component_filter/Mouse_POLYIC_20190531_polyic_m__E5_P1_11_prediction.nii.gz
Mouse,POLYIC_20190612_polyic___E10_P1_1,1,1,0,0,0,0,0,0,0,,,,0,0,/Users/estebanfelixmoran/Desktop/Purdue/Medical_Imaging/3D-Medical-Segment-Anything/outputs/mixed_domain_anatomical_training/native_predictions/mouse_mixed/POLYIC_20190612_polyic___E10_P1_1_prediction.nii.gz,/Users/estebanfelixmoran/Desktop/Purdue/Medical_Imaging/3D-Medical-Segment-Anything/outputs/query_conditioned_3d_grouping/native_predictions/deterministic_component_filter/Mouse_POLYIC_20190612_polyic___E10_P1_1_prediction.nii.gz
Mouse,POLYIC_20190612_polyic___E12_P1,1,1,0,0,0,0,0,0,0,,,,0,0,/Users/estebanfelixmoran/Desktop/Purdue/Medical_Imaging/3D-Medical-Segment-Anything/outputs/mixed_domain_anatomical_training/native_predictions/mouse_mixed/POLYIC_20190612_polyic___E12_P1_prediction.nii.gz,/Users/estebanfelixmoran/Desktop/Purdue/Medical_Imaging/3D-Medical-Segment-Anything/outputs/query_conditioned_3d_grouping/native_predictions/deterministic_component_filter/Mouse_POLYIC_20190612_polyic___E12_P1_prediction.nii.gz
Mouse,POLYIC_20190612_polyic___E3_P1,2,1,1,0,19,0,1,19,19,117.05263157894737,87.47368421052632,9.68421052631579,0,0,/Users/estebanfelixmoran/Desktop/Purdue/Medical_Imaging/3D-Medical-Segment-Anything/outputs/mixed_domain_anatomical_training/native_predictions/mouse_mixed/POLYIC_20190612_polyic___E3_P1_prediction.nii.gz,/Users/estebanfelixmoran/Desktop/Purdue/Medical_Imaging/3D-Medical-Segment-Anything/outputs/query_conditioned_3d_grouping/native_predictions/deterministic_component_filter/Mouse_POLYIC_20190612_polyic___E3_P1_prediction.nii.gz
Mouse,POLYIC_20190612_polyic___E3_P1_1,1,1,0,0,0,0,0,0,0,,,,0,0,/Users/estebanfelixmoran/Desktop/Purdue/Medical_Imaging/3D-Medical-Segment-Anything/outputs/mixed_domain_anatomical_training/native_predictions/mouse_mixed/POLYIC_20190612_polyic___E3_P1_1_prediction.nii.gz,/Users/estebanfelixmoran/Desktop/Purdue/Medical_Imaging/3D-Medical-Segment-Anything/outputs/query_conditioned_3d_grouping/native_predictions/deterministic_component_filter/Mouse_POLYIC_20190612_polyic___E3_P1_1_prediction.nii.gz
Mouse,POLYIC_20190612_polyic___E3_P1_2,1,1,0,0,0,0,0,0,0,,,,0,0,/Users/estebanfelixmoran/Desktop/Purdue/Medical_Imaging/3D-Medical-Segment-Anything/outputs/mixed_domain_anatomical_training/native_predictions/mouse_mixed/POLYIC_20190612_polyic___E3_P1_2_prediction.nii.gz,/Users/estebanfelixmoran/Desktop/Purdue/Medical_Imaging/3D-Medical-Segment-Anything/outputs/query_conditioned_3d_grouping/native_predictions/deterministic_component_filter/Mouse_POLYIC_20190612_polyic___E3_P1_2_prediction.nii.gz
Mouse,POLYIC_20190612_polyic___E3_P1_3,1,1,0,0,0,0,0,0,0,,,,0,0,/Users/estebanfelixmoran/Desktop/Purdue/Medical_Imaging/3D-Medical-Segment-Anything/outputs/mixed_domain_anatomical_training/native_predictions/mouse_mixed/POLYIC_20190612_polyic___E3_P1_3_prediction.nii.gz,/Users/estebanfelixmoran/Desktop/Purdue/Medical_Imaging/3D-Medical-Segment-Anything/outputs/query_conditioned_3d_grouping/native_predictions/deterministic_component_filter/Mouse_POLYIC_20190612_polyic___E3_P1_3_prediction.nii.gz
Mouse,POLYIC_20190612_polyic___E3_P1_4,1,1,0,0,0,0,0,0,0,,,,0,0,/Users/estebanfelixmoran/Desktop/Purdue/Medical_Imaging/3D-Medical-Segment-Anything/outputs/mixed_domain_anatomical_training/native_predictions/mouse_mixed/POLYIC_20190612_polyic___E3_P1_4_prediction.nii.gz,/Users/estebanfelixmoran/Desktop/Purdue/Medical_Imaging/3D-Medical-Segment-Anything/outputs/query_conditioned_3d_grouping/native_predictions/deterministic_component_filter/Mouse_POLYIC_20190612_polyic___E3_P1_4_prediction.nii.gz
Mouse,POLYIC_20190614_polyic___E3_P1,1,1,0,0,0,0,0,0,0,,,,0,0,/Users/estebanfelixmoran/Desktop/Purdue/Medical_Imaging/3D-Medical-Segment-Anything/outputs/mixed_domain_anatomical_training/native_predictions/mouse_mixed/POLYIC_20190614_polyic___E3_P1_prediction.nii.gz,/Users/estebanfelixmoran/Desktop/Purdue/Medical_Imaging/3D-Medical-Segment-Anything/outputs/query_conditioned_3d_grouping/native_predictions/deterministic_component_filter/Mouse_POLYIC_20190614_polyic___E3_P1_prediction.nii.gz
Mouse,POLYIC_20190614_polyic___E3_P1_1,3,1,2,0,143,0,2,143,121,88.62809917355372,74.94214876033058,22.421487603305785,0,0,/Users/estebanfelixmoran/Desktop/Purdue/Medical_Imaging/3D-Medical-Segment-Anything/outputs/mixed_domain_anatomical_training/native_predictions/mouse_mixed/POLYIC_20190614_polyic___E3_P1_1_prediction.nii.gz,/Users/estebanfelixmoran/Desktop/Purdue/Medical_Imaging/3D-Medical-Segment-Anything/outputs/query_conditioned_3d_grouping/native_predictions/deterministic_component_filter/Mouse_POLYIC_20190614_polyic___E3_P1_1_prediction.nii.gz
Mouse,POLYIC_20190614_polyic___E3_P1_3,1,1,0,0,0,0,0,0,0,,,,0,0,/Users/estebanfelixmoran/Desktop/Purdue/Medical_Imaging/3D-Medical-Segment-Anything/outputs/mixed_domain_anatomical_training/native_predictions/mouse_mixed/POLYIC_20190614_polyic___E3_P1_3_prediction.nii.gz,/Users/estebanfelixmoran/Desktop/Purdue/Medical_Imaging/3D-Medical-Segment-Anything/outputs/query_conditioned_3d_grouping/native_predictions/deterministic_component_filter/Mouse_POLYIC_20190614_polyic___E3_P1_3_prediction.nii.gz
Mouse,POLYIC_20190614_polyic___E3_P1_4,1,1,0,0,0,0,0,0,0,,,,0,0,/Users/estebanfelixmoran/Desktop/Purdue/Medical_Imaging/3D-Medical-Segment-Anything/outputs/mixed_domain_anatomical_training/native_predictions/mouse_mixed/POLYIC_20190614_polyic___E3_P1_4_prediction.nii.gz,/Users/estebanfelixmoran/Desktop/Purdue/Medical_Imaging/3D-Medical-Segment-Anything/outputs/query_conditioned_3d_grouping/native_predictions/deterministic_component_filter/Mouse_POLYIC_20190614_polyic___E3_P1_4_prediction.nii.gz
Mouse,POLYIC_20190614_polyic___E3_P1_5,5,1,4,0,441,0,4,441,393,98.44783715012723,89.69211195928753,36.089058524173026,0,0,/Users/estebanfelixmoran/Desktop/Purdue/Medical_Imaging/3D-Medical-Segment-Anything/outputs/mixed_domain_anatomical_training/native_predictions/mouse_mixed/POLYIC_20190614_polyic___E3_P1_5_prediction.nii.gz,/Users/estebanfelixmoran/Desktop/Purdue/Medical_Imaging/3D-Medical-Segment-Anything/outputs/query_conditioned_3d_grouping/native_predictions/deterministic_component_filter/Mouse_POLYIC_20190614_polyic___E3_P1_5_prediction.nii.gz
Mouse,POLYIC_20190614_polyic___E3_P1_6,1,1,0,0,0,0,0,0,0,,,,0,0,/Users/estebanfelixmoran/Desktop/Purdue/Medical_Imaging/3D-Medical-Segment-Anything/outputs/mixed_domain_anatomical_training/native_predictions/mouse_mixed/POLYIC_20190614_polyic___E3_P1_6_prediction.nii.gz,/Users/estebanfelixmoran/Desktop/Purdue/Medical_Imaging/3D-Medical-Segment-Anything/outputs/query_conditioned_3d_grouping/native_predictions/deterministic_component_filter/Mouse_POLYIC_20190614_polyic___E3_P1_6_prediction.nii.gz
Mouse,POLYIC_20190614_polyic___E4_P1_5,1,1,0,0,0,0,0,0,0,,,,0,0,/Users/estebanfelixmoran/Desktop/Purdue/Medical_Imaging/3D-Medical-Segment-Anything/outputs/mixed_domain_anatomical_training/native_predictions/mouse_mixed/POLYIC_20190614_polyic___E4_P1_5_prediction.nii.gz,/Users/estebanfelixmoran/Desktop/Purdue/Medical_Imaging/3D-Medical-Segment-Anything/outputs/query_conditioned_3d_grouping/native_predictions/deterministic_component_filter/Mouse_POLYIC_20190614_polyic___E4_P1_5_prediction.nii.gz
Mouse,POLYIC_20190618_mouse33__E3_P1,1,1,0,0,0,0,0,0,0,,,,0,0,/Users/estebanfelixmoran/Desktop/Purdue/Medical_Imaging/3D-Medical-Segment-Anything/outputs/mixed_domain_anatomical_training/native_predictions/mouse_mixed/POLYIC_20190618_mouse33__E3_P1_prediction.nii.gz,/Users/estebanfelixmoran/Desktop/Purdue/Medical_Imaging/3D-Medical-Segment-Anything/outputs/query_conditioned_3d_grouping/native_predictions/deterministic_component_filter/Mouse_POLYIC_20190618_mouse33__E3_P1_prediction.nii.gz
Mouse,POLYIC_20190618_mouse34__E3_P1,1,1,0,0,0,0,0,0,0,,,,0,0,/Users/estebanfelixmoran/Desktop/Purdue/Medical_Imaging/3D-Medical-Segment-Anything/outputs/mixed_domain_anatomical_training/native_predictions/mouse_mixed/POLYIC_20190618_mouse34__E3_P1_prediction.nii.gz,/Users/estebanfelixmoran/Desktop/Purdue/Medical_Imaging/3D-Medical-Segment-Anything/outputs/query_conditioned_3d_grouping/native_predictions/deterministic_component_filter/Mouse_POLYIC_20190618_mouse34__E3_P1_prediction.nii.gz
Mouse,POLYIC_20190618_mouse35__E3_P1,2,1,1,0,552,0,1,552,552,95.19202898550725,28.452898550724637,11.701086956521738,0,0,/Users/estebanfelixmoran/Desktop/Purdue/Medical_Imaging/3D-Medical-Segment-Anything/outputs/mixed_domain_anatomical_training/native_predictions/mouse_mixed/POLYIC_20190618_mouse35__E3_P1_prediction.nii.gz,/Users/estebanfelixmoran/Desktop/Purdue/Medical_Imaging/3D-Medical-Segment-Anything/outputs/query_conditioned_3d_grouping/native_predictions/deterministic_component_filter/Mouse_POLYIC_20190618_mouse35__E3_P1_prediction.nii.gz
Mouse,POLYIC_20190618_mouse36__E3_P1,1,1,0,0,0,0,0,0,0,,,,0,0,/Users/estebanfelixmoran/Desktop/Purdue/Medical_Imaging/3D-Medical-Segment-Anything/outputs/mixed_domain_anatomical_training/native_predictions/mouse_mixed/POLYIC_20190618_mouse36__E3_P1_prediction.nii.gz,/Users/estebanfelixmoran/Desktop/Purdue/Medical_Imaging/3D-Medical-Segment-Anything/outputs/query_conditioned_3d_grouping/native_predictions/deterministic_component_filter/Mouse_POLYIC_20190618_mouse36__E3_P1_prediction.nii.gz
Mouse,POLYIC_20190619_mouse38__E3_P1,1,1,0,0,0,0,0,0,0,,,,0,0,/Users/estebanfelixmoran/Desktop/Purdue/Medical_Imaging/3D-Medical-Segment-Anything/outputs/mixed_domain_anatomical_training/native_predictions/mouse_mixed/POLYIC_20190619_mouse38__E3_P1_prediction.nii.gz,/Users/estebanfelixmoran/Desktop/Purdue/Medical_Imaging/3D-Medical-Segment-Anything/outputs/query_conditioned_3d_grouping/native_predictions/deterministic_component_filter/Mouse_POLYIC_20190619_mouse38__E3_P1_prediction.nii.gz
Mouse,POLYIC_20190619_mouse39__E3_P1,1,1,0,0,0,0,0,0,0,,,,0,0,/Users/estebanfelixmoran/Desktop/Purdue/Medical_Imaging/3D-Medical-Segment-Anything/outputs/mixed_domain_anatomical_training/native_predictions/mouse_mixed/POLYIC_20190619_mouse39__E3_P1_prediction.nii.gz,/Users/estebanfelixmoran/Desktop/Purdue/Medical_Imaging/3D-Medical-Segment-Anything/outputs/query_conditioned_3d_grouping/native_predictions/deterministic_component_filter/Mouse_POLYIC_20190619_mouse39__E3_P1_prediction.nii.gz
Mouse,POLYIC_20190619_mouse42__E3_P1,1,1,0,0,0,0,0,0,0,,,,0,0,/Users/estebanfelixmoran/Desktop/Purdue/Medical_Imaging/3D-Medical-Segment-Anything/outputs/mixed_domain_anatomical_training/native_predictions/mouse_mixed/POLYIC_20190619_mouse42__E3_P1_prediction.nii.gz,/Users/estebanfelixmoran/Desktop/Purdue/Medical_Imaging/3D-Medical-Segment-Anything/outputs/query_conditioned_3d_grouping/native_predictions/deterministic_component_filter/Mouse_POLYIC_20190619_mouse42__E3_P1_prediction.nii.gz
Mouse,POLYIC_20190619_mouse43__E3_P1,1,1,0,0,0,0,0,0,0,,,,0,0,/Users/estebanfelixmoran/Desktop/Purdue/Medical_Imaging/3D-Medical-Segment-Anything/outputs/mixed_domain_anatomical_training/native_predictions/mouse_mixed/POLYIC_20190619_mouse43__E3_P1_prediction.nii.gz,/Users/estebanfelixmoran/Desktop/Purdue/Medical_Imaging/3D-Medical-Segment-Anything/outputs/query_conditioned_3d_grouping/native_predictions/deterministic_component_filter/Mouse_POLYIC_20190619_mouse43__E3_P1_prediction.nii.gz
Mouse,POLYIC_20190628_mouse33__E3_P1,1,1,0,0,0,0,0,0,0,,,,0,0,/Users/estebanfelixmoran/Desktop/Purdue/Medical_Imaging/3D-Medical-Segment-Anything/outputs/mixed_domain_anatomical_training/native_predictions/mouse_mixed/POLYIC_20190628_mouse33__E3_P1_prediction.nii.gz,/Users/estebanfelixmoran/Desktop/Purdue/Medical_Imaging/3D-Medical-Segment-Anything/outputs/query_conditioned_3d_grouping/native_predictions/deterministic_component_filter/Mouse_POLYIC_20190628_mouse33__E3_P1_prediction.nii.gz
Mouse,POLYIC_20190628_mouse34__E6_P1,1,1,0,0,0,0,0,0,0,,,,0,0,/Users/estebanfelixmoran/Desktop/Purdue/Medical_Imaging/3D-Medical-Segment-Anything/outputs/mixed_domain_anatomical_training/native_predictions/mouse_mixed/POLYIC_20190628_mouse34__E6_P1_prediction.nii.gz,/Users/estebanfelixmoran/Desktop/Purdue/Medical_Imaging/3D-Medical-Segment-Anything/outputs/query_conditioned_3d_grouping/native_predictions/deterministic_component_filter/Mouse_POLYIC_20190628_mouse34__E6_P1_prediction.nii.gz
Mouse,POLYIC_20190628_mouse35__E3_P1,2,1,1,0,3,0,1,3,3,42.0,168.0,0.0,0,0,/Users/estebanfelixmoran/Desktop/Purdue/Medical_Imaging/3D-Medical-Segment-Anything/outputs/mixed_domain_anatomical_training/native_predictions/mouse_mixed/POLYIC_20190628_mouse35__E3_P1_prediction.nii.gz,/Users/estebanfelixmoran/Desktop/Purdue/Medical_Imaging/3D-Medical-Segment-Anything/outputs/query_conditioned_3d_grouping/native_predictions/deterministic_component_filter/Mouse_POLYIC_20190628_mouse35__E3_P1_prediction.nii.gz
Mouse,POLYIC_20190628_mouse36__E3_P1,1,1,0,0,0,0,0,0,0,,,,0,0,/Users/estebanfelixmoran/Desktop/Purdue/Medical_Imaging/3D-Medical-Segment-Anything/outputs/mixed_domain_anatomical_training/native_predictions/mouse_mixed/POLYIC_20190628_mouse36__E3_P1_prediction.nii.gz,/Users/estebanfelixmoran/Desktop/Purdue/Medical_Imaging/3D-Medical-Segment-Anything/outputs/query_conditioned_3d_grouping/native_predictions/deterministic_component_filter/Mouse_POLYIC_20190628_mouse36__E3_P1_prediction.nii.gz
Mouse,POLYIC_20190629_polyic_mo__E3_P1,2,1,1,0,14,0,1,14,14,124.28571428571429,97.64285714285714,9.357142857142858,0,0,/Users/estebanfelixmoran/Desktop/Purdue/Medical_Imaging/3D-Medical-Segment-Anything/outputs/mixed_domain_anatomical_training/native_predictions/mouse_mixed/POLYIC_20190629_polyic_mo__E3_P1_prediction.nii.gz,/Users/estebanfelixmoran/Desktop/Purdue/Medical_Imaging/3D-Medical-Segment-Anything/outputs/query_conditioned_3d_grouping/native_predictions/deterministic_component_filter/Mouse_POLYIC_20190629_polyic_mo__E3_P1_prediction.nii.gz
Mouse,POLYIC_20190629_polyic_mo__E3_P1_1,1,1,0,0,0,0,0,0,0,,,,0,0,/Users/estebanfelixmoran/Desktop/Purdue/Medical_Imaging/3D-Medical-Segment-Anything/outputs/mixed_domain_anatomical_training/native_predictions/mouse_mixed/POLYIC_20190629_polyic_mo__E3_P1_1_prediction.nii.gz,/Users/estebanfelixmoran/Desktop/Purdue/Medical_Imaging/3D-Medical-Segment-Anything/outputs/query_conditioned_3d_grouping/native_predictions/deterministic_component_filter/Mouse_POLYIC_20190629_polyic_mo__E3_P1_1_prediction.nii.gz
Mouse,POLYIC_20190629_polyic_mo__E3_P1_2,2,1,1,0,6,0,1,6,6,23.5,108.0,13.0,0,0,/Users/estebanfelixmoran/Desktop/Purdue/Medical_Imaging/3D-Medical-Segment-Anything/outputs/mixed_domain_anatomical_training/native_predictions/mouse_mixed/POLYIC_20190629_polyic_mo__E3_P1_2_prediction.nii.gz,/Users/estebanfelixmoran/Desktop/Purdue/Medical_Imaging/3D-Medical-Segment-Anything/outputs/query_conditioned_3d_grouping/native_predictions/deterministic_component_filter/Mouse_POLYIC_20190629_polyic_mo__E3_P1_2_prediction.nii.gz
Mouse,POLYIC_20190629_polyic_mo__E3_P1_3,1,1,0,0,0,0,0,0,0,,,,0,0,/Users/estebanfelixmoran/Desktop/Purdue/Medical_Imaging/3D-Medical-Segment-Anything/outputs/mixed_domain_anatomical_training/native_predictions/mouse_mixed/POLYIC_20190629_polyic_mo__E3_P1_3_prediction.nii.gz,/Users/estebanfelixmoran/Desktop/Purdue/Medical_Imaging/3D-Medical-Segment-Anything/outputs/query_conditioned_3d_grouping/native_predictions/deterministic_component_filter/Mouse_POLYIC_20190629_polyic_mo__E3_P1_3_prediction.nii.gz
Mouse,POLYIC_20190629_polyic_mo__E3_P1_5,1,1,0,0,0,0,0,0,0,,,,0,0,/Users/estebanfelixmoran/Desktop/Purdue/Medical_Imaging/3D-Medical-Segment-Anything/outputs/mixed_domain_anatomical_training/native_predictions/mouse_mixed/POLYIC_20190629_polyic_mo__E3_P1_5_prediction.nii.gz,/Users/estebanfelixmoran/Desktop/Purdue/Medical_Imaging/3D-Medical-Segment-Anything/outputs/query_conditioned_3d_grouping/native_predictions/deterministic_component_filter/Mouse_POLYIC_20190629_polyic_mo__E3_P1_5_prediction.nii.gz
Mouse,POLYIC_20190629_polyic_mo__E4_P1_2,1,1,0,0,0,0,0,0,0,,,,0,0,/Users/estebanfelixmoran/Desktop/Purdue/Medical_Imaging/3D-Medical-Segment-Anything/outputs/mixed_domain_anatomical_training/native_predictions/mouse_mixed/POLYIC_20190629_polyic_mo__E4_P1_2_prediction.nii.gz,/Users/estebanfelixmoran/Desktop/Purdue/Medical_Imaging/3D-Medical-Segment-Anything/outputs/query_conditioned_3d_grouping/native_predictions/deterministic_component_filter/Mouse_POLYIC_20190629_polyic_mo__E4_P1_2_prediction.nii.gz
Mouse,POLYIC_20190629_polyic_mo__E4_P1_4,2,1,1,0,25,0,1,25,25,79.08,59.6,27.04,0,0,/Users/estebanfelixmoran/Desktop/Purdue/Medical_Imaging/3D-Medical-Segment-Anything/outputs/mixed_domain_anatomical_training/native_predictions/mouse_mixed/POLYIC_20190629_polyic_mo__E4_P1_4_prediction.nii.gz,/Users/estebanfelixmoran/Desktop/Purdue/Medical_Imaging/3D-Medical-Segment-Anything/outputs/query_conditioned_3d_grouping/native_predictions/deterministic_component_filter/Mouse_POLYIC_20190629_polyic_mo__E4_P1_4_prediction.nii.gz
