domain,subject,baseline_dice,filtered_dice,dice_change,baseline_iou,filtered_iou,baseline_precision,filtered_precision,baseline_recall,filtered_recall,baseline_hd95_mm,filtered_hd95_mm,baseline_total_error_voxels,filtered_total_error_voxels,residual_voxels_removed,image_path,ground_truth_path,baseline_prediction_path,filtered_prediction_path
Mouse,POLYIC_20190524_polyic___E4_P1_9,0.9556809389597947,0.9556809389597947,0.0,0.9151235236592529,0.9151235236592529,0.9902854356559876,0.9902854356559876,0.9234132223523033,0.9234132223523033,0.30000000447034836,0.30000000447034836,9795,9795,0,/Users/estebanfelixmoran/Desktop/Purdue/Medical_Imaging/Datasets/Image_Database/src_adult/POLYIC_20190524_polyic___E4_P1_9.nii.gz,/Users/estebanfelixmoran/Desktop/Purdue/Medical_Imaging/Datasets/Mask_Database/label_adult/POLYIC_20190524_polyic___E4_P1_9.nii.gz,/Users/estebanfelixmoran/Desktop/Purdue/Medical_Imaging/3D-Medical-Segment-Anything/outputs/mixed_domain_anatomical_training/native_predictions/mouse_mixed/POLYIC_20190524_polyic___E4_P1_9_prediction.nii.gz,/Users/estebanfelixmoran/Desktop/Purdue/Medical_Imaging/3D-Medical-Segment-Anything/outputs/query_conditioned_3d_grouping/native_predictions/deterministic_component_filter/Mouse_POLYIC_20190524_polyic___E4_P1_9_prediction.nii.gz
Mouse,POLYIC_20190510_mouse43__E9_P1,0.9557520609556429,0.9561079156414293,0.0003558546857863609,0.9152539595471209,0.9159068547133563,0.9590466541924338,0.9597635474786906,0.9524800259255881,0.9524800259255881,0.3999999463558197,0.3999999463558197,10343,10256,87,/Users/estebanfelixmoran/Desktop/Purdue/Medical_Imaging/Datasets/Image_Database/src_adult/POLYIC_20190510_mouse43__E9_P1.nii.gz,/Users/estebanfelixmoran/Desktop/Purdue/Medical_Imaging/Datasets/Mask_Database/label_adult/POLYIC_20190510_mouse43__E9_P1.nii.gz,/Users/estebanfelixmoran/Desktop/Purdue/Medical_Imaging/3D-Medical-Segment-Anything/outputs/mixed_domain_anatomical_training/native_predictions/mouse_mixed/POLYIC_20190510_mouse43__E9_P1_prediction.nii.gz,/Users/estebanfelixmoran/Desktop/Purdue/Medical_Imaging/3D-Medical-Segment-Anything/outputs/query_conditioned_3d_grouping/native_predictions/deterministic_component_filter/Mouse_POLYIC_20190510_mouse43__E9_P1_prediction.nii.gz
Mouse,POLYIC_20190524_polyic___E3_P1,0.9468031302037389,0.9569492722662533,0.010146142062514407,0.8989801976828328,0.9174522837918617,0.969327810208122,0.9908385780558117,0.9253015079960007,0.9253015079960007,0.4000000059604645,0.2828427166893039,11570,9264,2306,/Users/estebanfelixmoran/Desktop/Purdue/Medical_Imaging/Datasets/Image_Database/src_adult/POLYIC_20190524_polyic___E3_P1.nii.gz,/Users/estebanfelixmoran/Desktop/Purdue/Medical_Imaging/Datasets/Mask_Database/label_adult/POLYIC_20190524_polyic___E3_P1.nii.gz,/Users/estebanfelixmoran/Desktop/Purdue/Medical_Imaging/3D-Medical-Segment-Anything/outputs/mixed_domain_anatomical_training/native_predictions/mouse_mixed/POLYIC_20190524_polyic___E3_P1_prediction.nii.gz,/Users/estebanfelixmoran/Desktop/Purdue/Medical_Imaging/3D-Medical-Segment-Anything/outputs/query_conditioned_3d_grouping/native_predictions/deterministic_component_filter/Mouse_POLYIC_20190524_polyic___E3_P1_prediction.nii.gz
Mouse,POLYIC_20190531_polyic_m__E3_P1_8,0.9584091331001295,0.9584091331001295,0.0,0.9201397243011433,0.9201397243011433,0.990000191751836,0.990000191751836,0.9287718793350508,0.9287718793350508,0.22360680108197992,0.22360680108197992,8962,8962,0,/Users/estebanfelixmoran/Desktop/Purdue/Medical_Imaging/Datasets/Image_Database/src_adult/POLYIC_20190531_polyic_m__E3_P1_8.nii.gz,/Users/estebanfelixmoran/Desktop/Purdue/Medical_Imaging/Datasets/Mask_Database/label_adult/POLYIC_20190531_polyic_m__E3_P1_8.nii.gz,/Users/estebanfelixmoran/Desktop/Purdue/Medical_Imaging/3D-Medical-Segment-Anything/outputs/mixed_domain_anatomical_training/native_predictions/mouse_mixed/POLYIC_20190531_polyic_m__E3_P1_8_prediction.nii.gz,/Users/estebanfelixmoran/Desktop/Purdue/Medical_Imaging/3D-Medical-Segment-Anything/outputs/query_conditioned_3d_grouping/native_predictions/deterministic_component_filter/Mouse_POLYIC_20190531_polyic_m__E3_P1_8_prediction.nii.gz
Mouse,POLYIC_20190531_polyic_m__E3_P1_11,0.9602112739225473,0.9603662911691735,0.00015501724662614347,0.9234676716955035,0.9237544752686232,0.989849780449286,0.9901793062641434,0.9322960654112391,0.9322960654112391,0.22360680108197992,0.22360680108197992,8874,8838,36,/Users/estebanfelixmoran/Desktop/Purdue/Medical_Imaging/Datasets/Image_Database/src_adult/POLYIC_20190531_polyic_m__E3_P1_11.nii.gz,/Users/estebanfelixmoran/Desktop/Purdue/Medical_Imaging/Datasets/Mask_Database/label_adult/POLYIC_20190531_polyic_m__E3_P1_11.nii.gz,/Users/estebanfelixmoran/Desktop/Purdue/Medical_Imaging/3D-Medical-Segment-Anything/outputs/mixed_domain_anatomical_training/native_predictions/mouse_mixed/POLYIC_20190531_polyic_m__E3_P1_11_prediction.nii.gz,/Users/estebanfelixmoran/Desktop/Purdue/Medical_Imaging/3D-Medical-Segment-Anything/outputs/query_conditioned_3d_grouping/native_predictions/deterministic_component_filter/Mouse_POLYIC_20190531_polyic_m__E3_P1_11_prediction.nii.gz
Mouse,POLYIC_20190531_polyic_m__E3_P1_6,0.9603860033266032,0.9603860033266032,0.0,0.9237909516446706,0.9237909516446706,0.9901989929590496,0.9901989929590496,0.9323157664612013,0.9323157664612013,0.22360680108197992,0.22360680108197992,8793,8793,0,/Users/estebanfelixmoran/Desktop/Purdue/Medical_Imaging/Datasets/Image_Database/src_adult/POLYIC_20190531_polyic_m__E3_P1_6.nii.gz,/Users/estebanfelixmoran/Desktop/Purdue/Medical_Imaging/Datasets/Mask_Database/label_adult/POLYIC_20190531_polyic_m__E3_P1_6.nii.gz,/Users/estebanfelixmoran/Desktop/Purdue/Medical_Imaging/3D-Medical-Segment-Anything/outputs/mixed_domain_anatomical_training/native_predictions/mouse_mixed/POLYIC_20190531_polyic_m__E3_P1_6_prediction.nii.gz,/Users/estebanfelixmoran/Desktop/Purdue/Medical_Imaging/3D-Medical-Segment-Anything/outputs/query_conditioned_3d_grouping/native_predictions/deterministic_component_filter/Mouse_POLYIC_20190531_polyic_m__E3_P1_6_prediction.nii.gz
Mouse,POLYIC_20190531_polyic_m__E3_P1_3,0.9348080337262069,0.9606408826420135,0.025832848915806617,0.877595835613988,0.924262717863295,0.9386780895463228,0.9922655782514254,0.9309697584250773,0.9309697584250773,5.923681472713808,0.22360680108197992,15496,9104,6392,/Users/estebanfelixmoran/Desktop/Purdue/Medical_Imaging/Datasets/Image_Database/src_adult/POLYIC_20190531_polyic_m__E3_P1_3.nii.gz,/Users/estebanfelixmoran/Desktop/Purdue/Medical_Imaging/Datasets/Mask_Database/label_adult/POLYIC_20190531_polyic_m__E3_P1_3.nii.gz,/Users/estebanfelixmoran/Desktop/Purdue/Medical_Imaging/3D-Medical-Segment-Anything/outputs/mixed_domain_anatomical_training/native_predictions/mouse_mixed/POLYIC_20190531_polyic_m__E3_P1_3_prediction.nii.gz,/Users/estebanfelixmoran/Desktop/Purdue/Medical_Imaging/3D-Medical-Segment-Anything/outputs/query_conditioned_3d_grouping/native_predictions/deterministic_component_filter/Mouse_POLYIC_20190531_polyic_m__E3_P1_3_prediction.nii.gz
Mouse,POLYIC_20190531_polyic_m__E3_P1_12,0.9607333299957317,0.9607333299957317,0.0,0.9244338895186804,0.9244338895186804,0.9876229976324888,0.9876229976324888,0.9352690841444038,0.9352690841444038,0.22360680108197992,0.22360680108197992,8623,8623,0,/Users/estebanfelixmoran/Desktop/Purdue/Medical_Imaging/Datasets/Image_Database/src_adult/POLYIC_20190531_polyic_m__E3_P1_12.nii.gz,/Users/estebanfelixmoran/Desktop/Purdue/Medical_Imaging/Datasets/Mask_Database/label_adult/POLYIC_20190531_polyic_m__E3_P1_12.nii.gz,/Users/estebanfelixmoran/Desktop/Purdue/Medical_Imaging/3D-Medical-Segment-Anything/outputs/mixed_domain_anatomical_training/native_predictions/mouse_mixed/POLYIC_20190531_polyic_m__E3_P1_12_prediction.nii.gz,/Users/estebanfelixmoran/Desktop/Purdue/Medical_Imaging/3D-Medical-Segment-Anything/outputs/query_conditioned_3d_grouping/native_predictions/deterministic_component_filter/Mouse_POLYIC_20190531_polyic_m__E3_P1_12_prediction.nii.gz
Mouse,POLYIC_20190531_polyic_m__E3_P1_4,0.9612451106747274,0.9612451106747274,0.0,0.9253820324277903,0.9253820324277903,0.9839565213353136,0.9839565213353136,0.9395584831814529,0.9395584831814529,0.22360680108197992,0.22360680108197992,8511,8511,0,/Users/estebanfelixmoran/Desktop/Purdue/Medical_Imaging/Datasets/Image_Database/src_adult/POLYIC_20190531_polyic_m__E3_P1_4.nii.gz,/Users/estebanfelixmoran/Desktop/Purdue/Medical_Imaging/Datasets/Mask_Database/label_adult/POLYIC_20190531_polyic_m__E3_P1_4.nii.gz,/Users/estebanfelixmoran/Desktop/Purdue/Medical_Imaging/3D-Medical-Segment-Anything/outputs/mixed_domain_anatomical_training/native_predictions/mouse_mixed/POLYIC_20190531_polyic_m__E3_P1_4_prediction.nii.gz,/Users/estebanfelixmoran/Desktop/Purdue/Medical_Imaging/3D-Medical-Segment-Anything/outputs/query_conditioned_3d_grouping/native_predictions/deterministic_component_filter/Mouse_POLYIC_20190531_polyic_m__E3_P1_4_prediction.nii.gz
Mouse,POLYIC_20190524_polyic___E9_P1_1,0.9533484416926898,0.9614644272520406,0.00811598555935078,0.9108556081817647,0.925788632074608,0.9631325564427174,0.9798446034327559,0.943761114408898,0.943761114408898,0.40000057220458984,0.30000000447034836,11219,9189,2030,/Users/estebanfelixmoran/Desktop/Purdue/Medical_Imaging/Datasets/Image_Database/src_adult/POLYIC_20190524_polyic___E9_P1_1.nii.gz,/Users/estebanfelixmoran/Desktop/Purdue/Medical_Imaging/Datasets/Mask_Database/label_adult/POLYIC_20190524_polyic___E9_P1_1.nii.gz,/Users/estebanfelixmoran/Desktop/Purdue/Medical_Imaging/3D-Medical-Segment-Anything/outputs/mixed_domain_anatomical_training/native_predictions/mouse_mixed/POLYIC_20190524_polyic___E9_P1_1_prediction.nii.gz,/Users/estebanfelixmoran/Desktop/Purdue/Medical_Imaging/3D-Medical-Segment-Anything/outputs/query_conditioned_3d_grouping/native_predictions/deterministic_component_filter/Mouse_POLYIC_20190524_polyic___E9_P1_1_prediction.nii.gz
Mouse,POLYIC_20190524_polyic___E3_P1_3,0.955542609552534,0.9615733404189114,0.006030730866377398,0.9148698820035497,0.9259906143108931,0.9688685427405587,0.9813497368413886,0.9425782758269735,0.9425782758269735,0.360555132919089,0.22360680108197992,9768,8390,1378,/Users/estebanfelixmoran/Desktop/Purdue/Medical_Imaging/Datasets/Image_Database/src_adult/POLYIC_20190524_polyic___E3_P1_3.nii.gz,/Users/estebanfelixmoran/Desktop/Purdue/Medical_Imaging/Datasets/Mask_Database/label_adult/POLYIC_20190524_polyic___E3_P1_3.nii.gz,/Users/estebanfelixmoran/Desktop/Purdue/Medical_Imaging/3D-Medical-Segment-Anything/outputs/mixed_domain_anatomical_training/native_predictions/mouse_mixed/POLYIC_20190524_polyic___E3_P1_3_prediction.nii.gz,/Users/estebanfelixmoran/Desktop/Purdue/Medical_Imaging/3D-Medical-Segment-Anything/outputs/query_conditioned_3d_grouping/native_predictions/deterministic_component_filter/Mouse_POLYIC_20190524_polyic___E3_P1_3_prediction.nii.gz
Mouse,POLYIC_20190510_mouse43__E2_P1_1,0.9617306396474559,0.9617306396474559,0.0,0.9262824045251482,0.9262824045251482,0.9677349197252306,0.9677349197252306,0.9558004068743382,0.9558004068743382,0.22360680108197992,0.22360680108197992,6020,6020,0,/Users/estebanfelixmoran/Desktop/Purdue/Medical_Imaging/Datasets/Image_Database/src_adult/POLYIC_20190510_mouse43__E2_P1_1.nii.gz,/Users/estebanfelixmoran/Desktop/Purdue/Medical_Imaging/Datasets/Mask_Database/label_adult/POLYIC_20190510_mouse43__E2_P1_1.nii.gz,/Users/estebanfelixmoran/Desktop/Purdue/Medical_Imaging/3D-Medical-Segment-Anything/outputs/mixed_domain_anatomical_training/native_predictions/mouse_mixed/POLYIC_20190510_mouse43__E2_P1_1_prediction.nii.gz,/Users/estebanfelixmoran/Desktop/Purdue/Medical_Imaging/3D-Medical-Segment-Anything/outputs/query_conditioned_3d_grouping/native_predictions/deterministic_component_filter/Mouse_POLYIC_20190510_mouse43__E2_P1_1_prediction.nii.gz
Mouse,POLYIC_20190531_polyic_m__E3_P1_13,0.9617686531991654,0.9618079014087136,3.924820954825936e-05,0.9263529329624469,0.92642575754248,0.9884251924485634,0.9885081039780313,0.9365121412859592,0.9365121412859592,0.20000000298023224,0.20000000298023224,8432,8423,9,/Users/estebanfelixmoran/Desktop/Purdue/Medical_Imaging/Datasets/Image_Database/src_adult/POLYIC_20190531_polyic_m__E3_P1_13.nii.gz,/Users/estebanfelixmoran/Desktop/Purdue/Medical_Imaging/Datasets/Mask_Database/label_adult/POLYIC_20190531_polyic_m__E3_P1_13.nii.gz,/Users/estebanfelixmoran/Desktop/Purdue/Medical_Imaging/3D-Medical-Segment-Anything/outputs/mixed_domain_anatomical_training/native_predictions/mouse_mixed/POLYIC_20190531_polyic_m__E3_P1_13_prediction.nii.gz,/Users/estebanfelixmoran/Desktop/Purdue/Medical_Imaging/3D-Medical-Segment-Anything/outputs/query_conditioned_3d_grouping/native_predictions/deterministic_component_filter/Mouse_POLYIC_20190531_polyic_m__E3_P1_13_prediction.nii.gz
Mouse,POLYIC_20190531_polyic_m__E3_P1_1,0.962095042914342,0.962095042914342,0.0,0.9269587126929265,0.9269587126929265,0.988471579108932,0.988471579108932,0.9370895920138476,0.9370895920138476,0.22360680108197992,0.22360680108197992,8175,8175,0,/Users/estebanfelixmoran/Desktop/Purdue/Medical_Imaging/Datasets/Image_Database/src_adult/POLYIC_20190531_polyic_m__E3_P1_1.nii.gz,/Users/estebanfelixmoran/Desktop/Purdue/Medical_Imaging/Datasets/Mask_Database/label_adult/POLYIC_20190531_polyic_m__E3_P1_1.nii.gz,/Users/estebanfelixmoran/Desktop/Purdue/Medical_Imaging/3D-Medical-Segment-Anything/outputs/mixed_domain_anatomical_training/native_predictions/mouse_mixed/POLYIC_20190531_polyic_m__E3_P1_1_prediction.nii.gz,/Users/estebanfelixmoran/Desktop/Purdue/Medical_Imaging/3D-Medical-Segment-Anything/outputs/query_conditioned_3d_grouping/native_predictions/deterministic_component_filter/Mouse_POLYIC_20190531_polyic_m__E3_P1_1_prediction.nii.gz
Mouse,POLYIC_20190510_mouse34__E2_P1,0.9627039175435588,0.9627039175435588,0.0,0.9280898037012187,0.9280898037012187,0.978823575764437,0.978823575764437,0.9471065873792404,0.9471065873792404,0.2828427166893039,0.2828427166893039,7700,7700,0,/Users/estebanfelixmoran/Desktop/Purdue/Medical_Imaging/Datasets/Image_Database/src_adult/POLYIC_20190510_mouse34__E2_P1.nii.gz,/Users/estebanfelixmoran/Desktop/Purdue/Medical_Imaging/Datasets/Mask_Database/label_adult/POLYIC_20190510_mouse34__E2_P1.nii.gz,/Users/estebanfelixmoran/Desktop/Purdue/Medical_Imaging/3D-Medical-Segment-Anything/outputs/mixed_domain_anatomical_training/native_predictions/mouse_mixed/POLYIC_20190510_mouse34__E2_P1_prediction.nii.gz,/Users/estebanfelixmoran/Desktop/Purdue/Medical_Imaging/3D-Medical-Segment-Anything/outputs/query_conditioned_3d_grouping/native_predictions/deterministic_component_filter/Mouse_POLYIC_20190510_mouse34__E2_P1_prediction.nii.gz
Mouse,POLYIC_20190510_mouse35__E3_P1,0.9627408670049276,0.9627408670049276,0.0,0.9281584865186174,0.9281584865186174,0.9813260434331852,0.9813260434331852,0.9448465694821225,0.9448465694821225,0.22360680108197992,0.22360680108197992,7891,7891,0,/Users/estebanfelixmoran/Desktop/Purdue/Medical_Imaging/Datasets/Image_Database/src_adult/POLYIC_20190510_mouse35__E3_P1.nii.gz,/Users/estebanfelixmoran/Desktop/Purdue/Medical_Imaging/Datasets/Mask_Database/label_adult/POLYIC_20190510_mouse35__E3_P1.nii.gz,/Users/estebanfelixmoran/Desktop/Purdue/Medical_Imaging/3D-Medical-Segment-Anything/outputs/mixed_domain_anatomical_training/native_predictions/mouse_mixed/POLYIC_20190510_mouse35__E3_P1_prediction.nii.gz,/Users/estebanfelixmoran/Desktop/Purdue/Medical_Imaging/3D-Medical-Segment-Anything/outputs/query_conditioned_3d_grouping/native_predictions/deterministic_component_filter/Mouse_POLYIC_20190510_mouse35__E3_P1_prediction.nii.gz
Mouse,POLYIC_20190531_polyic_m__E3_P1_10,0.9602542293018904,0.9628212802169777,0.0025670509150872434,0.9235471365856913,0.9283079780325866,0.9851175127104254,0.9905361607565019,0.9366150936512985,0.9366150936512985,0.22360680108197992,0.20000000298023224,8855,8261,594,/Users/estebanfelixmoran/Desktop/Purdue/Medical_Imaging/Datasets/Image_Database/src_adult/POLYIC_20190531_polyic_m__E3_P1_10.nii.gz,/Users/estebanfelixmoran/Desktop/Purdue/Medical_Imaging/Datasets/Mask_Database/label_adult/POLYIC_20190531_polyic_m__E3_P1_10.nii.gz,/Users/estebanfelixmoran/Desktop/Purdue/Medical_Imaging/3D-Medical-Segment-Anything/outputs/mixed_domain_anatomical_training/native_predictions/mouse_mixed/POLYIC_20190531_polyic_m__E3_P1_10_prediction.nii.gz,/Users/estebanfelixmoran/Desktop/Purdue/Medical_Imaging/3D-Medical-Segment-Anything/outputs/query_conditioned_3d_grouping/native_predictions/deterministic_component_filter/Mouse_POLYIC_20190531_polyic_m__E3_P1_10_prediction.nii.gz
Mouse,POLYIC_20190524_polyic___E3_P1_6,0.9628546861580888,0.9628546861580888,0.0,0.9283700878852288,0.9283700878852288,0.9812908031388257,0.9812908031388257,0.9450985356842555,0.9450985356842555,0.22360680108197992,0.22360680108197992,8640,8640,0,/Users/estebanfelixmoran/Desktop/Purdue/Medical_Imaging/Datasets/Image_Database/src_adult/POLYIC_20190524_polyic___E3_P1_6.nii.gz,/Users/estebanfelixmoran/Desktop/Purdue/Medical_Imaging/Datasets/Mask_Database/label_adult/POLYIC_20190524_polyic___E3_P1_6.nii.gz,/Users/estebanfelixmoran/Desktop/Purdue/Medical_Imaging/3D-Medical-Segment-Anything/outputs/mixed_domain_anatomical_training/native_predictions/mouse_mixed/POLYIC_20190524_polyic___E3_P1_6_prediction.nii.gz,/Users/estebanfelixmoran/Desktop/Purdue/Medical_Imaging/3D-Medical-Segment-Anything/outputs/query_conditioned_3d_grouping/native_predictions/deterministic_component_filter/Mouse_POLYIC_20190524_polyic___E3_P1_6_prediction.nii.gz
Mouse,POLYIC_20190517_mouse33__E2_P1,0.9631881309627239,0.9631881309627239,0.0,0.9289902630651649,0.9289902630651649,0.9824957329809885,0.9824957329809885,0.9446247538523244,0.9446247538523244,0.22360680108197992,0.22360680108197992,7920,7920,0,/Users/estebanfelixmoran/Desktop/Purdue/Medical_Imaging/Datasets/Image_Database/src_adult/POLYIC_20190517_mouse33__E2_P1.nii.gz,/Users/estebanfelixmoran/Desktop/Purdue/Medical_Imaging/Datasets/Mask_Database/label_adult/POLYIC_20190517_mouse33__E2_P1.nii.gz,/Users/estebanfelixmoran/Desktop/Purdue/Medical_Imaging/3D-Medical-Segment-Anything/outputs/mixed_domain_anatomical_training/native_predictions/mouse_mixed/POLYIC_20190517_mouse33__E2_P1_prediction.nii.gz,/Users/estebanfelixmoran/Desktop/Purdue/Medical_Imaging/3D-Medical-Segment-Anything/outputs/query_conditioned_3d_grouping/native_predictions/deterministic_component_filter/Mouse_POLYIC_20190517_mouse33__E2_P1_prediction.nii.gz
Mouse,POLYIC_20190524_polyic___E4_P1_7,0.9632295327348074,0.9632295327348074,0.0,0.929067294209253,0.929067294209253,0.9872373166638868,0.9872373166638868,0.940361677573759,0.940361677573759,0.20000000298023224,0.20000000298023224,7837,7837,0,/Users/estebanfelixmoran/Desktop/Purdue/Medical_Imaging/Datasets/Image_Database/src_adult/POLYIC_20190524_polyic___E4_P1_7.nii.gz,/Users/estebanfelixmoran/Desktop/Purdue/Medical_Imaging/Datasets/Mask_Database/label_adult/POLYIC_20190524_polyic___E4_P1_7.nii.gz,/Users/estebanfelixmoran/Desktop/Purdue/Medical_Imaging/3D-Medical-Segment-Anything/outputs/mixed_domain_anatomical_training/native_predictions/mouse_mixed/POLYIC_20190524_polyic___E4_P1_7_prediction.nii.gz,/Users/estebanfelixmoran/Desktop/Purdue/Medical_Imaging/3D-Medical-Segment-Anything/outputs/query_conditioned_3d_grouping/native_predictions/deterministic_component_filter/Mouse_POLYIC_20190524_polyic___E4_P1_7_prediction.nii.gz
Mouse,POLYIC_20190524_polyic___E3_P1_7,0.9637078264878496,0.9637078264878496,0.0,0.9299576423751689,0.9299576423751689,0.9846017059292614,0.9846017059292614,0.9436822834292862,0.9436822834292862,0.20000000298023224,0.20000000298023224,7590,7590,0,/Users/estebanfelixmoran/Desktop/Purdue/Medical_Imaging/Datasets/Image_Database/src_adult/POLYIC_20190524_polyic___E3_P1_7.nii.gz,/Users/estebanfelixmoran/Desktop/Purdue/Medical_Imaging/Datasets/Mask_Database/label_adult/POLYIC_20190524_polyic___E3_P1_7.nii.gz,/Users/estebanfelixmoran/Desktop/Purdue/Medical_Imaging/3D-Medical-Segment-Anything/outputs/mixed_domain_anatomical_training/native_predictions/mouse_mixed/POLYIC_20190524_polyic___E3_P1_7_prediction.nii.gz,/Users/estebanfelixmoran/Desktop/Purdue/Medical_Imaging/3D-Medical-Segment-Anything/outputs/query_conditioned_3d_grouping/native_predictions/deterministic_component_filter/Mouse_POLYIC_20190524_polyic___E3_P1_7_prediction.nii.gz
Mouse,POLYIC_20190524_polyic___E3_P1_12,0.9637570539114356,0.9638769164805885,0.00011986256915286209,0.9300493263208818,0.9302726016001562,0.9811327344018848,0.9813812135412914,0.9469861039760855,0.9469861039760855,0.22360680108197992,0.22360680108197992,8452,8423,29,/Users/estebanfelixmoran/Desktop/Purdue/Medical_Imaging/Datasets/Image_Database/src_adult/POLYIC_20190524_polyic___E3_P1_12.nii.gz,/Users/estebanfelixmoran/Desktop/Purdue/Medical_Imaging/Datasets/Mask_Database/label_adult/POLYIC_20190524_polyic___E3_P1_12.nii.gz,/Users/estebanfelixmoran/Desktop/Purdue/Medical_Imaging/3D-Medical-Segment-Anything/outputs/mixed_domain_anatomical_training/native_predictions/mouse_mixed/POLYIC_20190524_polyic___E3_P1_12_prediction.nii.gz,/Users/estebanfelixmoran/Desktop/Purdue/Medical_Imaging/3D-Medical-Segment-Anything/outputs/query_conditioned_3d_grouping/native_predictions/deterministic_component_filter/Mouse_POLYIC_20190524_polyic___E3_P1_12_prediction.nii.gz
Mouse,POLYIC_20190517_mouse36__E2_P1,0.9639901429987904,0.9639901429987904,0.0,0.9304835629577749,0.9304835629577749,0.9884170583504571,0.9884170583504571,0.9407414430694863,0.9407414430694863,0.22360680108197992,0.22360680108197992,8154,8154,0,/Users/estebanfelixmoran/Desktop/Purdue/Medical_Imaging/Datasets/Image_Database/src_adult/POLYIC_20190517_mouse36__E2_P1.nii.gz,/Users/estebanfelixmoran/Desktop/Purdue/Medical_Imaging/Datasets/Mask_Database/label_adult/POLYIC_20190517_mouse36__E2_P1.nii.gz,/Users/estebanfelixmoran/Desktop/Purdue/Medical_Imaging/3D-Medical-Segment-Anything/outputs/mixed_domain_anatomical_training/native_predictions/mouse_mixed/POLYIC_20190517_mouse36__E2_P1_prediction.nii.gz,/Users/estebanfelixmoran/Desktop/Purdue/Medical_Imaging/3D-Medical-Segment-Anything/outputs/query_conditioned_3d_grouping/native_predictions/deterministic_component_filter/Mouse_POLYIC_20190517_mouse36__E2_P1_prediction.nii.gz
Mouse,POLYIC_20190524_polyic___E3_P1_4,0.9643762231597669,0.9643762231597669,0.0,0.9312032465160799,0.9312032465160799,0.9877969922045046,0.9877969922045046,0.9420403488730473,0.9420403488730473,0.20000000298023224,0.20000000298023224,7900,7900,0,/Users/estebanfelixmoran/Desktop/Purdue/Medical_Imaging/Datasets/Image_Database/src_adult/POLYIC_20190524_polyic___E3_P1_4.nii.gz,/Users/estebanfelixmoran/Desktop/Purdue/Medical_Imaging/Datasets/Mask_Database/label_adult/POLYIC_20190524_polyic___E3_P1_4.nii.gz,/Users/estebanfelixmoran/Desktop/Purdue/Medical_Imaging/3D-Medical-Segment-Anything/outputs/mixed_domain_anatomical_training/native_predictions/mouse_mixed/POLYIC_20190524_polyic___E3_P1_4_prediction.nii.gz,/Users/estebanfelixmoran/Desktop/Purdue/Medical_Imaging/3D-Medical-Segment-Anything/outputs/query_conditioned_3d_grouping/native_predictions/deterministic_component_filter/Mouse_POLYIC_20190524_polyic___E3_P1_4_prediction.nii.gz
Mouse,POLYIC_20190524_polyic___E8_P1_1,0.9643705035987243,0.9646958281810549,0.00032532458233058836,0.931192580892031,0.9317994213132847,0.9754673216013583,0.9761332605155532,0.9535233183698463,0.9535233183698463,0.20000000298023224,0.20000000298023224,7924,7849,75,/Users/estebanfelixmoran/Desktop/Purdue/Medical_Imaging/Datasets/Image_Database/src_adult/POLYIC_20190524_polyic___E8_P1_1.nii.gz,/Users/estebanfelixmoran/Desktop/Purdue/Medical_Imaging/Datasets/Mask_Database/label_adult/POLYIC_20190524_polyic___E8_P1_1.nii.gz,/Users/estebanfelixmoran/Desktop/Purdue/Medical_Imaging/3D-Medical-Segment-Anything/outputs/mixed_domain_anatomical_training/native_predictions/mouse_mixed/POLYIC_20190524_polyic___E8_P1_1_prediction.nii.gz,/Users/estebanfelixmoran/Desktop/Purdue/Medical_Imaging/3D-Medical-Segment-Anything/outputs/query_conditioned_3d_grouping/native_predictions/deterministic_component_filter/Mouse_POLYIC_20190524_polyic___E8_P1_1_prediction.nii.gz
Mouse,POLYIC_20190612_polyic___E3_P1_1,0.9647382288938142,0.9647382288938142,0.0,0.9318785410825179,0.9318785410825179,0.9869118046908513,0.9869118046908513,0.9435391344928885,0.9435391344928885,0.20000000298023224,0.20000000298023224,7695,7695,0,/Users/estebanfelixmoran/Desktop/Purdue/Medical_Imaging/Datasets/Image_Database/src_adult/POLYIC_20190612_polyic___E3_P1_1.nii.gz,/Users/estebanfelixmoran/Desktop/Purdue/Medical_Imaging/Datasets/Mask_Database/label_adult/POLYIC_20190612_polyic___E3_P1_1.nii.gz,/Users/estebanfelixmoran/Desktop/Purdue/Medical_Imaging/3D-Medical-Segment-Anything/outputs/mixed_domain_anatomical_training/native_predictions/mouse_mixed/POLYIC_20190612_polyic___E3_P1_1_prediction.nii.gz,/Users/estebanfelixmoran/Desktop/Purdue/Medical_Imaging/3D-Medical-Segment-Anything/outputs/query_conditioned_3d_grouping/native_predictions/deterministic_component_filter/Mouse_POLYIC_20190612_polyic___E3_P1_1_prediction.nii.gz
Mouse,POLYIC_20190510_mouse39__E4_P1,0.9649304367797433,0.9650181881186117,8.775133886840258e-05,0.9322372824688556,0.9324011079647193,0.9853986840256298,0.9855817286016416,0.9452952006087016,0.9452952006087016,0.20000000298023224,0.20000000298023224,8099,8078,21,/Users/estebanfelixmoran/Desktop/Purdue/Medical_Imaging/Datasets/Image_Database/src_adult/POLYIC_20190510_mouse39__E4_P1.nii.gz,/Users/estebanfelixmoran/Desktop/Purdue/Medical_Imaging/Datasets/Mask_Database/label_adult/POLYIC_20190510_mouse39__E4_P1.nii.gz,/Users/estebanfelixmoran/Desktop/Purdue/Medical_Imaging/3D-Medical-Segment-Anything/outputs/mixed_domain_anatomical_training/native_predictions/mouse_mixed/POLYIC_20190510_mouse39__E4_P1_prediction.nii.gz,/Users/estebanfelixmoran/Desktop/Purdue/Medical_Imaging/3D-Medical-Segment-Anything/outputs/query_conditioned_3d_grouping/native_predictions/deterministic_component_filter/Mouse_POLYIC_20190510_mouse39__E4_P1_prediction.nii.gz
Mouse,POLYIC_20190612_polyic___E12_P1,0.9652145789739911,0.9652145789739911,0.0,0.9327678563735301,0.9327678563735301,0.9873637583410808,0.9873637583410808,0.9440373260276925,0.9440373260276925,0.20000000298023224,0.20000000298023224,7744,7744,0,/Users/estebanfelixmoran/Desktop/Purdue/Medical_Imaging/Datasets/Image_Database/src_adult/POLYIC_20190612_polyic___E12_P1.nii.gz,/Users/estebanfelixmoran/Desktop/Purdue/Medical_Imaging/Datasets/Mask_Database/label_adult/POLYIC_20190612_polyic___E12_P1.nii.gz,/Users/estebanfelixmoran/Desktop/Purdue/Medical_Imaging/3D-Medical-Segment-Anything/outputs/mixed_domain_anatomical_training/native_predictions/mouse_mixed/POLYIC_20190612_polyic___E12_P1_prediction.nii.gz,/Users/estebanfelixmoran/Desktop/Purdue/Medical_Imaging/3D-Medical-Segment-Anything/outputs/query_conditioned_3d_grouping/native_predictions/deterministic_component_filter/Mouse_POLYIC_20190612_polyic___E12_P1_prediction.nii.gz
Mouse,POLYIC_20190629_polyic_mo__E3_P1_5,0.9653307254945811,0.9653307254945811,0.0,0.9329848187082945,0.9329848187082945,0.983823879624278,0.983823879624278,0.9475199836947087,0.9475199836947087,0.20000000298023224,0.20000000298023224,8012,8012,0,/Users/estebanfelixmoran/Desktop/Purdue/Medical_Imaging/Datasets/Image_Database/src_adult/POLYIC_20190629_polyic_mo__E3_P1_5.nii.gz,/Users/estebanfelixmoran/Desktop/Purdue/Medical_Imaging/Datasets/Mask_Database/label_adult/POLYIC_20190629_polyic_mo__E3_P1_5.nii.gz,/Users/estebanfelixmoran/Desktop/Purdue/Medical_Imaging/3D-Medical-Segment-Anything/outputs/mixed_domain_anatomical_training/native_predictions/mouse_mixed/POLYIC_20190629_polyic_mo__E3_P1_5_prediction.nii.gz,/Users/estebanfelixmoran/Desktop/Purdue/Medical_Imaging/3D-Medical-Segment-Anything/outputs/query_conditioned_3d_grouping/native_predictions/deterministic_component_filter/Mouse_POLYIC_20190629_polyic_mo__E3_P1_5_prediction.nii.gz
Mouse,POLYIC_20190629_polyic_mo__E3_P1_1,0.9653497314899845,0.9653497314899845,0.0,0.9330203266490819,0.9330203266490819,0.9707651830028519,0.9707651830028519,0.9599943654068929,0.9599943654068929,0.40000009536743164,0.40000009536743164,8317,8317,0,/Users/estebanfelixmoran/Desktop/Purdue/Medical_Imaging/Datasets/Image_Database/src_adult/POLYIC_20190629_polyic_mo__E3_P1_1.nii.gz,/Users/estebanfelixmoran/Desktop/Purdue/Medical_Imaging/Datasets/Mask_Database/label_adult/POLYIC_20190629_polyic_mo__E3_P1_1.nii.gz,/Users/estebanfelixmoran/Desktop/Purdue/Medical_Imaging/3D-Medical-Segment-Anything/outputs/mixed_domain_anatomical_training/native_predictions/mouse_mixed/POLYIC_20190629_polyic_mo__E3_P1_1_prediction.nii.gz,/Users/estebanfelixmoran/Desktop/Purdue/Medical_Imaging/3D-Medical-Segment-Anything/outputs/query_conditioned_3d_grouping/native_predictions/deterministic_component_filter/Mouse_POLYIC_20190629_polyic_mo__E3_P1_1_prediction.nii.gz
Mouse,POLYIC_20190510_mouse42__E2_P1,0.9652030964075309,0.9654640546066189,0.00026095819908800166,0.9327464095221469,0.9332339382779605,0.9856292193819451,0.986173613061619,0.9456064039498862,0.9456064039498862,0.22360680108197992,0.22360680108197992,7853,7792,61,/Users/estebanfelixmoran/Desktop/Purdue/Medical_Imaging/Datasets/Image_Database/src_adult/POLYIC_20190510_mouse42__E2_P1.nii.gz,/Users/estebanfelixmoran/Desktop/Purdue/Medical_Imaging/Datasets/Mask_Database/label_adult/POLYIC_20190510_mouse42__E2_P1.nii.gz,/Users/estebanfelixmoran/Desktop/Purdue/Medical_Imaging/3D-Medical-Segment-Anything/outputs/mixed_domain_anatomical_training/native_predictions/mouse_mixed/POLYIC_20190510_mouse42__E2_P1_prediction.nii.gz,/Users/estebanfelixmoran/Desktop/Purdue/Medical_Imaging/3D-Medical-Segment-Anything/outputs/query_conditioned_3d_grouping/native_predictions/deterministic_component_filter/Mouse_POLYIC_20190510_mouse42__E2_P1_prediction.nii.gz
Mouse,POLYIC_20190524_polyic___E3_P1_9,0.9655363398473419,0.9655363398473419,0.0,0.9333690269099747,0.9333690269099747,0.9852770791547483,0.9852770791547483,0.9465711027903051,0.9465711027903051,0.20000000298023224,0.20000000298023224,7467,7467,0,/Users/estebanfelixmoran/Desktop/Purdue/Medical_Imaging/Datasets/Image_Database/src_adult/POLYIC_20190524_polyic___E3_P1_9.nii.gz,/Users/estebanfelixmoran/Desktop/Purdue/Medical_Imaging/Datasets/Mask_Database/label_adult/POLYIC_20190524_polyic___E3_P1_9.nii.gz,/Users/estebanfelixmoran/Desktop/Purdue/Medical_Imaging/3D-Medical-Segment-Anything/outputs/mixed_domain_anatomical_training/native_predictions/mouse_mixed/POLYIC_20190524_polyic___E3_P1_9_prediction.nii.gz,/Users/estebanfelixmoran/Desktop/Purdue/Medical_Imaging/3D-Medical-Segment-Anything/outputs/query_conditioned_3d_grouping/native_predictions/deterministic_component_filter/Mouse_POLYIC_20190524_polyic___E3_P1_9_prediction.nii.gz
Mouse,POLYIC_20190628_mouse33__E3_P1,0.9655914653575792,0.9655914653575792,0.0,0.9334720596580854,0.9334720596580854,0.9835828940531539,0.9835828940531539,0.9482464020902036,0.9482464020902036,0.22360680108197992,0.22360680108197992,7673,7673,0,/Users/estebanfelixmoran/Desktop/Purdue/Medical_Imaging/Datasets/Image_Database/src_adult/POLYIC_20190628_mouse33__E3_P1.nii.gz,/Users/estebanfelixmoran/Desktop/Purdue/Medical_Imaging/Datasets/Mask_Database/label_adult/POLYIC_20190628_mouse33__E3_P1.nii.gz,/Users/estebanfelixmoran/Desktop/Purdue/Medical_Imaging/3D-Medical-Segment-Anything/outputs/mixed_domain_anatomical_training/native_predictions/mouse_mixed/POLYIC_20190628_mouse33__E3_P1_prediction.nii.gz,/Users/estebanfelixmoran/Desktop/Purdue/Medical_Imaging/3D-Medical-Segment-Anything/outputs/query_conditioned_3d_grouping/native_predictions/deterministic_component_filter/Mouse_POLYIC_20190628_mouse33__E3_P1_prediction.nii.gz
Mouse,POLYIC_20190517_mouse37__E3_P1,0.9655625618144245,0.9656582269498677,9.566513544323474e-05,0.9334180359028192,0.9335968556151129,0.9612913831094029,0.9614810430449021,0.9698718650396919,0.9698718650396919,0.28125,0.28125,20857,20797,60,/Users/estebanfelixmoran/Desktop/Purdue/Medical_Imaging/Datasets/Image_Database/src_adult/POLYIC_20190517_mouse37__E3_P1.nii.gz,/Users/estebanfelixmoran/Desktop/Purdue/Medical_Imaging/Datasets/Mask_Database/label_adult/POLYIC_20190517_mouse37__E3_P1.nii.gz,/Users/estebanfelixmoran/Desktop/Purdue/Medical_Imaging/3D-Medical-Segment-Anything/outputs/mixed_domain_anatomical_training/native_predictions/mouse_mixed/POLYIC_20190517_mouse37__E3_P1_prediction.nii.gz,/Users/estebanfelixmoran/Desktop/Purdue/Medical_Imaging/3D-Medical-Segment-Anything/outputs/query_conditioned_3d_grouping/native_predictions/deterministic_component_filter/Mouse_POLYIC_20190517_mouse37__E3_P1_prediction.nii.gz
Mouse,POLYIC_20190524_polyic___E4_P1_1,0.9657053180968236,0.9657184206971318,1.3102600308179113e-05,0.9336848917398044,0.9337093882606402,0.9837009600693146,0.9837281514052457,0.9483562653826774,0.9483562653826774,0.22360680108197992,0.22360680108197992,7583,7580,3,/Users/estebanfelixmoran/Desktop/Purdue/Medical_Imaging/Datasets/Image_Database/src_adult/POLYIC_20190524_polyic___E4_P1_1.nii.gz,/Users/estebanfelixmoran/Desktop/Purdue/Medical_Imaging/Datasets/Mask_Database/label_adult/POLYIC_20190524_polyic___E4_P1_1.nii.gz,/Users/estebanfelixmoran/Desktop/Purdue/Medical_Imaging/3D-Medical-Segment-Anything/outputs/mixed_domain_anatomical_training/native_predictions/mouse_mixed/POLYIC_20190524_polyic___E4_P1_1_prediction.nii.gz,/Users/estebanfelixmoran/Desktop/Purdue/Medical_Imaging/3D-Medical-Segment-Anything/outputs/query_conditioned_3d_grouping/native_predictions/deterministic_component_filter/Mouse_POLYIC_20190524_polyic___E4_P1_1_prediction.nii.gz
Mouse,POLYIC_20190614_polyic___E3_P1_5,0.9637953711625726,0.9657608997259688,0.0019655285633961572,0.9301206965723849,0.9337888109946175,0.975741945131967,0.9797794980079962,0.9521377964646219,0.9521377964646219,0.22360680108197992,0.20000000298023224,7845,7404,441,/Users/estebanfelixmoran/Desktop/Purdue/Medical_Imaging/Datasets/Image_Database/src_adult/POLYIC_20190614_polyic___E3_P1_5.nii.gz,/Users/estebanfelixmoran/Desktop/Purdue/Medical_Imaging/Datasets/Mask_Database/label_adult/POLYIC_20190614_polyic___E3_P1_5.nii.gz,/Users/estebanfelixmoran/Desktop/Purdue/Medical_Imaging/3D-Medical-Segment-Anything/outputs/mixed_domain_anatomical_training/native_predictions/mouse_mixed/POLYIC_20190614_polyic___E3_P1_5_prediction.nii.gz,/Users/estebanfelixmoran/Desktop/Purdue/Medical_Imaging/3D-Medical-Segment-Anything/outputs/query_conditioned_3d_grouping/native_predictions/deterministic_component_filter/Mouse_POLYIC_20190614_polyic___E3_P1_5_prediction.nii.gz
Mouse,POLYIC_20190531_polyic_m__E3_P1_7,0.9658452762685855,0.9658452762685855,0.0,0.9339465885593687,0.9339465885593687,0.9850492786629222,0.9850492786629222,0.9473757374132377,0.9473757374132377,0.20000000298023224,0.20000000298023224,7712,7712,0,/Users/estebanfelixmoran/Desktop/Purdue/Medical_Imaging/Datasets/Image_Database/src_adult/POLYIC_20190531_polyic_m__E3_P1_7.nii.gz,/Users/estebanfelixmoran/Desktop/Purdue/Medical_Imaging/Datasets/Mask_Database/label_adult/POLYIC_20190531_polyic_m__E3_P1_7.nii.gz,/Users/estebanfelixmoran/Desktop/Purdue/Medical_Imaging/3D-Medical-Segment-Anything/outputs/mixed_domain_anatomical_training/native_predictions/mouse_mixed/POLYIC_20190531_polyic_m__E3_P1_7_prediction.nii.gz,/Users/estebanfelixmoran/Desktop/Purdue/Medical_Imaging/3D-Medical-Segment-Anything/outputs/query_conditioned_3d_grouping/native_predictions/deterministic_component_filter/Mouse_POLYIC_20190531_polyic_m__E3_P1_7_prediction.nii.gz
Mouse,POLYIC_20190517_mouse42__E4_P1,0.9660090140420738,0.9660090140420738,0.0,0.9342528389161682,0.9342528389161682,0.9866455589862435,0.9866455589862435,0.946218045499973,0.946218045499973,0.20000000298023224,0.20000000298023224,7851,7851,0,/Users/estebanfelixmoran/Desktop/Purdue/Medical_Imaging/Datasets/Image_Database/src_adult/POLYIC_20190517_mouse42__E4_P1.nii.gz,/Users/estebanfelixmoran/Desktop/Purdue/Medical_Imaging/Datasets/Mask_Database/label_adult/POLYIC_20190517_mouse42__E4_P1.nii.gz,/Users/estebanfelixmoran/Desktop/Purdue/Medical_Imaging/3D-Medical-Segment-Anything/outputs/mixed_domain_anatomical_training/native_predictions/mouse_mixed/POLYIC_20190517_mouse42__E4_P1_prediction.nii.gz,/Users/estebanfelixmoran/Desktop/Purdue/Medical_Imaging/3D-Medical-Segment-Anything/outputs/query_conditioned_3d_grouping/native_predictions/deterministic_component_filter/Mouse_POLYIC_20190517_mouse42__E4_P1_prediction.nii.gz
Mouse,POLYIC_20190517_mouse35__E2_P1,0.9660315055646811,0.9660315055646811,0.0,0.9342949139811461,0.9342949139811461,0.9842687074844472,0.9842687074844472,0.9484578319737383,0.9484578319737383,0.20000000298023224,0.20000000298023224,7489,7489,0,/Users/estebanfelixmoran/Desktop/Purdue/Medical_Imaging/Datasets/Image_Database/src_adult/POLYIC_20190517_mouse35__E2_P1.nii.gz,/Users/estebanfelixmoran/Desktop/Purdue/Medical_Imaging/Datasets/Mask_Database/label_adult/POLYIC_20190517_mouse35__E2_P1.nii.gz,/Users/estebanfelixmoran/Desktop/Purdue/Medical_Imaging/3D-Medical-Segment-Anything/outputs/mixed_domain_anatomical_training/native_predictions/mouse_mixed/POLYIC_20190517_mouse35__E2_P1_prediction.nii.gz,/Users/estebanfelixmoran/Desktop/Purdue/Medical_Imaging/3D-Medical-Segment-Anything/outputs/query_conditioned_3d_grouping/native_predictions/deterministic_component_filter/Mouse_POLYIC_20190517_mouse35__E2_P1_prediction.nii.gz
Mouse,POLYIC_20190619_mouse39__E3_P1,0.9663069769897907,0.9663069769897907,0.0,0.934810389044387,0.934810389044387,0.9834927079452702,0.9834927079452702,0.9497115442528341,0.9497115442528341,0.20000000298023224,0.20000000298023224,7703,7703,0,/Users/estebanfelixmoran/Desktop/Purdue/Medical_Imaging/Datasets/Image_Database/src_adult/POLYIC_20190619_mouse39__E3_P1.nii.gz,/Users/estebanfelixmoran/Desktop/Purdue/Medical_Imaging/Datasets/Mask_Database/label_adult/POLYIC_20190619_mouse39__E3_P1.nii.gz,/Users/estebanfelixmoran/Desktop/Purdue/Medical_Imaging/3D-Medical-Segment-Anything/outputs/mixed_domain_anatomical_training/native_predictions/mouse_mixed/POLYIC_20190619_mouse39__E3_P1_prediction.nii.gz,/Users/estebanfelixmoran/Desktop/Purdue/Medical_Imaging/3D-Medical-Segment-Anything/outputs/query_conditioned_3d_grouping/native_predictions/deterministic_component_filter/Mouse_POLYIC_20190619_mouse39__E3_P1_prediction.nii.gz
Mouse,POLYIC_20190619_mouse38__E3_P1,0.9664612660164413,0.9664612660164413,0.0,0.9350992219656352,0.9350992219656352,0.9763769465308089,0.9763769465308089,0.9567449598435855,0.9567449598435855,0.20000000298023224,0.20000000298023224,7424,7424,0,/Users/estebanfelixmoran/Desktop/Purdue/Medical_Imaging/Datasets/Image_Database/src_adult/POLYIC_20190619_mouse38__E3_P1.nii.gz,/Users/estebanfelixmoran/Desktop/Purdue/Medical_Imaging/Datasets/Mask_Database/label_adult/POLYIC_20190619_mouse38__E3_P1.nii.gz,/Users/estebanfelixmoran/Desktop/Purdue/Medical_Imaging/3D-Medical-Segment-Anything/outputs/mixed_domain_anatomical_training/native_predictions/mouse_mixed/POLYIC_20190619_mouse38__E3_P1_prediction.nii.gz,/Users/estebanfelixmoran/Desktop/Purdue/Medical_Imaging/3D-Medical-Segment-Anything/outputs/query_conditioned_3d_grouping/native_predictions/deterministic_component_filter/Mouse_POLYIC_20190619_mouse38__E3_P1_prediction.nii.gz
Mouse,POLYIC_20190531_polyic_m__E3_P1,0.9664633745339789,0.9664633745339789,0.0,0.9351031697604779,0.9351031697604779,0.9870589288924361,0.9870589288924361,0.9467097295160833,0.9467097295160833,0.20000000298023224,0.20000000298023224,7649,7649,0,/Users/estebanfelixmoran/Desktop/Purdue/Medical_Imaging/Datasets/Image_Database/src_adult/POLYIC_20190531_polyic_m__E3_P1.nii.gz,/Users/estebanfelixmoran/Desktop/Purdue/Medical_Imaging/Datasets/Mask_Database/label_adult/POLYIC_20190531_polyic_m__E3_P1.nii.gz,/Users/estebanfelixmoran/Desktop/Purdue/Medical_Imaging/3D-Medical-Segment-Anything/outputs/mixed_domain_anatomical_training/native_predictions/mouse_mixed/POLYIC_20190531_polyic_m__E3_P1_prediction.nii.gz,/Users/estebanfelixmoran/Desktop/Purdue/Medical_Imaging/3D-Medical-Segment-Anything/outputs/query_conditioned_3d_grouping/native_predictions/deterministic_component_filter/Mouse_POLYIC_20190531_polyic_m__E3_P1_prediction.nii.gz
Mouse,POLYIC_20190510_mouse37__E2_P1,0.9665118161367808,0.9665118161367808,0.0,0.9351938718125,0.9351938718125,0.987092718882423,0.987092718882423,0.9467716093270039,0.9467716093270039,0.20000000298023224,0.20000000298023224,7944,7944,0,/Users/estebanfelixmoran/Desktop/Purdue/Medical_Imaging/Datasets/Image_Database/src_adult/POLYIC_20190510_mouse37__E2_P1.nii.gz,/Users/estebanfelixmoran/Desktop/Purdue/Medical_Imaging/Datasets/Mask_Database/label_adult/POLYIC_20190510_mouse37__E2_P1.nii.gz,/Users/estebanfelixmoran/Desktop/Purdue/Medical_Imaging/3D-Medical-Segment-Anything/outputs/mixed_domain_anatomical_training/native_predictions/mouse_mixed/POLYIC_20190510_mouse37__E2_P1_prediction.nii.gz,/Users/estebanfelixmoran/Desktop/Purdue/Medical_Imaging/3D-Medical-Segment-Anything/outputs/query_conditioned_3d_grouping/native_predictions/deterministic_component_filter/Mouse_POLYIC_20190510_mouse37__E2_P1_prediction.nii.gz
Mouse,POLYIC_20190531_polyic_m__E3_P1_5,0.9664615098317332,0.966551449084173,8.993925243983014e-05,0.9350996784621565,0.9352680868636352,0.9832216882909544,0.9834078776526288,0.9502631487269297,0.9502631487269297,0.20000000298023224,0.20000000298023224,7569,7548,21,/Users/estebanfelixmoran/Desktop/Purdue/Medical_Imaging/Datasets/Image_Database/src_adult/POLYIC_20190531_polyic_m__E3_P1_5.nii.gz,/Users/estebanfelixmoran/Desktop/Purdue/Medical_Imaging/Datasets/Mask_Database/label_adult/POLYIC_20190531_polyic_m__E3_P1_5.nii.gz,/Users/estebanfelixmoran/Desktop/Purdue/Medical_Imaging/3D-Medical-Segment-Anything/outputs/mixed_domain_anatomical_training/native_predictions/mouse_mixed/POLYIC_20190531_polyic_m__E3_P1_5_prediction.nii.gz,/Users/estebanfelixmoran/Desktop/Purdue/Medical_Imaging/3D-Medical-Segment-Anything/outputs/query_conditioned_3d_grouping/native_predictions/deterministic_component_filter/Mouse_POLYIC_20190531_polyic_m__E3_P1_5_prediction.nii.gz
Mouse,POLYIC_20190612_polyic___E3_P1_2,0.9668141095171818,0.9668141095171818,0.0,0.9357600780516567,0.9357600780516567,0.98809819449536,0.98809819449536,0.9464276275265239,0.9464276275265239,0.20000000298023224,0.20000000298023224,7375,7375,0,/Users/estebanfelixmoran/Desktop/Purdue/Medical_Imaging/Datasets/Image_Database/src_adult/POLYIC_20190612_polyic___E3_P1_2.nii.gz,/Users/estebanfelixmoran/Desktop/Purdue/Medical_Imaging/Datasets/Mask_Database/label_adult/POLYIC_20190612_polyic___E3_P1_2.nii.gz,/Users/estebanfelixmoran/Desktop/Purdue/Medical_Imaging/3D-Medical-Segment-Anything/outputs/mixed_domain_anatomical_training/native_predictions/mouse_mixed/POLYIC_20190612_polyic___E3_P1_2_prediction.nii.gz,/Users/estebanfelixmoran/Desktop/Purdue/Medical_Imaging/3D-Medical-Segment-Anything/outputs/query_conditioned_3d_grouping/native_predictions/deterministic_component_filter/Mouse_POLYIC_20190612_polyic___E3_P1_2_prediction.nii.gz
Mouse,POLYIC_20190524_polyic___E3_P1_1,0.9668679799077432,0.9668679799077432,0.0,0.9358610139914049,0.9358610139914049,0.9887401987347162,0.9887401987347162,0.9459425017886683,0.9459425017886683,0.20000000298023224,0.20000000298023224,7631,7631,0,/Users/estebanfelixmoran/Desktop/Purdue/Medical_Imaging/Datasets/Image_Database/src_adult/POLYIC_20190524_polyic___E3_P1_1.nii.gz,/Users/estebanfelixmoran/Desktop/Purdue/Medical_Imaging/Datasets/Mask_Database/label_adult/POLYIC_20190524_polyic___E3_P1_1.nii.gz,/Users/estebanfelixmoran/Desktop/Purdue/Medical_Imaging/3D-Medical-Segment-Anything/outputs/mixed_domain_anatomical_training/native_predictions/mouse_mixed/POLYIC_20190524_polyic___E3_P1_1_prediction.nii.gz,/Users/estebanfelixmoran/Desktop/Purdue/Medical_Imaging/3D-Medical-Segment-Anything/outputs/query_conditioned_3d_grouping/native_predictions/deterministic_component_filter/Mouse_POLYIC_20190524_polyic___E3_P1_1_prediction.nii.gz
Mouse,POLYIC_20190614_polyic___E3_P1_1,0.9663392599560632,0.9669346707700192,0.0005954108139559766,0.9348708164322779,0.9359859859913259,0.9865304471692371,0.9877723491361616,0.9469579968143608,0.9469579968143608,0.20000000298023224,0.20000000298023224,7817,7674,143,/Users/estebanfelixmoran/Desktop/Purdue/Medical_Imaging/Datasets/Image_Database/src_adult/POLYIC_20190614_polyic___E3_P1_1.nii.gz,/Users/estebanfelixmoran/Desktop/Purdue/Medical_Imaging/Datasets/Mask_Database/label_adult/POLYIC_20190614_polyic___E3_P1_1.nii.gz,/Users/estebanfelixmoran/Desktop/Purdue/Medical_Imaging/3D-Medical-Segment-Anything/outputs/mixed_domain_anatomical_training/native_predictions/mouse_mixed/POLYIC_20190614_polyic___E3_P1_1_prediction.nii.gz,/Users/estebanfelixmoran/Desktop/Purdue/Medical_Imaging/3D-Medical-Segment-Anything/outputs/query_conditioned_3d_grouping/native_predictions/deterministic_component_filter/Mouse_POLYIC_20190614_polyic___E3_P1_1_prediction.nii.gz
Mouse,POLYIC_20190629_polyic_mo__E4_P1_4,0.9669337243059928,0.9670385923523704,0.00010486804637765967,0.9359842122996318,0.9361807567984393,0.9887426148369726,0.9889619435507261,0.9460661568150626,0.9460661568150626,0.20000000298023224,0.20000000298023224,7623,7598,25,/Users/estebanfelixmoran/Desktop/Purdue/Medical_Imaging/Datasets/Image_Database/src_adult/POLYIC_20190629_polyic_mo__E4_P1_4.nii.gz,/Users/estebanfelixmoran/Desktop/Purdue/Medical_Imaging/Datasets/Mask_Database/label_adult/POLYIC_20190629_polyic_mo__E4_P1_4.nii.gz,/Users/estebanfelixmoran/Desktop/Purdue/Medical_Imaging/3D-Medical-Segment-Anything/outputs/mixed_domain_anatomical_training/native_predictions/mouse_mixed/POLYIC_20190629_polyic_mo__E4_P1_4_prediction.nii.gz,/Users/estebanfelixmoran/Desktop/Purdue/Medical_Imaging/3D-Medical-Segment-Anything/outputs/query_conditioned_3d_grouping/native_predictions/deterministic_component_filter/Mouse_POLYIC_20190629_polyic_mo__E4_P1_4_prediction.nii.gz
Mouse,POLYIC_20190524_polyic___E3_P1_13,0.9550453122370517,0.9672381536019815,0.012192841364929818,0.9139585892337289,0.9365548862773933,0.9592445602667387,0.9841661234414906,0.9508826697381307,0.9508826697381307,4.275511762454734,0.20000000298023224,9807,7057,2750,/Users/estebanfelixmoran/Desktop/Purdue/Medical_Imaging/Datasets/Image_Database/src_adult/POLYIC_20190524_polyic___E3_P1_13.nii.gz,/Users/estebanfelixmoran/Desktop/Purdue/Medical_Imaging/Datasets/Mask_Database/label_adult/POLYIC_20190524_polyic___E3_P1_13.nii.gz,/Users/estebanfelixmoran/Desktop/Purdue/Medical_Imaging/3D-Medical-Segment-Anything/outputs/mixed_domain_anatomical_training/native_predictions/mouse_mixed/POLYIC_20190524_polyic___E3_P1_13_prediction.nii.gz,/Users/estebanfelixmoran/Desktop/Purdue/Medical_Imaging/3D-Medical-Segment-Anything/outputs/query_conditioned_3d_grouping/native_predictions/deterministic_component_filter/Mouse_POLYIC_20190524_polyic___E3_P1_13_prediction.nii.gz
Mouse,POLYIC_20190524_polyic___E3_P1_10,0.9672414881069095,0.9672414881069095,0.0,0.9365611389024273,0.9365611389024273,0.9798905946082784,0.9798905946082784,0.9549147866368607,0.9549147866368607,0.20000000298023224,0.20000000298023224,7268,7268,0,/Users/estebanfelixmoran/Desktop/Purdue/Medical_Imaging/Datasets/Image_Database/src_adult/POLYIC_20190524_polyic___E3_P1_10.nii.gz,/Users/estebanfelixmoran/Desktop/Purdue/Medical_Imaging/Datasets/Mask_Database/label_adult/POLYIC_20190524_polyic___E3_P1_10.nii.gz,/Users/estebanfelixmoran/Desktop/Purdue/Medical_Imaging/3D-Medical-Segment-Anything/outputs/mixed_domain_anatomical_training/native_predictions/mouse_mixed/POLYIC_20190524_polyic___E3_P1_10_prediction.nii.gz,/Users/estebanfelixmoran/Desktop/Purdue/Medical_Imaging/3D-Medical-Segment-Anything/outputs/query_conditioned_3d_grouping/native_predictions/deterministic_component_filter/Mouse_POLYIC_20190524_polyic___E3_P1_10_prediction.nii.gz
Mouse,POLYIC_20190629_polyic_mo__E3_P1_2,0.9672800042661363,0.9673038043736829,2.3800107546656513e-05,0.936633364575626,0.9366779973364987,0.982481131605398,0.9825302409291771,0.9525420991032959,0.9525420991032959,0.22360680108197992,0.22360680108197992,7979,7973,6,/Users/estebanfelixmoran/Desktop/Purdue/Medical_Imaging/Datasets/Image_Database/src_adult/POLYIC_20190629_polyic_mo__E3_P1_2.nii.gz,/Users/estebanfelixmoran/Desktop/Purdue/Medical_Imaging/Datasets/Mask_Database/label_adult/POLYIC_20190629_polyic_mo__E3_P1_2.nii.gz,/Users/estebanfelixmoran/Desktop/Purdue/Medical_Imaging/3D-Medical-Segment-Anything/outputs/mixed_domain_anatomical_training/native_predictions/mouse_mixed/POLYIC_20190629_polyic_mo__E3_P1_2_prediction.nii.gz,/Users/estebanfelixmoran/Desktop/Purdue/Medical_Imaging/3D-Medical-Segment-Anything/outputs/query_conditioned_3d_grouping/native_predictions/deterministic_component_filter/Mouse_POLYIC_20190629_polyic_mo__E3_P1_2_prediction.nii.gz
Mouse,POLYIC_20190629_polyic_mo__E3_P1,0.9674369886600518,0.9674966000181554,5.9611358103617285e-05,0.9369277981470524,0.9370396262500819,0.9875113431157392,0.9876355728892291,0.948162525884389,0.948162525884389,0.20000000298023224,0.20000000298023224,7399,7385,14,/Users/estebanfelixmoran/Desktop/Purdue/Medical_Imaging/Datasets/Image_Database/src_adult/POLYIC_20190629_polyic_mo__E3_P1.nii.gz,/Users/estebanfelixmoran/Desktop/Purdue/Medical_Imaging/Datasets/Mask_Database/label_adult/POLYIC_20190629_polyic_mo__E3_P1.nii.gz,/Users/estebanfelixmoran/Desktop/Purdue/Medical_Imaging/3D-Medical-Segment-Anything/outputs/mixed_domain_anatomical_training/native_predictions/mouse_mixed/POLYIC_20190629_polyic_mo__E3_P1_prediction.nii.gz,/Users/estebanfelixmoran/Desktop/Purdue/Medical_Imaging/3D-Medical-Segment-Anything/outputs/query_conditioned_3d_grouping/native_predictions/deterministic_component_filter/Mouse_POLYIC_20190629_polyic_mo__E3_P1_prediction.nii.gz
Mouse,POLYIC_20190618_mouse35__E3_P1,0.9651207219680719,0.9675501158287785,0.002429393860706619,0.9325925665518661,0.9371400303931716,0.9777335397793875,0.982733066549695,0.9528291719101105,0.9528291719101105,0.20000000298023224,0.20000000298023224,7668,7116,552,/Users/estebanfelixmoran/Desktop/Purdue/Medical_Imaging/Datasets/Image_Database/src_adult/POLYIC_20190618_mouse35__E3_P1.nii.gz,/Users/estebanfelixmoran/Desktop/Purdue/Medical_Imaging/Datasets/Mask_Database/label_adult/POLYIC_20190618_mouse35__E3_P1.nii.gz,/Users/estebanfelixmoran/Desktop/Purdue/Medical_Imaging/3D-Medical-Segment-Anything/outputs/mixed_domain_anatomical_training/native_predictions/mouse_mixed/POLYIC_20190618_mouse35__E3_P1_prediction.nii.gz,/Users/estebanfelixmoran/Desktop/Purdue/Medical_Imaging/3D-Medical-Segment-Anything/outputs/query_conditioned_3d_grouping/native_predictions/deterministic_component_filter/Mouse_POLYIC_20190618_mouse35__E3_P1_prediction.nii.gz
Mouse,POLYIC_20190531_polyic_m__E5_P1_11,0.9677238282359858,0.9677522055695204,2.837733353455718e-05,0.9374660141431939,0.9375192766636755,0.9801855010496859,0.9802437285735901,0.9555750426086157,0.9555750426086157,0.20000000298023224,0.20000000298023224,7705,7698,7,/Users/estebanfelixmoran/Desktop/Purdue/Medical_Imaging/Datasets/Image_Database/src_adult/POLYIC_20190531_polyic_m__E5_P1_11.nii.gz,/Users/estebanfelixmoran/Desktop/Purdue/Medical_Imaging/Datasets/Mask_Database/label_adult/POLYIC_20190531_polyic_m__E5_P1_11.nii.gz,/Users/estebanfelixmoran/Desktop/Purdue/Medical_Imaging/3D-Medical-Segment-Anything/outputs/mixed_domain_anatomical_training/native_predictions/mouse_mixed/POLYIC_20190531_polyic_m__E5_P1_11_prediction.nii.gz,/Users/estebanfelixmoran/Desktop/Purdue/Medical_Imaging/3D-Medical-Segment-Anything/outputs/query_conditioned_3d_grouping/native_predictions/deterministic_component_filter/Mouse_POLYIC_20190531_polyic_m__E5_P1_11_prediction.nii.gz
Mouse,POLYIC_20190629_polyic_mo__E3_P1_3,0.9677646303565737,0.9677646303565737,0.0,0.9375425981514498,0.9375425981514498,0.9804262219151096,0.9804262219151096,0.9554259022950863,0.9554259022950863,0.20000000298023224,0.20000000298023224,7331,7331,0,/Users/estebanfelixmoran/Desktop/Purdue/Medical_Imaging/Datasets/Image_Database/src_adult/POLYIC_20190629_polyic_mo__E3_P1_3.nii.gz,/Users/estebanfelixmoran/Desktop/Purdue/Medical_Imaging/Datasets/Mask_Database/label_adult/POLYIC_20190629_polyic_mo__E3_P1_3.nii.gz,/Users/estebanfelixmoran/Desktop/Purdue/Medical_Imaging/3D-Medical-Segment-Anything/outputs/mixed_domain_anatomical_training/native_predictions/mouse_mixed/POLYIC_20190629_polyic_mo__E3_P1_3_prediction.nii.gz,/Users/estebanfelixmoran/Desktop/Purdue/Medical_Imaging/3D-Medical-Segment-Anything/outputs/query_conditioned_3d_grouping/native_predictions/deterministic_component_filter/Mouse_POLYIC_20190629_polyic_mo__E3_P1_3_prediction.nii.gz
Mouse,POLYIC_20190614_polyic___E3_P1_6,0.9679186469306662,0.9679186469306662,0.0,0.9378317358945404,0.9378317358945404,0.9856289677045182,0.9856289677045182,0.9508335492829892,0.9508335492829892,0.20000000298023224,0.20000000298023224,7297,7297,0,/Users/estebanfelixmoran/Desktop/Purdue/Medical_Imaging/Datasets/Image_Database/src_adult/POLYIC_20190614_polyic___E3_P1_6.nii.gz,/Users/estebanfelixmoran/Desktop/Purdue/Medical_Imaging/Datasets/Mask_Database/label_adult/POLYIC_20190614_polyic___E3_P1_6.nii.gz,/Users/estebanfelixmoran/Desktop/Purdue/Medical_Imaging/3D-Medical-Segment-Anything/outputs/mixed_domain_anatomical_training/native_predictions/mouse_mixed/POLYIC_20190614_polyic___E3_P1_6_prediction.nii.gz,/Users/estebanfelixmoran/Desktop/Purdue/Medical_Imaging/3D-Medical-Segment-Anything/outputs/query_conditioned_3d_grouping/native_predictions/deterministic_component_filter/Mouse_POLYIC_20190614_polyic___E3_P1_6_prediction.nii.gz
Mouse,POLYIC_20190628_mouse34__E6_P1,0.9680083685828895,0.9680083685828895,0.0,0.9380002115486725,0.9380002115486725,0.9828673815279093,0.9828673815279093,0.9535919424398871,0.9535919424398871,0.20000000298023224,0.20000000298023224,7034,7034,0,/Users/estebanfelixmoran/Desktop/Purdue/Medical_Imaging/Datasets/Image_Database/src_adult/POLYIC_20190628_mouse34__E6_P1.nii.gz,/Users/estebanfelixmoran/Desktop/Purdue/Medical_Imaging/Datasets/Mask_Database/label_adult/POLYIC_20190628_mouse34__E6_P1.nii.gz,/Users/estebanfelixmoran/Desktop/Purdue/Medical_Imaging/3D-Medical-Segment-Anything/outputs/mixed_domain_anatomical_training/native_predictions/mouse_mixed/POLYIC_20190628_mouse34__E6_P1_prediction.nii.gz,/Users/estebanfelixmoran/Desktop/Purdue/Medical_Imaging/3D-Medical-Segment-Anything/outputs/query_conditioned_3d_grouping/native_predictions/deterministic_component_filter/Mouse_POLYIC_20190628_mouse34__E6_P1_prediction.nii.gz
Mouse,POLYIC_20190517_mouse38__E3_P1,0.9680198154851133,0.9680198154851133,0.0,0.938021708181235,0.938021708181235,0.9870178806948603,0.9870178806948603,0.9497392865819142,0.9497392865819142,0.20000000298023224,0.20000000298023224,7269,7269,0,/Users/estebanfelixmoran/Desktop/Purdue/Medical_Imaging/Datasets/Image_Database/src_adult/POLYIC_20190517_mouse38__E3_P1.nii.gz,/Users/estebanfelixmoran/Desktop/Purdue/Medical_Imaging/Datasets/Mask_Database/label_adult/POLYIC_20190517_mouse38__E3_P1.nii.gz,/Users/estebanfelixmoran/Desktop/Purdue/Medical_Imaging/3D-Medical-Segment-Anything/outputs/mixed_domain_anatomical_training/native_predictions/mouse_mixed/POLYIC_20190517_mouse38__E3_P1_prediction.nii.gz,/Users/estebanfelixmoran/Desktop/Purdue/Medical_Imaging/3D-Medical-Segment-Anything/outputs/query_conditioned_3d_grouping/native_predictions/deterministic_component_filter/Mouse_POLYIC_20190517_mouse38__E3_P1_prediction.nii.gz
Mouse,POLYIC_20190531_polyic_m__E3_P1_2,0.9680483778520454,0.9680483778520454,0.0,0.938075348764675,0.938075348764675,0.9883820202972811,0.9883820202972811,0.9485345046077764,0.9485345046077764,0.20000000298023224,0.20000000298023224,7413,7413,0,/Users/estebanfelixmoran/Desktop/Purdue/Medical_Imaging/Datasets/Image_Database/src_adult/POLYIC_20190531_polyic_m__E3_P1_2.nii.gz,/Users/estebanfelixmoran/Desktop/Purdue/Medical_Imaging/Datasets/Mask_Database/label_adult/POLYIC_20190531_polyic_m__E3_P1_2.nii.gz,/Users/estebanfelixmoran/Desktop/Purdue/Medical_Imaging/3D-Medical-Segment-Anything/outputs/mixed_domain_anatomical_training/native_predictions/mouse_mixed/POLYIC_20190531_polyic_m__E3_P1_2_prediction.nii.gz,/Users/estebanfelixmoran/Desktop/Purdue/Medical_Imaging/3D-Medical-Segment-Anything/outputs/query_conditioned_3d_grouping/native_predictions/deterministic_component_filter/Mouse_POLYIC_20190531_polyic_m__E3_P1_2_prediction.nii.gz
Mouse,POLYIC_20190618_mouse33__E3_P1,0.9680695075651374,0.9680695075651374,0.0,0.9381150326159801,0.9381150326159801,0.9835208556956659,0.9835208556956659,0.9530961390211165,0.9530961390211165,0.20000000298023224,0.20000000298023224,7012,7012,0,/Users/estebanfelixmoran/Desktop/Purdue/Medical_Imaging/Datasets/Image_Database/src_adult/POLYIC_20190618_mouse33__E3_P1.nii.gz,/Users/estebanfelixmoran/Desktop/Purdue/Medical_Imaging/Datasets/Mask_Database/label_adult/POLYIC_20190618_mouse33__E3_P1.nii.gz,/Users/estebanfelixmoran/Desktop/Purdue/Medical_Imaging/3D-Medical-Segment-Anything/outputs/mixed_domain_anatomical_training/native_predictions/mouse_mixed/POLYIC_20190618_mouse33__E3_P1_prediction.nii.gz,/Users/estebanfelixmoran/Desktop/Purdue/Medical_Imaging/3D-Medical-Segment-Anything/outputs/query_conditioned_3d_grouping/native_predictions/deterministic_component_filter/Mouse_POLYIC_20190618_mouse33__E3_P1_prediction.nii.gz
Mouse,POLYIC_20190629_polyic_mo__E4_P1_2,0.9681749332632545,0.9681749332632545,0.0,0.9383130575881335,0.9383130575881335,0.9870827929845162,0.9870827929845162,0.9499778299681426,0.9499778299681426,0.20000000298023224,0.20000000298023224,7606,7606,0,/Users/estebanfelixmoran/Desktop/Purdue/Medical_Imaging/Datasets/Image_Database/src_adult/POLYIC_20190629_polyic_mo__E4_P1_2.nii.gz,/Users/estebanfelixmoran/Desktop/Purdue/Medical_Imaging/Datasets/Mask_Database/label_adult/POLYIC_20190629_polyic_mo__E4_P1_2.nii.gz,/Users/estebanfelixmoran/Desktop/Purdue/Medical_Imaging/3D-Medical-Segment-Anything/outputs/mixed_domain_anatomical_training/native_predictions/mouse_mixed/POLYIC_20190629_polyic_mo__E4_P1_2_prediction.nii.gz,/Users/estebanfelixmoran/Desktop/Purdue/Medical_Imaging/3D-Medical-Segment-Anything/outputs/query_conditioned_3d_grouping/native_predictions/deterministic_component_filter/Mouse_POLYIC_20190629_polyic_mo__E4_P1_2_prediction.nii.gz
Mouse,POLYIC_20190614_polyic___E3_P1_3,0.9683176325869868,0.9683176325869868,0.0,0.9385811594489798,0.9385811594489798,0.9812239043024306,0.9812239043024306,0.9557464716143891,0.9557464716143891,0.22360680108197992,0.22360680108197992,7520,7520,0,/Users/estebanfelixmoran/Desktop/Purdue/Medical_Imaging/Datasets/Image_Database/src_adult/POLYIC_20190614_polyic___E3_P1_3.nii.gz,/Users/estebanfelixmoran/Desktop/Purdue/Medical_Imaging/Datasets/Mask_Database/label_adult/POLYIC_20190614_polyic___E3_P1_3.nii.gz,/Users/estebanfelixmoran/Desktop/Purdue/Medical_Imaging/3D-Medical-Segment-Anything/outputs/mixed_domain_anatomical_training/native_predictions/mouse_mixed/POLYIC_20190614_polyic___E3_P1_3_prediction.nii.gz,/Users/estebanfelixmoran/Desktop/Purdue/Medical_Imaging/3D-Medical-Segment-Anything/outputs/query_conditioned_3d_grouping/native_predictions/deterministic_component_filter/Mouse_POLYIC_20190614_polyic___E3_P1_3_prediction.nii.gz
Mouse,POLYIC_20190612_polyic___E3_P1,0.9684469107113616,0.9685276337391958,8.072302783423968e-05,0.9388241097526919,0.938975842128362,0.9854309128903006,0.9855980856984796,0.9520384313563923,0.9520384313563923,0.20000000298023224,0.20000000298023224,7193,7174,19,/Users/estebanfelixmoran/Desktop/Purdue/Medical_Imaging/Datasets/Image_Database/src_adult/POLYIC_20190612_polyic___E3_P1.nii.gz,/Users/estebanfelixmoran/Desktop/Purdue/Medical_Imaging/Datasets/Mask_Database/label_adult/POLYIC_20190612_polyic___E3_P1.nii.gz,/Users/estebanfelixmoran/Desktop/Purdue/Medical_Imaging/3D-Medical-Segment-Anything/outputs/mixed_domain_anatomical_training/native_predictions/mouse_mixed/POLYIC_20190612_polyic___E3_P1_prediction.nii.gz,/Users/estebanfelixmoran/Desktop/Purdue/Medical_Imaging/3D-Medical-Segment-Anything/outputs/query_conditioned_3d_grouping/native_predictions/deterministic_component_filter/Mouse_POLYIC_20190612_polyic___E3_P1_prediction.nii.gz
Mouse,POLYIC_20190531_polyic_m__E3_P1_9,0.968603041689151,0.9686530078853826,4.9966196231543414e-05,0.939117605386465,0.9392115508107729,0.981778730525482,0.9818814055652687,0.9557763111050598,0.9557763111050598,0.20000000298023224,0.20000000298023224,7304,7292,12,/Users/estebanfelixmoran/Desktop/Purdue/Medical_Imaging/Datasets/Image_Database/src_adult/POLYIC_20190531_polyic_m__E3_P1_9.nii.gz,/Users/estebanfelixmoran/Desktop/Purdue/Medical_Imaging/Datasets/Mask_Database/label_adult/POLYIC_20190531_polyic_m__E3_P1_9.nii.gz,/Users/estebanfelixmoran/Desktop/Purdue/Medical_Imaging/3D-Medical-Segment-Anything/outputs/mixed_domain_anatomical_training/native_predictions/mouse_mixed/POLYIC_20190531_polyic_m__E3_P1_9_prediction.nii.gz,/Users/estebanfelixmoran/Desktop/Purdue/Medical_Imaging/3D-Medical-Segment-Anything/outputs/query_conditioned_3d_grouping/native_predictions/deterministic_component_filter/Mouse_POLYIC_20190531_polyic_m__E3_P1_9_prediction.nii.gz
Mouse,POLYIC_20190510_mouse38__E2_P1,0.9688711662409024,0.9688711662409024,0.0,0.9396218343651932,0.9396218343651932,0.9853219569540977,0.9853219569540977,0.9529606747463677,0.9529606747463677,0.20000000298023224,0.20000000298023224,7057,7057,0,/Users/estebanfelixmoran/Desktop/Purdue/Medical_Imaging/Datasets/Image_Database/src_adult/POLYIC_20190510_mouse38__E2_P1.nii.gz,/Users/estebanfelixmoran/Desktop/Purdue/Medical_Imaging/Datasets/Mask_Database/label_adult/POLYIC_20190510_mouse38__E2_P1.nii.gz,/Users/estebanfelixmoran/Desktop/Purdue/Medical_Imaging/3D-Medical-Segment-Anything/outputs/mixed_domain_anatomical_training/native_predictions/mouse_mixed/POLYIC_20190510_mouse38__E2_P1_prediction.nii.gz,/Users/estebanfelixmoran/Desktop/Purdue/Medical_Imaging/3D-Medical-Segment-Anything/outputs/query_conditioned_3d_grouping/native_predictions/deterministic_component_filter/Mouse_POLYIC_20190510_mouse38__E2_P1_prediction.nii.gz
Mouse,POLYIC_20190628_mouse35__E3_P1,0.9688689769984209,0.9688818448665942,1.2867868173338515e-05,0.9396177162634067,0.9396419217775414,0.9826240784491317,0.9826505504783984,0.9554936563000014,0.9554936563000014,0.20000000298023224,0.20000000298023224,7032,7029,3,/Users/estebanfelixmoran/Desktop/Purdue/Medical_Imaging/Datasets/Image_Database/src_adult/POLYIC_20190628_mouse35__E3_P1.nii.gz,/Users/estebanfelixmoran/Desktop/Purdue/Medical_Imaging/Datasets/Mask_Database/label_adult/POLYIC_20190628_mouse35__E3_P1.nii.gz,/Users/estebanfelixmoran/Desktop/Purdue/Medical_Imaging/3D-Medical-Segment-Anything/outputs/mixed_domain_anatomical_training/native_predictions/mouse_mixed/POLYIC_20190628_mouse35__E3_P1_prediction.nii.gz,/Users/estebanfelixmoran/Desktop/Purdue/Medical_Imaging/3D-Medical-Segment-Anything/outputs/query_conditioned_3d_grouping/native_predictions/deterministic_component_filter/Mouse_POLYIC_20190628_mouse35__E3_P1_prediction.nii.gz
Mouse,POLYIC_20190524_polyic___E3_P1_5,0.9671331482037812,0.968907720678818,0.001774572475036873,0.9363580083190627,0.9396905981290603,0.9750782832957194,0.9786927222493559,0.9593164437715817,0.9593164437715817,0.20000000298023224,0.20000000298023224,7196,6795,401,/Users/estebanfelixmoran/Desktop/Purdue/Medical_Imaging/Datasets/Image_Database/src_adult/POLYIC_20190524_polyic___E3_P1_5.nii.gz,/Users/estebanfelixmoran/Desktop/Purdue/Medical_Imaging/Datasets/Mask_Database/label_adult/POLYIC_20190524_polyic___E3_P1_5.nii.gz,/Users/estebanfelixmoran/Desktop/Purdue/Medical_Imaging/3D-Medical-Segment-Anything/outputs/mixed_domain_anatomical_training/native_predictions/mouse_mixed/POLYIC_20190524_polyic___E3_P1_5_prediction.nii.gz,/Users/estebanfelixmoran/Desktop/Purdue/Medical_Imaging/3D-Medical-Segment-Anything/outputs/query_conditioned_3d_grouping/native_predictions/deterministic_component_filter/Mouse_POLYIC_20190524_polyic___E3_P1_5_prediction.nii.gz
Mouse,POLYIC_20190612_polyic___E3_P1_4,0.9689437608179485,0.9689437608179485,0.0,0.9397583992017342,0.9397583992017342,0.9852748267911986,0.9852748267911986,0.9531452470573334,0.9531452470573334,0.20000000298023224,0.20000000298023224,6837,6837,0,/Users/estebanfelixmoran/Desktop/Purdue/Medical_Imaging/Datasets/Image_Database/src_adult/POLYIC_20190612_polyic___E3_P1_4.nii.gz,/Users/estebanfelixmoran/Desktop/Purdue/Medical_Imaging/Datasets/Mask_Database/label_adult/POLYIC_20190612_polyic___E3_P1_4.nii.gz,/Users/estebanfelixmoran/Desktop/Purdue/Medical_Imaging/3D-Medical-Segment-Anything/outputs/mixed_domain_anatomical_training/native_predictions/mouse_mixed/POLYIC_20190612_polyic___E3_P1_4_prediction.nii.gz,/Users/estebanfelixmoran/Desktop/Purdue/Medical_Imaging/3D-Medical-Segment-Anything/outputs/query_conditioned_3d_grouping/native_predictions/deterministic_component_filter/Mouse_POLYIC_20190612_polyic___E3_P1_4_prediction.nii.gz
Mouse,POLYIC_20190618_mouse36__E3_P1,0.9690023099782641,0.9690023099782641,0.0,0.9398685558262317,0.9398685558262317,0.9859161234881172,0.9859161234881172,0.9526590360548627,0.9526590360548627,0.20000000298023224,0.20000000298023224,7045,7045,0,/Users/estebanfelixmoran/Desktop/Purdue/Medical_Imaging/Datasets/Image_Database/src_adult/POLYIC_20190618_mouse36__E3_P1.nii.gz,/Users/estebanfelixmoran/Desktop/Purdue/Medical_Imaging/Datasets/Mask_Database/label_adult/POLYIC_20190618_mouse36__E3_P1.nii.gz,/Users/estebanfelixmoran/Desktop/Purdue/Medical_Imaging/3D-Medical-Segment-Anything/outputs/mixed_domain_anatomical_training/native_predictions/mouse_mixed/POLYIC_20190618_mouse36__E3_P1_prediction.nii.gz,/Users/estebanfelixmoran/Desktop/Purdue/Medical_Imaging/3D-Medical-Segment-Anything/outputs/query_conditioned_3d_grouping/native_predictions/deterministic_component_filter/Mouse_POLYIC_20190618_mouse36__E3_P1_prediction.nii.gz
Mouse,POLYIC_20190614_polyic___E3_P1,0.9690279731704089,0.9690279731704089,0.0,0.9399168434792351,0.9399168434792351,0.9852567954169388,0.9852567954169388,0.9533251188822564,0.9533251188822564,0.20000000298023224,0.20000000298023224,7023,7023,0,/Users/estebanfelixmoran/Desktop/Purdue/Medical_Imaging/Datasets/Image_Database/src_adult/POLYIC_20190614_polyic___E3_P1.nii.gz,/Users/estebanfelixmoran/Desktop/Purdue/Medical_Imaging/Datasets/Mask_Database/label_adult/POLYIC_20190614_polyic___E3_P1.nii.gz,/Users/estebanfelixmoran/Desktop/Purdue/Medical_Imaging/3D-Medical-Segment-Anything/outputs/mixed_domain_anatomical_training/native_predictions/mouse_mixed/POLYIC_20190614_polyic___E3_P1_prediction.nii.gz,/Users/estebanfelixmoran/Desktop/Purdue/Medical_Imaging/3D-Medical-Segment-Anything/outputs/query_conditioned_3d_grouping/native_predictions/deterministic_component_filter/Mouse_POLYIC_20190614_polyic___E3_P1_prediction.nii.gz
Mouse,POLYIC_20190612_polyic___E3_P1_3,0.9693234102629863,0.9693234102629863,0.0,0.9404729086871428,0.9404729086871428,0.982306063309713,0.982306063309713,0.956679451463918,0.956679451463918,0.20000000298023224,0.20000000298023224,6694,6694,0,/Users/estebanfelixmoran/Desktop/Purdue/Medical_Imaging/Datasets/Image_Database/src_adult/POLYIC_20190612_polyic___E3_P1_3.nii.gz,/Users/estebanfelixmoran/Desktop/Purdue/Medical_Imaging/Datasets/Mask_Database/label_adult/POLYIC_20190612_polyic___E3_P1_3.nii.gz,/Users/estebanfelixmoran/Desktop/Purdue/Medical_Imaging/3D-Medical-Segment-Anything/outputs/mixed_domain_anatomical_training/native_predictions/mouse_mixed/POLYIC_20190612_polyic___E3_P1_3_prediction.nii.gz,/Users/estebanfelixmoran/Desktop/Purdue/Medical_Imaging/3D-Medical-Segment-Anything/outputs/query_conditioned_3d_grouping/native_predictions/deterministic_component_filter/Mouse_POLYIC_20190612_polyic___E3_P1_3_prediction.nii.gz
Mouse,POLYIC_20190517_mouse43__E3_P1,0.9694270715822298,0.9694270715822298,0.0,0.9406680933033134,0.9406680933033134,0.9863633213208377,0.9863633213208377,0.9530626083064984,0.9530626083064984,0.20000000298023224,0.20000000298023224,7181,7181,0,/Users/estebanfelixmoran/Desktop/Purdue/Medical_Imaging/Datasets/Image_Database/src_adult/POLYIC_20190517_mouse43__E3_P1.nii.gz,/Users/estebanfelixmoran/Desktop/Purdue/Medical_Imaging/Datasets/Mask_Database/label_adult/POLYIC_20190517_mouse43__E3_P1.nii.gz,/Users/estebanfelixmoran/Desktop/Purdue/Medical_Imaging/3D-Medical-Segment-Anything/outputs/mixed_domain_anatomical_training/native_predictions/mouse_mixed/POLYIC_20190517_mouse43__E3_P1_prediction.nii.gz,/Users/estebanfelixmoran/Desktop/Purdue/Medical_Imaging/3D-Medical-Segment-Anything/outputs/query_conditioned_3d_grouping/native_predictions/deterministic_component_filter/Mouse_POLYIC_20190517_mouse43__E3_P1_prediction.nii.gz
Mouse,POLYIC_20190614_polyic___E4_P1_5,0.9694760620229631,0.9694760620229631,0.0,0.9407603514079304,0.9407603514079304,0.9838682394850774,0.9838682394850774,0.9554988760197562,0.9554988760197562,0.20000000298023224,0.20000000298023224,6959,6959,0,/Users/estebanfelixmoran/Desktop/Purdue/Medical_Imaging/Datasets/Image_Database/src_adult/POLYIC_20190614_polyic___E4_P1_5.nii.gz,/Users/estebanfelixmoran/Desktop/Purdue/Medical_Imaging/Datasets/Mask_Database/label_adult/POLYIC_20190614_polyic___E4_P1_5.nii.gz,/Users/estebanfelixmoran/Desktop/Purdue/Medical_Imaging/3D-Medical-Segment-Anything/outputs/mixed_domain_anatomical_training/native_predictions/mouse_mixed/POLYIC_20190614_polyic___E4_P1_5_prediction.nii.gz,/Users/estebanfelixmoran/Desktop/Purdue/Medical_Imaging/3D-Medical-Segment-Anything/outputs/query_conditioned_3d_grouping/native_predictions/deterministic_component_filter/Mouse_POLYIC_20190614_polyic___E4_P1_5_prediction.nii.gz
Mouse,POLYIC_20190628_mouse36__E3_P1,0.9696098950126256,0.9696098950126256,0.0,0.9410124285180673,0.9410124285180673,0.9863875533384188,0.9863875533384188,0.9533934399998825,0.9533934399998825,0.20000000298023224,0.20000000298023224,7086,7086,0,/Users/estebanfelixmoran/Desktop/Purdue/Medical_Imaging/Datasets/Image_Database/src_adult/POLYIC_20190628_mouse36__E3_P1.nii.gz,/Users/estebanfelixmoran/Desktop/Purdue/Medical_Imaging/Datasets/Mask_Database/label_adult/POLYIC_20190628_mouse36__E3_P1.nii.gz,/Users/estebanfelixmoran/Desktop/Purdue/Medical_Imaging/3D-Medical-Segment-Anything/outputs/mixed_domain_anatomical_training/native_predictions/mouse_mixed/POLYIC_20190628_mouse36__E3_P1_prediction.nii.gz,/Users/estebanfelixmoran/Desktop/Purdue/Medical_Imaging/3D-Medical-Segment-Anything/outputs/query_conditioned_3d_grouping/native_predictions/deterministic_component_filter/Mouse_POLYIC_20190628_mouse36__E3_P1_prediction.nii.gz
Mouse,POLYIC_20190618_mouse34__E3_P1,0.9696456823296642,0.9696456823296642,0.0,0.9410798457415833,0.9410798457415833,0.9832022906830817,0.9832022906830817,0.9564578324224055,0.9564578324224055,0.20000000298023224,0.20000000298023224,6600,6600,0,/Users/estebanfelixmoran/Desktop/Purdue/Medical_Imaging/Datasets/Image_Database/src_adult/POLYIC_20190618_mouse34__E3_P1.nii.gz,/Users/estebanfelixmoran/Desktop/Purdue/Medical_Imaging/Datasets/Mask_Database/label_adult/POLYIC_20190618_mouse34__E3_P1.nii.gz,/Users/estebanfelixmoran/Desktop/Purdue/Medical_Imaging/3D-Medical-Segment-Anything/outputs/mixed_domain_anatomical_training/native_predictions/mouse_mixed/POLYIC_20190618_mouse34__E3_P1_prediction.nii.gz,/Users/estebanfelixmoran/Desktop/Purdue/Medical_Imaging/3D-Medical-Segment-Anything/outputs/query_conditioned_3d_grouping/native_predictions/deterministic_component_filter/Mouse_POLYIC_20190618_mouse34__E3_P1_prediction.nii.gz
Mouse,POLYIC_20190612_polyic___E10_P1_1,0.9696746905255144,0.9696746905255144,0.0,0.9411344956892316,0.9411344956892316,0.9878625444449382,0.9878625444449382,0.9521444538229515,0.9521444538229515,0.20000000298023224,0.20000000298023224,6847,6847,0,/Users/estebanfelixmoran/Desktop/Purdue/Medical_Imaging/Datasets/Image_Database/src_adult/POLYIC_20190612_polyic___E10_P1_1.nii.gz,/Users/estebanfelixmoran/Desktop/Purdue/Medical_Imaging/Datasets/Mask_Database/label_adult/POLYIC_20190612_polyic___E10_P1_1.nii.gz,/Users/estebanfelixmoran/Desktop/Purdue/Medical_Imaging/3D-Medical-Segment-Anything/outputs/mixed_domain_anatomical_training/native_predictions/mouse_mixed/POLYIC_20190612_polyic___E10_P1_1_prediction.nii.gz,/Users/estebanfelixmoran/Desktop/Purdue/Medical_Imaging/3D-Medical-Segment-Anything/outputs/query_conditioned_3d_grouping/native_predictions/deterministic_component_filter/Mouse_POLYIC_20190612_polyic___E10_P1_1_prediction.nii.gz
Mouse,POLYIC_20190619_mouse42__E3_P1,0.9701884447413944,0.9701884447413944,0.0,0.942102892310521,0.942102892310521,0.9780987761100092,0.9780987761100092,0.9624050358183281,0.9624050358183281,0.20000000298023224,0.20000000298023224,6812,6812,0,/Users/estebanfelixmoran/Desktop/Purdue/Medical_Imaging/Datasets/Image_Database/src_adult/POLYIC_20190619_mouse42__E3_P1.nii.gz,/Users/estebanfelixmoran/Desktop/Purdue/Medical_Imaging/Datasets/Mask_Database/label_adult/POLYIC_20190619_mouse42__E3_P1.nii.gz,/Users/estebanfelixmoran/Desktop/Purdue/Medical_Imaging/3D-Medical-Segment-Anything/outputs/mixed_domain_anatomical_training/native_predictions/mouse_mixed/POLYIC_20190619_mouse42__E3_P1_prediction.nii.gz,/Users/estebanfelixmoran/Desktop/Purdue/Medical_Imaging/3D-Medical-Segment-Anything/outputs/query_conditioned_3d_grouping/native_predictions/deterministic_component_filter/Mouse_POLYIC_20190619_mouse42__E3_P1_prediction.nii.gz
Mouse,POLYIC_20190614_polyic___E3_P1_4,0.9706977920120219,0.9706977920120219,0.0,0.943063936403951,0.943063936403951,0.984133629529722,0.984133629529722,0.9576238776224124,0.9576238776224124,0.20000000298023224,0.20000000298023224,6954,6954,0,/Users/estebanfelixmoran/Desktop/Purdue/Medical_Imaging/Datasets/Image_Database/src_adult/POLYIC_20190614_polyic___E3_P1_4.nii.gz,/Users/estebanfelixmoran/Desktop/Purdue/Medical_Imaging/Datasets/Mask_Database/label_adult/POLYIC_20190614_polyic___E3_P1_4.nii.gz,/Users/estebanfelixmoran/Desktop/Purdue/Medical_Imaging/3D-Medical-Segment-Anything/outputs/mixed_domain_anatomical_training/native_predictions/mouse_mixed/POLYIC_20190614_polyic___E3_P1_4_prediction.nii.gz,/Users/estebanfelixmoran/Desktop/Purdue/Medical_Imaging/3D-Medical-Segment-Anything/outputs/query_conditioned_3d_grouping/native_predictions/deterministic_component_filter/Mouse_POLYIC_20190614_polyic___E3_P1_4_prediction.nii.gz
Mouse,POLYIC_20190619_mouse43__E3_P1,0.9711031231047229,0.9711031231047229,0.0,0.943829401093563,0.943829401093563,0.9778634370665324,0.9778634370665324,0.9644356402289104,0.9644356402289104,0.20000000298023224,0.20000000298023224,6809,6809,0,/Users/estebanfelixmoran/Desktop/Purdue/Medical_Imaging/Datasets/Image_Database/src_adult/POLYIC_20190619_mouse43__E3_P1.nii.gz,/Users/estebanfelixmoran/Desktop/Purdue/Medical_Imaging/Datasets/Mask_Database/label_adult/POLYIC_20190619_mouse43__E3_P1.nii.gz,/Users/estebanfelixmoran/Desktop/Purdue/Medical_Imaging/3D-Medical-Segment-Anything/outputs/mixed_domain_anatomical_training/native_predictions/mouse_mixed/POLYIC_20190619_mouse43__E3_P1_prediction.nii.gz,/Users/estebanfelixmoran/Desktop/Purdue/Medical_Imaging/3D-Medical-Segment-Anything/outputs/query_conditioned_3d_grouping/native_predictions/deterministic_component_filter/Mouse_POLYIC_20190619_mouse43__E3_P1_prediction.nii.gz
Mouse,POLYIC_20190517_mouse39__E12_P1,0.9710611477275705,0.9713672664167666,0.00030611868919616647,0.9437501029180869,0.9443285583902824,0.971601099881956,0.9722142118039655,0.9705217953808045,0.9705217953808045,0.2109375,0.2109375,17080,16894,186,/Users/estebanfelixmoran/Desktop/Purdue/Medical_Imaging/Datasets/Image_Database/src_adult/POLYIC_20190517_mouse39__E12_P1.nii.gz,/Users/estebanfelixmoran/Desktop/Purdue/Medical_Imaging/Datasets/Mask_Database/label_adult/POLYIC_20190517_mouse39__E12_P1.nii.gz,/Users/estebanfelixmoran/Desktop/Purdue/Medical_Imaging/3D-Medical-Segment-Anything/outputs/mixed_domain_anatomical_training/native_predictions/mouse_mixed/POLYIC_20190517_mouse39__E12_P1_prediction.nii.gz,/Users/estebanfelixmoran/Desktop/Purdue/Medical_Imaging/3D-Medical-Segment-Anything/outputs/query_conditioned_3d_grouping/native_predictions/deterministic_component_filter/Mouse_POLYIC_20190517_mouse39__E12_P1_prediction.nii.gz
CAMRI,064,0.9778291597425771,0.9782303329632139,0.00040117322063681904,0.9566200885726385,0.957388308268137,0.9973627599395521,0.9981978390017066,0.9590460028592699,0.9590460028592699,0.20000000298023224,0.20000000298023224,11353,11143,210,/Users/estebanfelixmoran/Desktop/Purdue/Medical_Imaging/Datasets/Image_Database/CAMRI Rat Brain MRI Data/sub-064/ses-1/anat/sub-064_ses-1_acq-RARE_T2w.nii.gz,/Users/estebanfelixmoran/Desktop/Purdue/Medical_Imaging/Datasets/Mask_Database/RodentBrainMask/CAMRI Rat/CAMRI_Rat-sub-064_ses-1_acq-RARE_T2w_077.nii.gz,/Users/estebanfelixmoran/Desktop/Purdue/Medical_Imaging/3D-Medical-Segment-Anything/outputs/mixed_domain_anatomical_training/native_predictions/camri_mixed/064_prediction.nii.gz,/Users/estebanfelixmoran/Desktop/Purdue/Medical_Imaging/3D-Medical-Segment-Anything/outputs/query_conditioned_3d_grouping/native_predictions/deterministic_component_filter/CAMRI_064_prediction.nii.gz
CAMRI,078,0.9790817984159507,0.9791858031060042,0.00010400469005356072,0.9590208078352093,0.9592204008194598,0.9968743771020822,0.9970900391106765,0.9619132192696147,0.9619132192696147,0.20000000298023224,0.20000000298023224,10044,9993,51,/Users/estebanfelixmoran/Desktop/Purdue/Medical_Imaging/Datasets/Image_Database/CAMRI Rat Brain MRI Data/sub-078/ses-1/anat/sub-078_ses-1_acq-RARE_T2w.nii.gz,/Users/estebanfelixmoran/Desktop/Purdue/Medical_Imaging/Datasets/Mask_Database/RodentBrainMask/CAMRI Rat/CAMRI_Rat-sub-078_ses-1_acq-RARE_T2w_069.nii.gz,/Users/estebanfelixmoran/Desktop/Purdue/Medical_Imaging/3D-Medical-Segment-Anything/outputs/mixed_domain_anatomical_training/native_predictions/camri_mixed/078_prediction.nii.gz,/Users/estebanfelixmoran/Desktop/Purdue/Medical_Imaging/3D-Medical-Segment-Anything/outputs/query_conditioned_3d_grouping/native_predictions/deterministic_component_filter/CAMRI_078_prediction.nii.gz
CAMRI,007,0.9823766067424188,0.9823766067424188,0.0,0.9653636239619755,0.9653636239619755,0.9941825744220034,0.9941825744220034,0.9708477413709007,0.9708477413709007,0.10000000149011612,0.10000000149011612,5077,5077,0,/Users/estebanfelixmoran/Desktop/Purdue/Medical_Imaging/Datasets/Image_Database/CAMRI Rat Brain MRI Data/sub-007/ses-1/anat/sub-007_ses-1_acq-RARE_T2w.nii.gz,/Users/estebanfelixmoran/Desktop/Purdue/Medical_Imaging/Datasets/Mask_Database/RodentBrainMask/CAMRI Rat/CAMRI_Rat-sub-007_ses-1_acq-RARE_T2w_123.nii.gz,/Users/estebanfelixmoran/Desktop/Purdue/Medical_Imaging/3D-Medical-Segment-Anything/outputs/mixed_domain_anatomical_training/native_predictions/camri_mixed/007_prediction.nii.gz,/Users/estebanfelixmoran/Desktop/Purdue/Medical_Imaging/3D-Medical-Segment-Anything/outputs/query_conditioned_3d_grouping/native_predictions/deterministic_component_filter/CAMRI_007_prediction.nii.gz
CAMRI,043,0.9837230017288134,0.9838353535974965,0.00011235186868308045,0.9679673980651615,0.9681849856534079,0.994872150232534,0.9951020030962809,0.972820972273415,0.972820972273415,0.10000000149011612,0.10000000149011612,4276,4246,30,/Users/estebanfelixmoran/Desktop/Purdue/Medical_Imaging/Datasets/Image_Database/CAMRI Rat Brain MRI Data/sub-043/ses-1/anat/sub-043_ses-1_acq-RARE_T2w.nii.gz,/Users/estebanfelixmoran/Desktop/Purdue/Medical_Imaging/Datasets/Mask_Database/RodentBrainMask/CAMRI Rat/CAMRI_Rat-sub-043_ses-1_acq-RARE_T2w_019.nii.gz,/Users/estebanfelixmoran/Desktop/Purdue/Medical_Imaging/3D-Medical-Segment-Anything/outputs/mixed_domain_anatomical_training/native_predictions/camri_mixed/043_prediction.nii.gz,/Users/estebanfelixmoran/Desktop/Purdue/Medical_Imaging/3D-Medical-Segment-Anything/outputs/query_conditioned_3d_grouping/native_predictions/deterministic_component_filter/CAMRI_043_prediction.nii.gz
CAMRI,009,0.9856807901644495,0.9856807901644495,0.0,0.971765870751227,0.971765870751227,0.9927868342222474,0.9927868342222474,0.9786757486516111,0.9786757486516111,0.10000000149011612,0.10000000149011612,3707,3707,0,/Users/estebanfelixmoran/Desktop/Purdue/Medical_Imaging/Datasets/Image_Database/CAMRI Rat Brain MRI Data/sub-009/ses-1/anat/sub-009_ses-1_acq-RARE_T2w.nii.gz,/Users/estebanfelixmoran/Desktop/Purdue/Medical_Imaging/Datasets/Mask_Database/RodentBrainMask/CAMRI Rat/CAMRI_Rat-sub-009_ses-1_acq-RARE_T2w_060.nii.gz,/Users/estebanfelixmoran/Desktop/Purdue/Medical_Imaging/3D-Medical-Segment-Anything/outputs/mixed_domain_anatomical_training/native_predictions/camri_mixed/009_prediction.nii.gz,/Users/estebanfelixmoran/Desktop/Purdue/Medical_Imaging/3D-Medical-Segment-Anything/outputs/query_conditioned_3d_grouping/native_predictions/deterministic_component_filter/CAMRI_009_prediction.nii.gz
CAMRI,099,0.9864156726259434,0.9864444971156343,2.8824489690881805e-05,0.9731954668067629,0.9732515824829417,0.9926292334538295,0.9926876127249465,0.9802794179343542,0.9802794179343542,0.10000000149011612,0.10000000149011612,4184,4175,9,/Users/estebanfelixmoran/Desktop/Purdue/Medical_Imaging/Datasets/Image_Database/CAMRI Rat Brain MRI Data/sub-099/ses-1/anat/sub-099_ses-1_acq-RARE_T2w.nii.gz,/Users/estebanfelixmoran/Desktop/Purdue/Medical_Imaging/Datasets/Mask_Database/RodentBrainMask/CAMRI Rat/CAMRI_Rat-sub-099_ses-1_acq-RARE_T2w_014.nii.gz,/Users/estebanfelixmoran/Desktop/Purdue/Medical_Imaging/3D-Medical-Segment-Anything/outputs/mixed_domain_anatomical_training/native_predictions/camri_mixed/099_prediction.nii.gz,/Users/estebanfelixmoran/Desktop/Purdue/Medical_Imaging/3D-Medical-Segment-Anything/outputs/query_conditioned_3d_grouping/native_predictions/deterministic_component_filter/CAMRI_099_prediction.nii.gz
