domain,subject,error_type,error_voxels,voxel_spacing_x_mm,voxel_spacing_y_mm,voxel_spacing_z_mm,orientation_codes,<=1 voxel_count,<=1 voxel_percent,>1 to 2 voxels_count,>1 to 2 voxels_percent,>2 to 3 voxels_count,>2 to 3 voxels_percent,>3 to 5 voxels_count,>3 to 5 voxels_percent,>5 voxels_count,>5 voxels_percent,distance_voxels_mean,distance_voxels_median,distance_voxels_p95,distance_voxels_maximum,distance_mm_mean,distance_mm_median,distance_mm_p95,distance_mm_maximum,le1_voxel_distance_mm_mean,le1_voxel_distance_mm_median,le1_voxel_distance_mm_p95,le1_voxel_distance_mm_maximum,gt1_to_2_voxels_distance_mm_mean,gt1_to_2_voxels_distance_mm_median,gt1_to_2_voxels_distance_mm_p95,gt1_to_2_voxels_distance_mm_maximum,gt2_to_3_voxels_distance_mm_mean,gt2_to_3_voxels_distance_mm_median,gt2_to_3_voxels_distance_mm_p95,gt2_to_3_voxels_distance_mm_maximum,gt3_to_5_voxels_distance_mm_mean,gt3_to_5_voxels_distance_mm_median,gt3_to_5_voxels_distance_mm_p95,gt3_to_5_voxels_distance_mm_maximum,gt5_voxels_distance_mm_mean,gt5_voxels_distance_mm_median,gt5_voxels_distance_mm_p95,gt5_voxels_distance_mm_maximum
CAMRI,064,FP,2342,0.200000003,0.200000003,0.200000003,RPI,2208,94.27839453,123,5.251921435,11,0.4696840307,0,0,0,0,1.032154648,1,1.414213562,2.449489743,0.2064309326,0.200000003,0.2828427167,0.4898979559,0.200000003,0.200000003,0.200000003,0.200000003,0.2992994711,0.2828427167,0.3464101667,0.400000006,0.4588547895,0.4472136022,0.4898979559,0.4898979559,,,,,,,,
CAMRI,064,FN,4240,0.200000003,0.200000003,0.200000003,RPI,4197,98.98584906,20,0.4716981132,20,0.4716981132,3,0.07075471698,0,0,0.05028827763,0,0,3.741657387,0.01005765568,0,0,0.7483314885,0.00571837035,0,0,0.200000003,0.3040935631,0.2828427167,0.400000006,0.400000006,0.5214308147,0.5277916946,0.6000000089,0.6000000089,0.7113240517,0.6928203334,0.742780373,0.7483314885,,,,
CAMRI,064,All,6582,0.200000003,0.200000003,0.200000003,RPI,6405,97.31084777,143,2.172591917,31,0.4709814646,3,0.04557885141,0,0,0.3996548894,0,1,3.741657387,0.07993097908,0,0.200000003,0.7483314885,0.07269320951,0,0.200000003,0.200000003,0.2999699735,0.2828427167,0.3464101667,0.400000006,0.4992264187,0.4898979559,0.6000000089,0.6000000089,0.7113240517,0.6928203334,0.742780373,0.7483314885,,,,
CAMRI,007,FP,1472,0.1000000015,0.1000000015,1,RIA,1122,76.22282609,227,15.42119565,80,5.434782609,42,2.85326087,1,0.06793478261,1.261345543,1,2.828427125,5.099019514,0.1609822901,0.1000000015,0.400000006,0.7000000104,0.1204418824,0.1000000015,0.2236068011,0.5000000075,0.2336302572,0.200000003,0.4123105687,0.5000000075,0.3599606955,0.3162277707,0.5385164887,0.6082762621,0.4640312594,0.4123105687,0.6708204032,0.7000000104,0.509901959,0.509901959,0.509901959,0.509901959
CAMRI,007,FN,2041,0.1000000015,0.1000000015,1,RIA,2035,99.70602646,5,0.244977952,1,0.0489955904,0,0,0,0,0.02676382804,0,0,2.236067977,0.002978238381,0,0,0.2828427167,0.00236221467,0,0,0.200000003,0.1977269933,0.200000003,0.2236068011,0.2236068011,0.2828427167,0.2828427167,0.2828427167,0.2828427167,,,,,,,,
CAMRI,007,All,3513,0.1000000015,0.1000000015,1,RIA,3157,89.86621122,232,6.604042129,81,2.305721605,42,1.195559351,1,0.02846569883,0.5440721925,0,2,5.099019514,0.06918431982,0,0.3000000045,0.7000000104,0.04432781088,0,0.1414213583,0.5000000075,0.23285648,0.200000003,0.4123105687,0.5000000075,0.3590086217,0.3162277707,0.5385164887,0.6082762621,0.4640312594,0.4123105687,0.6708204032,0.7000000104,0.509901959,0.509901959,0.509901959,0.509901959
CAMRI,043,FP,1064,0.1000000015,0.1000000015,1,RIA,996,93.60902256,64,6.015037594,4,0.3759398496,0,0,0,0,1.03505009,1,1.414213562,2.236067977,0.1128969206,0.1000000015,0.200000003,0.4123105687,0.1060811275,0.1000000015,0.1414213583,0.3162277707,0.2111227724,0.200000003,0.3605551329,0.4123105687,0.23841578,0.2236068011,0.2739573293,0.2828427167,,,,,,,,
CAMRI,043,FN,1749,0.1000000015,0.1000000015,1,RIA,1734,99.14236707,12,0.6861063465,3,0.1715265866,0,0,0,0,0.03151152051,0,0,2.449489743,0.00375825157,0,0,0.3605551329,0.001811661709,0,0,0.200000003,0.2060112477,0.200000003,0.2828427167,0.2828427167,0.3198752068,0.3162277707,0.3561223967,0.3605551329,,,,,,,,
CAMRI,043,All,2813,0.1000000015,0.1000000015,1,RIA,2730,97.04941344,76,2.701741913,7,0.2488446498,0,0,0,0,0.4110938303,0,1,2.449489743,0.04503928388,0,0.1414213583,0.4123105687,0.03985282945,0,0.1000000015,0.3162277707,0.2103156895,0.200000003,0.3605551329,0.4123105687,0.2733269629,0.2828427167,0.3472569243,0.3605551329,,,,,,,,
CAMRI,078,FP,2742,0.200000003,0.200000003,0.200000003,RPI,2607,95.07658643,123,4.485776805,9,0.3282275711,3,0.1094091904,0,0,1.028118338,1,1,3.31662479,0.2056236706,0.200000003,0.200000003,0.663324968,0.200000003,0.200000003,0.200000003,0.200000003,0.2923376037,0.2828427167,0.3464101667,0.400000006,0.5038150857,0.4898979559,0.6000000089,0.6000000089,0.6427453503,0.6324555415,0.6602380253,0.663324968,,,,
CAMRI,078,FN,2023,0.200000003,0.200000003,0.200000003,RPI,2022,99.95056846,1,0.04943153732,0,0,0,0,0,0,0.002182013625,0,0,1.414213562,0.0004364027314,0,0,0.2828427167,0.0002967359095,0,0,0.200000003,0.2828427167,0.2828427167,0.2828427167,0.2828427167,,,,,,,,,,,,
CAMRI,078,All,4765,0.200000003,0.200000003,0.200000003,RPI,4629,97.14585519,124,2.602308499,9,0.1888772298,3,0.0629590766,0,0,0.5925529267,1,1,3.31662479,0.1185105871,0.200000003,0.200000003,0.663324968,0.112767338,0.200000003,0.200000003,0.200000003,0.2922610321,0.2828427167,0.3464101667,0.400000006,0.5038150857,0.4898979559,0.6000000089,0.6000000089,0.6427453503,0.6324555415,0.6602380253,0.663324968,,,,
CAMRI,009,FP,1971,0.1000000015,0.1000000015,1,RIA,1630,82.69913749,199,10.09639777,100,5.073566717,42,2.130898021,0,0,1.191936553,1,2.449489743,4.898979486,0.1386932092,0.1000000015,0.3605551329,0.8485281501,0.1118849384,0.1000000015,0.200000003,0.7615773219,0.205257294,0.200000003,0.3206605069,0.8485281501,0.3225497987,0.2828427167,0.5000000075,0.5656854334,0.4259686732,0.424264075,0.5624011621,0.6403124333,,,,
CAMRI,009,FN,976,0.1000000015,0.1000000015,1,RIA,953,97.64344262,23,2.356557377,0,0,0,0,0,0,0.06129961796,0,0,2,0.009210340529,0,0,0.5000000075,0.001573976938,0,0,0.1000000015,0.3256214058,0.3000000045,0.5000000075,0.5000000075,,,,,,,,,,,,
CAMRI,009,All,2947,0.1000000015,0.1000000015,1,RIA,2583,87.64845606,222,7.533084493,100,3.393281303,42,1.425178147,0,0,0.817487402,1,2,4.898979486,0.09581052178,0.1000000015,0.2828427167,0.8485281501,0.07118561738,0.1000000015,0.1414213583,0.7615773219,0.2177274498,0.200000003,0.400000006,0.8485281501,0.3225497987,0.2828427167,0.5000000075,0.5656854334,0.4259686732,0.424264075,0.5624011621,0.6403124333,,,,
CAMRI,099,FP,2031,0.1000000015,0.1000000015,1,RIA,1774,87.34613491,179,8.813392418,64,3.151157065,14,0.6893156081,0,0,1.126013954,1,2,4.242640687,0.1543762815,0.1000000015,0.4472136022,0.9055385273,0.1412215996,0.1000000015,0.4123105687,0.9055385273,0.1957832426,0.200000003,0.3000000045,0.4472136022,0.3357729566,0.3000000045,0.5084166662,0.6082762621,0.462602886,0.4736068048,0.5385164887,0.5385164887,,,,
CAMRI,099,FN,1279,0.1000000015,0.1000000015,1,RIA,1279,100,0,0,0,0,0,0,0,0,0.004691164973,0,0,1,0.0004691165043,0,0,0.1000000015,0.0004691165043,0,0,0.1000000015,,,,,,,,,,,,,,,,
CAMRI,099,All,3310,0.1000000015,0.1000000015,1,RIA,3053,92.23564955,179,5.407854985,64,1.933534743,14,0.4229607251,0,0,0.6927294079,1,1.414213562,4.242640687,0.09490580898,0.1000000015,0.3089252759,0.9055385273,0.0822558525,0.1000000015,0.2828427167,0.9055385273,0.1957832426,0.200000003,0.3000000045,0.4472136022,0.3357729566,0.3000000045,0.5084166662,0.6082762621,0.462602886,0.4736068048,0.5385164887,0.5385164887,,,,
Mouse,POLYIC_20190510_mouse34__E2_P1,FP,3213,0.1000000015,0.1000000015,0.3999999166,LPS,2924,91.00529101,267,8.309990663,21,0.6535947712,1,0.03112356054,0,0,1.055870529,1,1.414213562,3.605551275,0.1690074077,0.1000000015,0.3999999166,0.400000006,0.1669925578,0.1000000015,0.3999999166,0.3999999166,0.18370888,0.200000003,0.2828427167,0.400000006,0.253511227,0.2236068011,0.3000000045,0.3605551329,0.3605551329,0.3605551329,0.3605551329,0.3605551329,,,,
Mouse,POLYIC_20190510_mouse34__E2_P1,FN,2077,0.1000000015,0.1000000015,0.3999999166,LPS,2077,100,0,0,0,0,0,0,0,0,0,0,0,0,0,0,0,0,0,0,0,0,,,,,,,,,,,,,,,,
Mouse,POLYIC_20190510_mouse34__E2_P1,All,5290,0.1000000015,0.1000000015,0.3999999166,LPS,5001,94.536862,267,5.047258979,21,0.3969754253,1,0.01890359168,0,0,0.6413066181,1,1.414213562,3.605551275,0.1026504349,0.1000000015,0.3999999166,0.400000006,0.09763772025,0.1000000015,0.3999999166,0.3999999166,0.18370888,0.200000003,0.2828427167,0.400000006,0.253511227,0.2236068011,0.3000000045,0.3605551329,0.3605551329,0.3605551329,0.3605551329,0.3605551329,,,,
Mouse,POLYIC_20190510_mouse35__E3_P1,FP,2594,0.1000000015,0.1000000015,0.4000000656,LPS,2375,91.55744025,201,7.748650732,15,0.5782575173,3,0.1156515035,0,0,1.057721404,1,1.414213562,3.16227766,0.1401142275,0.1000000015,0.3605551329,0.5000000075,0.1337304969,0.1000000015,0.3605551329,0.4000000656,0.2019684173,0.200000003,0.3162277707,0.5000000075,0.2700482741,0.2828427167,0.318166543,0.3605551329,0.400000006,0.400000006,0.400000006,0.400000006,,,,
Mouse,POLYIC_20190510_mouse35__E3_P1,FN,2225,0.1000000015,0.1000000015,0.4000000656,LPS,2225,100,0,0,0,0,0,0,0,0,0.001797752809,0,0,1,0.0001797752836,0,0,0.1000000015,0.0001797752836,0,0,0.1000000015,,,,,,,,,,,,,,,,
Mouse,POLYIC_20190510_mouse35__E3_P1,All,4819,0.1000000015,0.1000000015,0.4000000656,LPS,4600,95.45548869,201,4.170989832,15,0.3112678979,3,0.06225357958,0,0,0.5701866198,1,1,3.16227766,0.07550452504,0.1000000015,0.2236068011,0.5000000075,0.06913259351,0.1000000015,0.2236068011,0.4000000656,0.2019684173,0.200000003,0.3162277707,0.5000000075,0.2700482741,0.2828427167,0.318166543,0.3605551329,0.400000006,0.400000006,0.400000006,0.400000006,,,,
Mouse,POLYIC_20190510_mouse37__E2_P1,FP,1836,0.1000000015,0.1000000015,0.3999997675,LPS,1774,96.62309368,61,3.322440087,1,0.05446623094,0,0,0,0,1.018145137,1,1,2.236067977,0.1183941231,0.1000000015,0.2236068011,0.3999997675,0.1151525739,0.1000000015,0.200000003,0.3999997675,0.2109399513,0.200000003,0.3000000045,0.3605551329,0.2236068011,0.2236068011,0.2236068011,0.2236068011,,,,,,,,
Mouse,POLYIC_20190510_mouse37__E2_P1,FN,2741,0.1000000015,0.1000000015,0.3999997675,LPS,2741,100,0,0,0,0,0,0,0,0,0.001094491062,0,0,1,0.0001094491078,0,0,0.1000000015,0.0001094491078,0,0,0.1000000015,,,,,,,,,,,,,,,,
Mouse,POLYIC_20190510_mouse37__E2_P1,All,4577,0.1000000015,0.1000000015,0.3999997675,LPS,4515,98.64540092,61,1.33275071,1,0.0218483723,0,0,0,0,0.4090702363,0,1,2.236067977,0.04755770372,0,0.1414213583,0.3999997675,0.04531133247,0,0.1414213583,0.3999997675,0.2109399513,0.200000003,0.3000000045,0.3605551329,0.2236068011,0.2236068011,0.2236068011,0.2236068011,,,,,,,,
Mouse,POLYIC_20190510_mouse38__E2_P1,FP,2520,0.1000000015,0.1000000015,0.3999999762,LPS,2352,93.33333333,160,6.349206349,8,0.3174603175,0,0,0,0,1.037148443,1,1.414213562,3,0.125069768,0.1000000015,0.2236068011,0.4242640469,0.1189178006,0.1000000015,0.2236068011,0.3999999762,0.2055103263,0.200000003,0.3605551329,0.4242640469,0.3249369966,0.3383914518,0.3941961662,0.4123105687,,,,,,,,
Mouse,POLYIC_20190510_mouse38__E2_P1,FN,2095,0.1000000015,0.1000000015,0.3999999762,LPS,2095,100,0,0,0,0,0,0,0,0,0.001431980907,0,0,1,0.0001431980928,0,0,0.1000000015,0.0001431980928,0,0,0.1000000015,,,,,,,,,,,,,,,,
Mouse,POLYIC_20190510_mouse38__E2_P1,All,4615,0.1000000015,0.1000000015,0.3999999762,LPS,4447,96.35969664,160,3.46695558,8,0.173347779,0,0,0,0,0.5669802982,1,1,3,0.06835878988,0.1000000015,0.200000003,0.4242640469,0.0629625966,0.1000000015,0.200000003,0.3999999762,0.2055103263,0.200000003,0.3605551329,0.4242640469,0.3249369966,0.3383914518,0.3941961662,0.4123105687,,,,,,,,
Mouse,POLYIC_20190510_mouse39__E4_P1,FP,1904,0.1000000015,0.1000000015,0.3999998868,LPS,1808,94.95798319,95,4.989495798,1,0.0525210084,0,0,0,0,1.024330849,1,1.352081528,2.236067977,0.1252481744,0.1000000015,0.2236068011,0.3999998868,0.1219127071,0.1000000015,0.2236068011,0.3999998868,0.18769203,0.200000003,0.3000000045,0.3000000045,0.2236068011,0.2236068011,0.2236068011,0.2236068011,,,,,,,,
Mouse,POLYIC_20190510_mouse39__E4_P1,FN,2949,0.1000000015,0.1000000015,0.3999998868,LPS,2949,100,0,0,0,0,0,0,0,0,0.009155645982,0,0,1,0.0009833842127,0,0,0.200000003,0.0009833842127,0,0,0.200000003,,,,,,,,,,,,,,,,
Mouse,POLYIC_20190510_mouse39__E4_P1,All,4853,0.1000000015,0.1000000015,0.3999998868,LPS,4757,98.02184216,95,1.95755203,1,0.02060581084,0,0,0,0,0.407444042,0,1,2.236067977,0.04973676575,0,0.200000003,0.3999998868,0.04694517017,0,0.1414213583,0.3999998868,0.18769203,0.200000003,0.3000000045,0.3000000045,0.2236068011,0.2236068011,0.2236068011,0.2236068011,,,,,,,,
Mouse,POLYIC_20190510_mouse42__E2_P1,FP,1807,0.1000000015,0.1000000015,0.400000155,LPS,1748,96.73491976,58,3.2097399,1,0.05534034311,0,0,0,0,1.015831212,1,1,2.236067977,0.1308463394,0.1000000015,0.3605551329,0.4123107133,0.1285694778,0.1000000015,0.3605551329,0.400000155,0.1978669181,0.200000003,0.3090832737,0.4123107133,0.2236068011,0.2236068011,0.2236068011,0.2236068011,,,,,,,,
Mouse,POLYIC_20190510_mouse42__E2_P1,FN,2860,0.1000000015,0.1000000015,0.400000155,LPS,2858,99.93006993,2,0.06993006993,0,0,0,0,0,0,0.003990983763,0,0,2,0.0003990983823,0,0,0.200000003,0.0002799160294,0,0,0.1000000015,0.1707106807,0.1707106807,0.1970710707,0.200000003,,,,,,,,,,,,
Mouse,POLYIC_20190510_mouse42__E2_P1,All,4667,0.1000000015,0.1000000015,0.400000155,LPS,4606,98.6929505,60,1.285622456,1,0.02142704093,0,0,0,0,0.3957619914,0,1,2.236067977,0.05090652597,0,0.200000003,0.4123107133,0.04896644535,0,0.1853553418,0.400000155,0.1969617102,0.200000003,0.3030277609,0.4123107133,0.2236068011,0.2236068011,0.2236068011,0.2236068011,,,,,,,,
Mouse,POLYIC_20190510_mouse43__E2_P1_1,FP,1649,0.1000000015,0.1000000015,0.400000006,LPS,1343,81.44329897,267,16.19163129,39,2.365069739,0,0,0,0,1.111324276,1,1.732050808,3,0.1369213496,0.1000000015,0.2828427167,0.4472136022,0.1156086781,0.1000000015,0.200000003,0.400000006,0.2180410754,0.200000003,0.3605551329,0.424264075,0.3154841955,0.3162277707,0.4012310622,0.4472136022,,,,,,,,
Mouse,POLYIC_20190510_mouse43__E2_P1_1,FN,2715,0.1000000015,0.1000000015,0.400000006,LPS,2699,99.4106814,16,0.5893186004,0,0,0,0,0,0,0.05557060274,0,1,2,0.006217597031,0,0.1000000015,0.2828427167,0.00512017367,0,0,0.2828427167,0.1913392002,0.200000003,0.2828427167,0.2828427167,,,,,,,,,,,,
Mouse,POLYIC_20190510_mouse43__E2_P1_1,All,4364,0.1000000015,0.1000000015,0.400000006,LPS,4042,92.62144821,283,6.48487626,39,0.893675527,0,0,0,0,0.4545022725,0,1.414213562,3,0.05560588483,0,0.2236068011,0.4472136022,0.04183122302,0,0.1414213583,0.400000006,0.2165314287,0.200000003,0.3561223967,0.424264075,0.3154841955,0.3162277707,0.4012310622,0.4472136022,,,,,,,,
Mouse,POLYIC_20190510_mouse43__E9_P1,FP,7726,0.1000000015,0.1000000015,0.3999999464,LPS,4300,55.65622573,1584,20.50220036,882,11.41599793,808,10.45819311,152,1.967382863,1.721875959,1,4.242640687,7.280109889,0.3042276405,0.200000003,0.8246210218,1.421266911,0.1604523813,0.1000000015,0.3999999464,0.3999999464,0.3172249588,0.2828427167,0.5999999692,0.7999998927,0.506689918,0.4582575243,0.8602324287,1.044030575,0.7017925571,0.6708203677,1.077032889,1.334166265,0.9479229103,0.8944271777,1.303840427,1.421266911
Mouse,POLYIC_20190510_mouse43__E9_P1,FN,3464,0.1000000015,0.1000000015,0.3999999464,LPS,3418,98.67205543,41,1.183602771,4,0.1154734411,1,0.02886836028,0,0,0.0844506597,0,1,3.16227766,0.01023914158,0,0.1000000015,0.400000006,0.007582699507,0,0.1000000015,0.3162277707,0.1939199878,0.200000003,0.2828427167,0.3000000045,0.3000000045,0.3000000045,0.3000000045,0.3000000045,0.400000006,0.400000006,0.400000006,0.400000006,,,,
Mouse,POLYIC_20190510_mouse43__E9_P1,All,11190,0.1000000015,0.1000000015,0.3999999464,LPS,7718,68.97229669,1625,14.52189455,886,7.917783735,809,7.229669348,152,1.358355675,1.21499113,1,4,7.280109889,0.2132199407,0.1000000015,0.7549834232,1.421266911,0.09275238485,0.1000000015,0.3999999464,0.3999999464,0.3141138795,0.2828427167,0.5999999692,0.7999998927,0.5057567807,0.4582575243,0.8602324287,1.044030575,0.7014195132,0.6708203677,1.077032889,1.334166265,0.9479229103,0.8944271777,1.303840427,1.421266911
Mouse,POLYIC_20190517_mouse33__E2_P1,FP,3045,0.1000000015,0.1000000015,0.400000006,LPS,2790,91.62561576,236,7.750410509,17,0.5582922824,2,0.06568144499,0,0,1.058594376,1,1.414213562,3.31662479,0.1486209483,0.1000000015,0.400000006,0.5000000075,0.1425920702,0.1000000015,0.400000006,0.400000006,0.2063260956,0.200000003,0.400000006,0.5000000075,0.3074090164,0.3000000045,0.400000006,0.400000006,0.400000006,0.400000006,0.400000006,0.400000006,,,,
Mouse,POLYIC_20190517_mouse33__E2_P1,FN,1800,0.1000000015,0.1000000015,0.400000006,LPS,1800,100,0,0,0,0,0,0,0,0,0.0005555555556,0,0,1,5.555555638e-05,0,0,0.1000000015,5.555555638e-05,0,0,0.1000000015,,,,,,,,,,,,,,,,
Mouse,POLYIC_20190517_mouse33__E2_P1,All,4845,0.1000000015,0.1000000015,0.400000006,LPS,4590,94.73684211,236,4.871001032,17,0.350877193,2,0.04127966976,0,0,0.6655149381,1,1.414213562,3.31662479,0.09342637516,0.1000000015,0.3162277707,0.5000000075,0.08669539777,0.1000000015,0.3089252759,0.400000006,0.2063260956,0.200000003,0.400000006,0.5000000075,0.3074090164,0.3000000045,0.400000006,0.400000006,0.400000006,0.400000006,0.400000006,0.400000006,,,,
Mouse,POLYIC_20190517_mouse35__E2_P1,FP,2128,0.1000000015,0.1000000015,0.3999999762,LPS,2006,94.26691729,116,5.45112782,6,0.2819548872,0,0,0,0,1.032314594,1,1.414213562,2.449489743,0.1365081184,0.1000000015,0.3605551329,0.424264075,0.1326624528,0.1000000015,0.3605551329,0.3999999762,0.1957939543,0.200000003,0.3000000045,0.424264075,0.2760494809,0.2828427167,0.3411270289,0.3605551329,,,,,,,,
Mouse,POLYIC_20190517_mouse35__E2_P1,FN,2459,0.1000000015,0.1000000015,0.3999999762,LPS,2459,100,0,0,0,0,0,0,0,0,0.0004066693778,0,0,1,4.066693839e-05,0,0,0.1000000015,4.066693839e-05,0,0,0.1000000015,,,,,,,,,,,,,,,,
Mouse,POLYIC_20190517_mouse35__E2_P1,All,4587,0.1000000015,0.1000000015,0.3999999762,LPS,4465,97.34030957,116,2.528885982,6,0.1308044474,0,0,0,0,0.47912916,0,1,2.449489743,0.06335061608,0,0.2236068011,0.424264075,0.05962393737,0,0.2188854415,0.3999999762,0.1957939543,0.200000003,0.3000000045,0.424264075,0.2760494809,0.2828427167,0.3411270289,0.3605551329,,,,,,,,
Mouse,POLYIC_20190517_mouse36__E2_P1,FP,1879,0.1000000015,0.1000000015,0.3999999464,LPS,1733,92.22990953,127,6.758914316,16,0.8515167642,3,0.1596593933,0,0,1.05983695,1,1.414213562,3.31662479,0.1409251873,0.1000000015,0.3999999464,0.7549834232,0.1256275802,0.1000000015,0.2828427167,0.3999999464,0.3113557041,0.2236068011,0.628218668,0.7549834232,0.3786203791,0.3802775694,0.5024754836,0.5099019122,0.4952433502,0.4999999598,0.5346648358,0.5385164887,,,,
Mouse,POLYIC_20190517_mouse36__E2_P1,FN,2638,0.1000000015,0.1000000015,0.3999999464,LPS,2638,100,0,0,0,0,0,0,0,0,0.003411675512,0,0,1,0.0003411675563,0,0,0.1000000015,0.0003411675563,0,0,0.1000000015,,,,,,,,,,,,,,,,
Mouse,POLYIC_20190517_mouse36__E2_P1,All,4517,0.1000000015,0.1000000015,0.3999999464,LPS,4371,96.76776622,127,2.81160062,16,0.3542174009,3,0.06641576267,0,0,0.4428677505,0,1,3.31662479,0.0588218789,0,0.2236068011,0.7549834232,0.05001432085,0,0.200000003,0.3999999464,0.3113557041,0.2236068011,0.628218668,0.7549834232,0.3786203791,0.3802775694,0.5024754836,0.5099019122,0.4952433502,0.4999999598,0.5346648358,0.5385164887,,,,
Mouse,POLYIC_20190517_mouse37__E3_P1,FP,12036,0.0703125,0.0703125,0.3000001907,LPS,8864,73.64572948,1875,15.5782652,808,6.713193752,411,3.414755733,78,0.6480558325,1.322046101,1,3,7,0.1264772701,0.0703125,0.3000001907,0.6257593958,0.09757135627,0.0703125,0.2109375,0.3000001907,0.1579072025,0.140625,0.2899058643,0.4502196729,0.2324322386,0.2109375,0.3515625,0.471670589,0.3312497394,0.3144470593,0.4502196729,0.6257593958,0.4792695403,0.471670589,0.581950636,0.5966213466
Mouse,POLYIC_20190517_mouse37__E3_P1,FN,3724,0.0703125,0.0703125,0.3000001907,LPS,3703,99.43609023,16,0.4296455424,5,0.134264232,0,0,0,0,0.02628220169,0,0,2.828427125,0.002500354693,0,0,0.28125,0.001527695065,0,0,0.2535153241,0.153667472,0.140625,0.230139567,0.2535153241,0.2391173003,0.2535153241,0.28125,0.28125,,,,,,,,
Mouse,POLYIC_20190517_mouse37__E3_P1,All,15760,0.0703125,0.0703125,0.3000001907,LPS,12567,79.73984772,1891,11.99873096,813,5.158629442,411,2.60786802,78,0.4949238579,1.015864326,1,2.828427125,7,0.09718221723,0.0703125,0.2899058643,0.6257593958,0.0692710716,0.0703125,0.1988737822,0.3000001907,0.1578713296,0.140625,0.2899058643,0.4502196729,0.2324733521,0.2109375,0.3515625,0.471670589,0.3312497394,0.3144470593,0.4502196729,0.6257593958,0.4792695403,0.471670589,0.581950636,0.5966213466
Mouse,POLYIC_20190517_mouse38__E3_P1,FP,1968,0.1000000015,0.1000000015,0.4000001252,LPS,1882,95.6300813,86,4.369918699,0,0,0,0,0,0,1.021561861,1,1,2,0.1247553894,0.1000000015,0.2621101462,0.4123105687,0.1213074038,0.1000000015,0.2236068011,0.4000001252,0.200210145,0.200000003,0.3121708292,0.4123105687,,,,,,,,,,,,
Mouse,POLYIC_20190517_mouse38__E3_P1,FN,2312,0.1000000015,0.1000000015,0.4000001252,LPS,2309,99.87024221,3,0.1297577855,0,0,0,0,0,0,0.006055363322,0,0,2,0.0006055363412,0,0,0.200000003,0.0003464703386,0,0,0.1000000015,0.200000003,0.200000003,0.200000003,0.200000003,,,,,,,,,,,,
Mouse,POLYIC_20190517_mouse38__E3_P1,All,4280,0.1000000015,0.1000000015,0.4000001252,LPS,4191,97.92056075,89,2.079439252,0,0,0,0,0,0,0.472998538,0,1,2,0.05769126318,0,0.200000003,0.4123105687,0.05466488521,0,0.200000003,0.4000001252,0.2002030615,0.200000003,0.3097366642,0.4123105687,,,,,,,,,,,,
Mouse,POLYIC_20190517_mouse39__E12_P1,FP,11633,0.0703125,0.0703125,0.3000001907,LPS,9114,78.34608442,1751,15.05200722,626,5.381243016,142,1.220665349,0,0,1.199336225,1,2.236067977,4.582575695,0.1257716027,0.0703125,0.3000001907,0.6774049091,0.105854528,0.0703125,0.3000001907,0.3000001907,0.1647248279,0.140625,0.3081297813,0.6000003815,0.2594978858,0.2109375,0.4621648038,0.6774049091,0.3342537794,0.2899058643,0.5795982999,0.635999282,,,,
Mouse,POLYIC_20190517_mouse39__E12_P1,FN,2547,0.0703125,0.0703125,0.3000001907,LPS,2547,100,0,0,0,0,0,0,0,0,0.006674519042,0,0,1,0.0004693021201,0,0,0.0703125,0.0004693021201,0,0,0.0703125,,,,,,,,,,,,,,,,
Mouse,POLYIC_20190517_mouse39__E12_P1,All,14180,0.0703125,0.0703125,0.3000001907,LPS,11661,82.23554302,1751,12.348378,626,4.414668547,142,1.001410437,0,0,0.9851113048,1,2.236067977,4.582575695,0.103264906,0.0703125,0.3000001907,0.6774049091,0.08283624735,0.0703125,0.28125,0.3000001907,0.1647248279,0.140625,0.3081297813,0.6000003815,0.2594978858,0.2109375,0.4621648038,0.6774049091,0.3342537794,0.2899058643,0.5795982999,0.635999282,,,,
Mouse,POLYIC_20190517_mouse42__E4_P1,FP,2013,0.1000000015,0.1000000015,0.3999997973,LPS,1905,94.63487332,105,5.21609538,3,0.1490312966,0,0,0,0,1.037939227,1,1.414213562,2.236067977,0.1213308204,0.1000000015,0.2236068011,0.3999997973,0.1172964813,0.1000000015,0.2236068011,0.3999997973,0.1897472292,0.200000003,0.2236068011,0.3162277707,0.2885618126,0.2828427167,0.2982842757,0.3000000045,,,,,,,,
Mouse,POLYIC_20190517_mouse42__E4_P1,FN,2263,0.1000000015,0.1000000015,0.3999997973,LPS,2263,100,0,0,0,0,0,0,0,0,0.001325673884,0,0,1,0.0001325673904,0,0,0.1000000015,0.0001325673904,0,0,0.1000000015,,,,,,,,,,,,,,,,
Mouse,POLYIC_20190517_mouse42__E4_P1,All,4276,0.1000000015,0.1000000015,0.3999997973,LPS,4168,97.47427502,105,2.455565949,3,0.07015902713,0,0,0,0,0.4893292013,0,1,2.236067977,0.05718871408,0,0.200000003,0.3999997973,0.05368277277,0,0.1414213583,0.3999997973,0.1897472292,0.200000003,0.2236068011,0.3162277707,0.2885618126,0.2828427167,0.2982842757,0.3000000045,,,,,,,,
Mouse,POLYIC_20190517_mouse43__E3_P1,FP,1914,0.1000000015,0.1000000015,0.3999997377,LPS,1869,97.64890282,44,2.298850575,1,0.05224660397,0,0,0,0,1.010167954,1,1,2.236067977,0.1306958825,0.1000000015,0.3605551329,0.3999997377,0.129593846,0.1000000015,0.3605551329,0.3999997377,0.1753957764,0.1414213583,0.2828427167,0.3605551329,0.2236068011,0.2236068011,0.2236068011,0.2236068011,,,,,,,,
Mouse,POLYIC_20190517_mouse43__E3_P1,FN,2387,0.1000000015,0.1000000015,0.3999997377,LPS,2387,100,0,0,0,0,0,0,0,0,0.003770423125,0,0,1,0.0003770423181,0,0,0.1000000015,0.0003770423181,0,0,0.1000000015,,,,,,,,,,,,,,,,
Mouse,POLYIC_20190517_mouse43__E3_P1,All,4301,0.1000000015,0.1000000015,0.3999997377,LPS,4256,98.95373169,44,1.023017903,1,0.02325040688,0,0,0,0,0.4516301941,0,1,2.236067977,0.05837059267,0,0.200000003,0.3999997377,0.05712192155,0,0.200000003,0.3999997377,0.1753957764,0.1414213583,0.2828427167,0.3605551329,0.2236068011,0.2236068011,0.2236068011,0.2236068011,,,,,,,,
Mouse,POLYIC_20190524_polyic___E3_P1,FP,2521,0.1000000015,0.1000000015,0.3999996185,LPS,2235,88.65529552,233,9.242364141,46,1.824672749,7,0.2776675922,0,0,1.081111357,1,1.414213562,3.605551275,0.1309751318,0.1000000015,0.2828427167,0.5000000075,0.1185528765,0.1000000015,0.2236068011,0.3999996185,0.2043951865,0.200000003,0.3000000045,0.400000006,0.3130119548,0.3000000045,0.400000006,0.4123105687,0.457142864,0.5000000075,0.5000000075,0.5000000075,,,,
Mouse,POLYIC_20190524_polyic___E3_P1,FN,2094,0.1000000015,0.1000000015,0.3999996185,LPS,2094,100,0,0,0,0,0,0,0,0,0.0004775549188,0,0,1,4.775549259e-05,0,0,0.1000000015,4.775549259e-05,0,0,0.1000000015,,,,,,,,,,,,,,,,
Mouse,POLYIC_20190524_polyic___E3_P1,All,4615,0.1000000015,0.1000000015,0.3999996185,LPS,4329,93.8028169,233,5.048754063,46,0.9967497291,7,0.1516793066,0,0,0.5907869408,1,1.414213562,3.605551275,0.07156843063,0.1000000015,0.2236068011,0.5000000075,0.06123023306,0.1000000015,0.1414213583,0.3999996185,0.2043951865,0.200000003,0.3000000045,0.400000006,0.3130119548,0.3000000045,0.400000006,0.4123105687,0.457142864,0.5000000075,0.5000000075,0.5000000075,,,,
Mouse,POLYIC_20190524_polyic___E3_P1_1,FP,1945,0.1000000015,0.1000000015,0.4000000954,LPS,1881,96.70951157,61,3.136246787,3,0.1542416452,0,0,0,0,1.016480117,1,1,2.236067977,0.1153958471,0.1000000015,0.200000003,0.4123105687,0.111964839,0.1000000015,0.200000003,0.4000000954,0.2149017089,0.200000003,0.400000006,0.4123105687,0.2433521063,0.2236068011,0.2769191251,0.2828427167,,,,,,,,
Mouse,POLYIC_20190524_polyic___E3_P1_1,FN,2448,0.1000000015,0.1000000015,0.4000000954,LPS,2442,99.75490196,6,0.2450980392,0,0,0,0,0,0,0.01323076187,0,0,2,0.001367862822,0,0,0.2828427167,0.0009418509559,0,0,0.1000000015,0.1747546922,0.1414213583,0.2621320383,0.2828427167,,,,,,,,,,,,
Mouse,POLYIC_20190524_polyic___E3_P1_1,All,4393,0.1000000015,0.1000000015,0.4000000954,LPS,4323,98.40655588,67,1.525153654,3,0.0682904621,0,0,0,0,0.4574192426,0,1,2.236067977,0.05185373341,0,0.1414213583,0.4123105687,0.0492495633,0,0.1000000015,0.4000000954,0.2113064537,0.200000003,0.400000006,0.4123105687,0.2433521063,0.2236068011,0.2769191251,0.2828427167,,,,,,,,
Mouse,POLYIC_20190524_polyic___E3_P1_10,FP,2693,0.1000000015,0.1000000015,0.4000000954,LPS,2403,89.23134051,238,8.837727442,49,1.81953212,3,0.1113999257,0,0,1.078912289,1,1.414213562,3.464101615,0.1349588918,0.1000000015,0.306491111,0.5099020291,0.1225740566,0.1000000015,0.2828427167,0.4000000954,0.2112272441,0.200000003,0.3605551329,0.4242641593,0.3526587089,0.3605551329,0.4898980289,0.4898980289,0.4488255576,0.424264075,0.5013382337,0.5099020291,,,,
Mouse,POLYIC_20190524_polyic___E3_P1_10,FN,1938,0.1000000015,0.1000000015,0.4000000954,LPS,1937,99.94840041,1,0.0515995872,0,0,0,0,0,0,0.006921678825,0,0,1.414213562,0.0006921678928,0,0,0.1414213583,0.0006195147227,0,0,0.1000000015,0.1414213583,0.1414213583,0.1414213583,0.1414213583,,,,,,,,,,,,
Mouse,POLYIC_20190524_polyic___E3_P1_10,All,4631,0.1000000015,0.1000000015,0.4000000954,LPS,4340,93.71625999,239,5.160872382,49,1.058086806,3,0.06478082488,0,0,0.6303012325,1,1.414213562,3.464101615,0.0787703988,0.1000000015,0.2236068011,0.5099020291,0.06814411475,0.1000000015,0.200000003,0.4000000954,0.2109351692,0.200000003,0.3605551329,0.4242641593,0.3526587089,0.3605551329,0.4898980289,0.4898980289,0.4488255576,0.424264075,0.5013382337,0.5099020291,,,,
Mouse,POLYIC_20190524_polyic___E3_P1_12,FP,2900,0.1000000015,0.1000000015,0.4000000954,LPS,2671,92.10344828,201,6.931034483,28,0.9655172414,0,0,0,0,1.058366855,1,1.414213562,3,0.1316751246,0.1000000015,0.2828427167,0.4123105687,0.1249498855,0.1000000015,0.2828427167,0.4000000954,0.1999786679,0.200000003,0.3162277707,0.4123105687,0.2828930262,0.2914213606,0.3861943004,0.400000006,,,,,,,,
Mouse,POLYIC_20190524_polyic___E3_P1_12,FN,2152,0.1000000015,0.1000000015,0.4000000954,LPS,2152,100,0,0,0,0,0,0,0,0,0.01022304833,0,0,1,0.001060800533,0,0,0.1414213583,0.001060800533,0,0,0.1414213583,,,,,,,,,,,,,,,,
Mouse,POLYIC_20190524_polyic___E3_P1_12,All,5052,0.1000000015,0.1000000015,0.4000000954,LPS,4823,95.46714173,201,3.978622328,28,0.5542359462,0,0,0,0,0.6118891291,1,1,3,0.07603735234,0.1000000015,0.2236068011,0.4123105687,0.06967115634,0.1000000015,0.200000003,0.4000000954,0.1999786679,0.200000003,0.3162277707,0.4123105687,0.2828930262,0.2914213606,0.3861943004,0.400000006,,,,,,,,
Mouse,POLYIC_20190524_polyic___E3_P1_13,FP,2296,0.1000000015,0.1000000015,0.4000000954,LPS,2194,95.55749129,100,4.355400697,2,0.08710801394,0,0,0,0,1.020203093,1,1,2.236067977,0.1280287882,0.1000000015,0.3162277707,0.4000000954,0.125586508,0.1000000015,0.3162277707,0.4000000954,0.1781729933,0.1414213583,0.2837005811,0.3162277707,0.3000000045,0.3000000045,0.3000000045,0.3000000045,,,,,,,,
Mouse,POLYIC_20190524_polyic___E3_P1_13,FN,2043,0.1000000015,0.1000000015,0.4000000954,LPS,2040,99.85315712,3,0.1468428781,0,0,0,0,0,0,0.00509751031,0,0,2,0.0005213060058,0,0,0.2236068011,0.0002450980429,0,0,0.1000000015,0.1883427208,0.200000003,0.2212461213,0.2236068011,,,,,,,,,,,,
Mouse,POLYIC_20190524_polyic___E3_P1_13,All,4339,0.1000000015,0.1000000015,0.4000000954,LPS,4234,97.58008758,103,2.373818852,2,0.04609356995,0,0,0,0,0.5422448757,1,1,2.236067977,0.06799242359,0.1000000015,0.200000003,0.4000000954,0.06519527597,0.1000000015,0.200000003,0.4000000954,0.178469199,0.1414213583,0.2828427167,0.3162277707,0.3000000045,0.3000000045,0.3000000045,0.3000000045,,,,,,,,
Mouse,POLYIC_20190524_polyic___E3_P1_3,FP,3230,0.1000000015,0.1000000015,0.3999996185,LPS,2807,86.90402477,391,12.10526316,32,0.9907120743,0,0,0,0,1.074589937,1,1.414213562,2.449489743,0.1273908436,0.1000000015,0.2236068011,0.4898976395,0.1133493672,0.1000000015,0.200000003,0.3999996185,0.2113374297,0.200000003,0.3162277707,0.4898976395,0.3333692552,0.3162277707,0.4123105687,0.4472136022,,,,,,,,
Mouse,POLYIC_20190524_polyic___E3_P1_3,FN,2047,0.1000000015,0.1000000015,0.3999996185,LPS,2043,99.80459209,4,0.195407914,0,0,0,0,0,0,0.01241534615,0,0,2,0.00130224009,0,0,0.2828427167,0.0009013320527,0,0,0.1414213583,0.2060660202,0.200000003,0.2704163096,0.2828427167,,,,,,,,,,,,
Mouse,POLYIC_20190524_polyic___E3_P1_3,All,5277,0.1000000015,0.1000000015,0.3999996185,LPS,4850,91.90828122,395,7.485313625,32,0.6064051544,0,0,0,0,0.6625620066,1,1.414213562,2.449489743,0.07847983897,0.1000000015,0.200000003,0.4898976395,0.06598208144,0.1000000015,0.1414213583,0.3999996185,0.2112840483,0.200000003,0.3162277707,0.4898976395,0.3333692552,0.3162277707,0.4123105687,0.4472136022,,,,,,,,
Mouse,POLYIC_20190524_polyic___E3_P1_4,FP,2437,0.1000000015,0.1000000015,0.4000000954,LPS,2350,96.43003693,84,3.446860895,3,0.1231021748,0,0,0,0,1.018044224,1,1,2.236067977,0.12003395,0.1000000015,0.2236068011,0.4123105687,0.1168435059,0.1000000015,0.2236068011,0.4000000954,0.2044887607,0.200000003,0.3162277707,0.4123105687,0.2544804576,0.2236068011,0.3069656738,0.3162277707,,,,,,,,
Mouse,POLYIC_20190524_polyic___E3_P1_4,FN,1934,0.1000000015,0.1000000015,0.4000000954,LPS,1933,99.94829369,1,0.05170630817,0,0,0,0,0,0,0.006721820062,0,0,2,0.0006721820162,0,0,0.200000003,0.0005690636401,0,0,0.1000000015,0.200000003,0.200000003,0.200000003,0.200000003,,,,,,,,,,,,
Mouse,POLYIC_20190524_polyic___E3_P1_4,All,4371,0.1000000015,0.1000000015,0.4000000954,LPS,4283,97.98673073,85,1.944635095,3,0.06863417982,0,0,0,0,0.5705728148,1,1,2.236067977,0.06722094172,0.1000000015,0.200000003,0.4123105687,0.06436662129,0.1000000015,0.200000003,0.4000000954,0.2044359518,0.200000003,0.3162277707,0.4123105687,0.2544804576,0.2236068011,0.3069656738,0.3162277707,,,,,,,,
Mouse,POLYIC_20190524_polyic___E3_P1_5,FP,2912,0.1000000015,0.1000000015,0.4000005722,LPS,2721,93.44093407,176,6.043956044,15,0.5151098901,0,0,0,0,1.038781562,1,1.414213562,2.828427125,0.1501760928,0.1000000015,0.4000005722,0.5000004604,0.143697696,0.1000000015,0.4000005722,0.4000005722,0.2401202689,0.200000003,0.4472141086,0.5000004604,0.2700122854,0.2828427167,0.3605551329,0.3605551329,,,,,,,,
Mouse,POLYIC_20190524_polyic___E3_P1_5,FN,1777,0.1000000015,0.1000000015,0.4000005722,LPS,1777,100,0,0,0,0,0,0,0,0,0.003376477209,0,0,1,0.0003376477259,0,0,0.1000000015,0.0003376477259,0,0,0.1000000015,,,,,,,,,,,,,,,,
Mouse,POLYIC_20190524_polyic___E3_P1_5,All,4689,0.1000000015,0.1000000015,0.4000005722,LPS,4498,95.92663681,176,3.753465558,15,0.3198976328,0,0,0,0,0.6463919615,1,1,2.828427125,0.09339150828,0.1000000015,0.4000005722,0.5000004604,0.08706123404,0.1000000015,0.4000005722,0.4000005722,0.2401202689,0.200000003,0.4472141086,0.5000004604,0.2700122854,0.2828427167,0.3605551329,0.3605551329,,,,,,,,
Mouse,POLYIC_20190524_polyic___E3_P1_6,FP,2312,0.1000000015,0.1000000015,0.3999996185,LPS,2150,92.99307958,134,5.795847751,27,1.167820069,1,0.04325259516,0,0,1.049714653,1,1.414213562,3.741657387,0.1399178935,0.1000000015,0.3000000045,0.5000000075,0.1323312977,0.1000000015,0.2828427167,0.3999996185,0.2189144371,0.200000003,0.3162277707,0.4123101928,0.3423461169,0.3162277707,0.4330495233,0.5000000075,0.400000006,0.400000006,0.400000006,0.400000006,,,,
Mouse,POLYIC_20190524_polyic___E3_P1_6,FN,3248,0.1000000015,0.1000000015,0.3999996185,LPS,3238,99.69211823,10,0.3078817734,0,0,0,0,0,0,0.03452651959,0,0,1.414213562,0.004602228921,0,0,0.4123101928,0.003719783737,0,0,0.3605551329,0.2903379794,0.3081138876,0.4123101928,0.4123101928,,,,,,,,,,,,
Mouse,POLYIC_20190524_polyic___E3_P1_6,All,5560,0.1000000015,0.1000000015,0.3999996185,LPS,5388,96.90647482,144,2.589928058,27,0.4856115108,1,0.01798561151,0,0,0.4566694989,0,1,3.741657387,0.06087018152,0,0.2236068011,0.5000000075,0.05504026535,0,0.200000003,0.3999996185,0.2238744053,0.200000003,0.3605551329,0.4123101928,0.3423461169,0.3162277707,0.4330495233,0.5000000075,0.400000006,0.400000006,0.400000006,0.400000006,,,,
Mouse,POLYIC_20190524_polyic___E3_P1_7,FP,2532,0.1000000015,0.1000000015,0.3999996185,LPS,2316,91.46919431,185,7.306477093,31,1.224328594,0,0,0,0,1.056017078,1,1.414213562,3,0.1339090866,0.1000000015,0.3162277707,0.5656854334,0.1223627497,0.1000000015,0.23841578,0.3999996185,0.2282621117,0.2236068011,0.3605551329,0.424264075,0.433457685,0.424264075,0.5656854334,0.5656854334,,,,,,,,
Mouse,POLYIC_20190524_polyic___E3_P1_7,FN,2071,0.1000000015,0.1000000015,0.3999996185,LPS,2071,100,0,0,0,0,0,0,0,0,0,0,0,0,0,0,0,0,0,0,0,0,,,,,,,,,,,,,,,,
Mouse,POLYIC_20190524_polyic___E3_P1_7,All,4603,0.1000000015,0.1000000015,0.3999996185,LPS,4387,95.30740821,185,4.019117967,31,0.6734738214,0,0,0,0,0.5808896894,1,1,3,0.07366017972,0.1000000015,0.2236068011,0.5656854334,0.0645981601,0.1000000015,0.200000003,0.3999996185,0.2282621117,0.2236068011,0.3605551329,0.424264075,0.433457685,0.424264075,0.5656854334,0.5656854334,,,,,,,,
Mouse,POLYIC_20190524_polyic___E3_P1_9,FP,2251,0.1000000015,0.1000000015,0.4000000954,LPS,2144,95.24655709,103,4.575744114,4,0.1776988005,0,0,0,0,1.023888065,1,1,2.828427125,0.1102484738,0.1000000015,0.200000003,0.3605551329,0.1070980075,0.1000000015,0.1414213583,0.3605551329,0.1708497416,0.1414213583,0.2212461213,0.3000000045,0.23841578,0.2236068011,0.2739573293,0.2828427167,,,,,,,,
Mouse,POLYIC_20190524_polyic___E3_P1_9,FN,1825,0.1000000015,0.1000000015,0.4000000954,LPS,1825,100,0,0,0,0,0,0,0,0,0.002191780822,0,0,1,0.0002191780855,0,0,0.1000000015,0.0002191780855,0,0,0.1000000015,,,,,,,,,,,,,,,,
Mouse,POLYIC_20190524_polyic___E3_P1_9,All,4076,0.1000000015,0.1000000015,0.4000000954,LPS,3969,97.37487733,103,2.526987242,4,0.09813542689,0,0,0,0,0.5664308229,1,1,2.828427125,0.0609836395,0.1000000015,0.1414213583,0.3605551329,0.05795367299,0.1000000015,0.1414213583,0.3605551329,0.1708497416,0.1414213583,0.2212461213,0.3000000045,0.23841578,0.2236068011,0.2739573293,0.2828427167,,,,,,,,
Mouse,POLYIC_20190524_polyic___E4_P1_1,FP,2127,0.1000000015,0.1000000015,0.3999996185,LPS,2003,94.17019276,104,4.88951575,20,0.9402914904,0,0,0,0,1.035547455,1,1.414213562,3,0.1352147193,0.1000000015,0.3999996185,0.424264075,0.1314162327,0.1000000015,0.3999996185,0.3999996185,0.1823968398,0.1414213583,0.3605551329,0.4123101928,0.2702861222,0.2236068011,0.412908244,0.424264075,,,,,,,,
Mouse,POLYIC_20190524_polyic___E4_P1_1,FN,2711,0.1000000015,0.1000000015,0.3999996185,LPS,2710,99.96311324,1,0.03688675765,0,0,0,0,0,0,0.01623017337,0,0,2,0.00169046211,0,0,0.200000003,0.001617285158,0,0,0.200000003,0.200000003,0.200000003,0.200000003,0.200000003,,,,,,,,,,,,
Mouse,POLYIC_20190524_polyic___E4_P1_1,All,4838,0.1000000015,0.1000000015,0.3999996185,LPS,4713,97.41628772,105,2.170318313,20,0.4133939644,0,0,0,0,0.4643673906,0,1,3,0.06039366489,0,0.2236068011,0.424264075,0.05678114936,0,0.200000003,0.3999996185,0.182564489,0.1414213583,0.3605551329,0.4123101928,0.2702861222,0.2236068011,0.412908244,0.424264075,,,,,,,,
Mouse,POLYIC_20190524_polyic___E4_P1_7,FP,2463,0.1000000015,0.1000000015,0.4000000954,LPS,2122,86.15509541,234,9.500609013,93,3.775883069,14,0.5684125051,0,0,1.122974294,1,2,4.123105626,0.1286769428,0.1000000015,0.2828427167,0.5656854334,0.1116748124,0.1000000015,0.200000003,0.3605551329,0.1894821783,0.200000003,0.2828427167,0.4123105687,0.3123964809,0.2828427167,0.4472136022,0.5000000075,0.4689754053,0.5000000075,0.5656854334,0.5656854334,,,,
Mouse,POLYIC_20190524_polyic___E4_P1_7,FN,2143,0.1000000015,0.1000000015,0.4000000954,LPS,2141,99.90667289,2,0.09332711153,0,0,0,0,0,0,0.01485227584,0,0,1.414213562,0.002135789884,0,0,0.3162277707,0.002005677256,0,0,0.3162277707,0.1414213583,0.1414213583,0.1414213583,0.1414213583,,,,,,,,,,,,
Mouse,POLYIC_20190524_polyic___E4_P1_7,All,4606,0.1000000015,0.1000000015,0.4000000954,LPS,4263,92.55319149,236,5.123751628,93,2.019105515,14,0.3039513678,0,0,0.6074064509,1,1.414213562,4.123105626,0.06980206422,0.1000000015,0.200000003,0.5656854334,0.05659584963,0.1000000015,0.1414213583,0.3605551329,0.1890748832,0.200000003,0.2828427167,0.4123105687,0.3123964809,0.2828427167,0.4472136022,0.5000000075,0.4689754053,0.5000000075,0.5656854334,0.5656854334,,,,
Mouse,POLYIC_20190524_polyic___E4_P1_9,FP,2146,0.1000000015,0.1000000015,0.4000000954,LPS,1994,92.91705499,143,6.663560112,9,0.4193849021,0,0,0,0,1.037022297,1,1.414213562,2.828427125,0.1216818099,0.1000000015,0.2236068011,0.4000000954,0.116290304,0.1000000015,0.2236068011,0.4000000954,0.186478282,0.200000003,0.2982842757,0.400000006,0.2866559663,0.2828427167,0.3842220567,0.400000006,,,,,,,,
Mouse,POLYIC_20190524_polyic___E4_P1_9,FN,3352,0.1000000015,0.1000000015,0.4000000954,LPS,3343,99.73150358,9,0.26849642,0,0,0,0,0,0,0.02361165405,0,0,2,0.002629342608,0,0,0.2828427167,0.002097982769,0,0,0.2828427167,0.200000003,0.200000003,0.200000003,0.200000003,,,,,,,,,,,,
Mouse,POLYIC_20190524_polyic___E4_P1_9,All,5498,0.1000000015,0.1000000015,0.4000000954,LPS,5337,97.07166242,152,2.764641688,9,0.1636958894,0,0,0,0,0.4191699005,0,1,2.828427125,0.04909834859,0,0.1414213583,0.4000000954,0.04476230513,0,0.1414213583,0.4000000954,0.1872789102,0.200000003,0.2905634962,0.400000006,0.2866559663,0.2828427167,0.3842220567,0.400000006,,,,,,,,
Mouse,POLYIC_20190524_polyic___E8_P1_1,FP,3411,0.1000000015,0.1000000015,0.4000000954,LPS,2957,86.6901202,352,10.31955438,98,2.873057754,4,0.1172676634,0,0,1.105705618,1,2,3.464101615,0.1426115033,0.1000000015,0.3162277707,0.424264075,0.1310322707,0.1000000015,0.3000000045,0.4000000954,0.1982014666,0.200000003,0.3000000045,0.4123106554,0.2832336224,0.2828427167,0.3664718639,0.424264075,0.3654005279,0.3605551329,0.4147077337,0.424264075,,,,
Mouse,POLYIC_20190524_polyic___E8_P1_1,FN,1968,0.1000000015,0.1000000015,0.4000000954,LPS,1967,99.94918699,1,0.05081300813,0,0,0,0,0,0,0.003048780488,0,0,2,0.0003048780533,0,0,0.200000003,0.0002033553665,0,0,0.1000000015,0.200000003,0.200000003,0.200000003,0.200000003,,,,,,,,,,,,
Mouse,POLYIC_20190524_polyic___E8_P1_1,All,5379,0.1000000015,0.1000000015,0.4000000954,LPS,4924,91.54117866,353,6.562558096,98,1.821899981,4,0.07436326455,0,0,0.7022795805,1,1.414213562,3.464101615,0.09054616805,0.1000000015,0.2828427167,0.424264075,0.07876978565,0.1000000015,0.2236068011,0.4000000954,0.1982065616,0.200000003,0.3000000045,0.4123106554,0.2832336224,0.2828427167,0.3664718639,0.424264075,0.3654005279,0.3605551329,0.4147077337,0.424264075,,,,
Mouse,POLYIC_20190524_polyic___E9_P1_1,FP,3453,0.1000000015,0.1000000015,0.4000005722,LPS,2924,84.67998842,265,7.674485954,66,1.911381407,104,3.011873733,94,2.722270489,1.32340006,1,4,7.071067812,0.2813560706,0.1000000015,1.204159476,1.982424618,0.176292631,0.1000000015,0.4000005722,0.4000005722,0.4004433853,0.412311118,0.7536533621,0.8000011444,0.8414270098,0.8306634894,1.024695976,1.077033819,1.324571995,1.322854761,1.549012066,1.612452838,1.666337145,1.664308544,1.892219088,1.982424618
Mouse,POLYIC_20190524_polyic___E9_P1_1,FN,3102,0.1000000015,0.1000000015,0.4000005722,LPS,3102,100,0,0,0,0,0,0,0,0,0.01482914249,0,0,1,0.001750713623,0,0,0.3000000045,0.001750713623,0,0,0.3000000045,,,,,,,,,,,,,,,,
Mouse,POLYIC_20190524_polyic___E9_P1_1,All,6555,0.1000000015,0.1000000015,0.4000005722,LPS,6026,91.92982456,265,4.042715484,66,1.006864989,104,1.586575133,94,1.434019832,0.7041495661,1,2,7.071067812,0.1490393937,0.1000000015,0.5385169093,1.982424618,0.08644380462,0,0.4000005722,0.4000005722,0.4004433853,0.412311118,0.7536533621,0.8000011444,0.8414270098,0.8306634894,1.024695976,1.077033819,1.324571995,1.322854761,1.549012066,1.612452838,1.666337145,1.664308544,1.892219088,1.982424618
Mouse,POLYIC_20190531_polyic_m__E3_P1,FP,1959,0.1000000015,0.1000000015,0.4000000954,LPS,1816,92.70035733,139,7.095456866,4,0.2041858091,0,0,0,0,1.045138191,1,1.414213562,2.236067977,0.1224085427,0.1000000015,0.2236068011,0.4000000954,0.1165635558,0.1000000015,0.2236068011,0.4000000954,0.1944482475,0.200000003,0.2828427167,0.3605551329,0.2726528629,0.2532247589,0.3488982705,0.3605551329,,,,,,,,
Mouse,POLYIC_20190531_polyic_m__E3_P1,FN,2719,0.1000000015,0.1000000015,0.4000000954,LPS,2719,100,0,0,0,0,0,0,0,0,0.03751379184,0,0,1,0.003818625549,0,0,0.200000003,0.003818625549,0,0,0.200000003,,,,,,,,,,,,,,,,
Mouse,POLYIC_20190531_polyic_m__E3_P1,All,4678,0.1000000015,0.1000000015,0.4000000954,LPS,4535,96.94313809,139,2.97135528,4,0.08550662676,0,0,0,0,0.459475356,0,1,2.236067977,0.05348037153,0,0.200000003,0.4000000954,0.04896631977,0,0.1414213583,0.4000000954,0.1944482475,0.200000003,0.2828427167,0.3605551329,0.2726528629,0.2532247589,0.3488982705,0.3605551329,,,,,,,,
Mouse,POLYIC_20190531_polyic_m__E3_P1_1,FP,2138,0.1000000015,0.1000000015,0.4000000954,LPS,1964,91.86155285,158,7.390084191,15,0.7015902713,1,0.04677268475,0,0,1.053159564,1,1.414213562,3.16227766,0.1427889847,0.1000000015,0.4000000954,0.6000000685,0.1328312551,0.1000000015,0.4000000954,0.4000000954,0.2452012627,0.200000003,0.4898980289,0.6000000685,0.3490800398,0.3605551329,0.5000000075,0.5000000075,0.424264075,0.424264075,0.424264075,0.424264075,,,,
Mouse,POLYIC_20190531_polyic_m__E3_P1_1,FN,2488,0.1000000015,0.1000000015,0.4000000954,LPS,2488,100,0,0,0,0,0,0,0,0,0.002009646302,0,0,1,0.0002009646332,0,0,0.1000000015,0.0002009646332,0,0,0.1000000015,,,,,,,,,,,,,,,,
Mouse,POLYIC_20190531_polyic_m__E3_P1_1,All,4626,0.1000000015,0.1000000015,0.4000000954,LPS,4452,96.2386511,158,3.415477735,15,0.3242542153,1,0.02161694769,0,0,0.4878199629,0,1,3.16227766,0.06610091856,0,0.2828427167,0.6000000685,0.05871082325,0,0.2106230621,0.4000000954,0.2452012627,0.200000003,0.4898980289,0.6000000685,0.3490800398,0.3605551329,0.5000000075,0.5000000075,0.424264075,0.424264075,0.424264075,0.424264075,,,,
Mouse,POLYIC_20190531_polyic_m__E3_P1_10,FP,2249,0.1000000015,0.1000000015,0.4000000358,LPS,2092,93.01911961,144,6.402845709,10,0.4446420631,3,0.1333926189,0,0,1.041576129,1,1.414213562,4.242640687,0.1155495225,0.1000000015,0.200000003,0.424264075,0.1083726646,0.1000000015,0.200000003,0.400000006,0.1997672887,0.200000003,0.3000000045,0.3605551329,0.3243397888,0.3000000045,0.400000006,0.400000006,0.381791447,0.3605551329,0.4178931808,0.424264075,,,,
Mouse,POLYIC_20190531_polyic_m__E3_P1_10,FN,2300,0.1000000015,0.1000000015,0.4000000358,LPS,2300,100,0,0,0,0,0,0,0,0,0.008260869565,0,0,1,0.0008440962544,0,0,0.1414213583,0.0008440962544,0,0,0.1414213583,,,,,,,,,,,,,,,,
Mouse,POLYIC_20190531_polyic_m__E3_P1_10,All,4549,0.1000000015,0.1000000015,0.4000000358,LPS,4392,96.54869202,144,3.165530886,10,0.2198285337,3,0.06594856012,0,0,0.5191261188,0,1,4.242640687,0.05755381347,0,0.1414213583,0.424264075,0.05206216659,0,0.1000000015,0.400000006,0.1997672887,0.200000003,0.3000000045,0.3605551329,0.3243397888,0.3000000045,0.400000006,0.400000006,0.381791447,0.3605551329,0.4178931808,0.424264075,,,,
Mouse,POLYIC_20190531_polyic_m__E3_P1_11,FP,1646,0.1000000015,0.1000000015,0.4000000954,LPS,1569,95.32199271,74,4.495747266,3,0.1822600243,0,0,0,0,1.024554936,1,1,2.236067977,0.1522655116,0.1000000015,0.4000000954,0.4472136821,0.1485064282,0.1000000015,0.4000000954,0.4000000954,0.2247221024,0.200000003,0.4123106554,0.4472136821,0.3310035581,0.3162277707,0.3561223967,0.3605551329,,,,,,,,
Mouse,POLYIC_20190531_polyic_m__E3_P1_11,FN,3051,0.1000000015,0.1000000015,0.4000000954,LPS,3051,100,0,0,0,0,0,0,0,0,0.01311045559,0,0,1,0.001482879101,0,0,0.200000003,0.001482879101,0,0,0.200000003,,,,,,,,,,,,,,,,
Mouse,POLYIC_20190531_polyic_m__E3_P1_11,All,4697,0.1000000015,0.1000000015,0.4000000954,LPS,4620,98.36065574,74,1.575473707,3,0.06387055567,0,0,0,0,0.3675574673,0,1,2.236067977,0.05432260938,0,0.2828427167,0.4472136821,0.0514136039,0,0.2236068011,0.4000000954,0.2247221024,0.200000003,0.4123106554,0.4472136821,0.3310035581,0.3162277707,0.3561223967,0.3605551329,,,,,,,,
Mouse,POLYIC_20190531_polyic_m__E3_P1_12,FP,2402,0.1000000015,0.1000000015,0.3999996185,LPS,2194,91.34054954,187,7.785179017,20,0.8326394671,1,0.04163197336,0,0,1.057821935,1,1.414213562,3.16227766,0.1361286933,0.1000000015,0.3605551329,0.5656851594,0.1270630579,0.1000000015,0.3000000045,0.3999996185,0.2201206299,0.200000003,0.4123105687,0.5656851594,0.3314952001,0.3383914518,0.4280508562,0.4999996975,0.4123105687,0.4123105687,0.4123105687,0.4123105687,,,,
Mouse,POLYIC_20190531_polyic_m__E3_P1_12,FN,2210,0.1000000015,0.1000000015,0.3999996185,LPS,2210,100,0,0,0,0,0,0,0,0,0.00407239819,0,0,1,0.0004259825205,0,0,0.1414213583,0.0004259825205,0,0,0.1414213583,,,,,,,,,,,,,,,,
Mouse,POLYIC_20190531_polyic_m__E3_P1_12,All,4612,0.1000000015,0.1000000015,0.3999996185,LPS,4404,95.49002602,187,4.054640069,20,0.4336513443,1,0.02168256722,0,0,0.5528812418,1,1,3.16227766,0.07110202573,0.1000000015,0.2236068011,0.5656851594,0.06351448009,0.1000000015,0.200000003,0.3999996185,0.2201206299,0.200000003,0.4123105687,0.5656851594,0.3314952001,0.3383914518,0.4280508562,0.4999996975,0.4123105687,0.4123105687,0.4123105687,0.4123105687,,,,
Mouse,POLYIC_20190531_polyic_m__E3_P1_13,FP,1689,0.1000000015,0.1000000015,0.4000000954,LPS,1601,94.78981646,81,4.795737123,7,0.414446418,0,0,0,0,1.035734949,1,1.414213562,3,0.1297388526,0.1000000015,0.3000000045,0.5744563355,0.1218279268,0.1000000015,0.2828427167,0.4000000954,0.2692536487,0.2236068011,0.4898980289,0.5744563355,0.3246951034,0.3000000045,0.396783938,0.4123105687,,,,,,,,
Mouse,POLYIC_20190531_polyic_m__E3_P1_13,FN,2342,0.1000000015,0.1000000015,0.4000000954,LPS,2342,100,0,0,0,0,0,0,0,0,0.006404782237,0,0,1,0.0006404782333,0,0,0.1000000015,0.0006404782333,0,0,0.1000000015,,,,,,,,,,,,,,,,
Mouse,POLYIC_20190531_polyic_m__E3_P1_13,All,4031,0.1000000015,0.1000000015,0.4000000954,LPS,3943,97.81691888,81,2.009426941,7,0.1736541801,0,0,0,0,0.437696931,0,1,3,0.0547330494,0,0.200000003,0.5744563355,0.04984694671,0,0.1414213583,0.4000000954,0.2692536487,0.2236068011,0.4898980289,0.5744563355,0.3246951034,0.3000000045,0.396783938,0.4123105687,,,,,,,,
Mouse,POLYIC_20190531_polyic_m__E3_P1_2,FP,2706,0.1000000015,0.1000000015,0.3999998569,LPS,2566,94.8263119,133,4.915003695,6,0.22172949,1,0.036954915,0,0,1.027103835,1,1.414213562,3.31662479,0.1218733383,0.1000000015,0.2236068011,0.4472136022,0.1171996357,0.1000000015,0.2236068011,0.3999998569,0.2010286975,0.200000003,0.3162277707,0.4242639345,0.3118262722,0.3216989248,0.3605551329,0.3605551329,0.4472136022,0.4472136022,0.4472136022,0.4472136022,,,,
Mouse,POLYIC_20190531_polyic_m__E3_P1_2,FN,1571,0.1000000015,0.1000000015,0.3999998569,LPS,1571,100,0,0,0,0,0,0,0,0,0,0,0,0,0,0,0,0,0,0,0,0,,,,,,,,,,,,,,,,
Mouse,POLYIC_20190531_polyic_m__E3_P1_2,All,4277,0.1000000015,0.1000000015,0.3999998569,LPS,4137,96.72667758,133,3.109656301,6,0.1402852467,1,0.02338087444,0,0,0.649834692,1,1,3.31662479,0.07710761125,0.1000000015,0.200000003,0.4472136022,0.07269380356,0.1000000015,0.200000003,0.3999998569,0.2010286975,0.200000003,0.3162277707,0.4242639345,0.3118262722,0.3216989248,0.3605551329,0.3605551329,0.4472136022,0.4472136022,0.4472136022,0.4472136022,,,,
Mouse,POLYIC_20190531_polyic_m__E3_P1_3,FP,2476,0.1000000015,0.1000000015,0.4000000954,LPS,2394,96.68820679,78,3.150242326,4,0.1615508885,0,0,0,0,1.017067444,1,1,2.828427125,0.1282883958,0.1000000015,0.2828427167,0.4000000954,0.1256538215,0.1000000015,0.2236068011,0.4000000954,0.2027425679,0.200000003,0.3162277707,0.3605551329,0.2532247589,0.2532247589,0.2828427167,0.2828427167,,,,,,,,
Mouse,POLYIC_20190531_polyic_m__E3_P1_3,FN,2702,0.1000000015,0.1000000015,0.4000000954,LPS,2702,100,0,0,0,0,0,0,0,0,0.004071058475,0,0,1,0.0004224357414,0,0,0.1414213583,0.0004224357414,0,0,0.1414213583,,,,,,,,,,,,,,,,
Mouse,POLYIC_20190531_polyic_m__E3_P1_3,All,5178,0.1000000015,0.1000000015,0.4000000954,LPS,5096,98.41637698,78,1.506373117,4,0.07724990344,0,0,0,0,0.4884625322,0,1,2.828427125,0.06156498444,0,0.200000003,0.4000000954,0.05925366367,0,0.200000003,0.4000000954,0.2027425679,0.200000003,0.3162277707,0.3605551329,0.2532247589,0.2532247589,0.2828427167,0.2828427167,,,,,,,,
Mouse,POLYIC_20190531_polyic_m__E3_P1_4,FP,2725,0.1000000015,0.1000000015,0.4000005722,LPS,2606,95.63302752,105,3.853211009,14,0.5137614679,0,0,0,0,1.027660761,1,1,2.828427125,0.1908847639,0.1000000015,0.4000005722,0.5099024032,0.186170527,0.1000000015,0.4000005722,0.4000005722,0.2886707779,0.2236068011,0.4560492782,0.5099024032,0.3350111772,0.3162277707,0.4245266304,0.4472136022,,,,,,,,
Mouse,POLYIC_20190531_polyic_m__E3_P1_4,FN,2690,0.1000000015,0.1000000015,0.4000005722,LPS,2688,99.92565056,2,0.07434944238,0,0,0,0,0,0,0.01703659001,0,0,1.414213562,0.002167551549,0,0,0.3000000045,0.002020354784,0,0,0.3000000045,0.200000003,0.200000003,0.200000003,0.200000003,,,,,,,,,,,,
Mouse,POLYIC_20190531_polyic_m__E3_P1_4,All,5415,0.1000000015,0.1000000015,0.4000005722,LPS,5294,97.7654663,107,1.975992613,14,0.2585410896,0,0,0,0,0.5256147738,1,1,2.828427125,0.09713604713,0.1000000015,0.4000005722,0.5099024032,0.09266926843,0.1000000015,0.4000005722,0.4000005722,0.2870133802,0.2236068011,0.454944882,0.5099024032,0.3350111772,0.3162277707,0.4245266304,0.4472136022,,,,,,,,
Mouse,POLYIC_20190531_polyic_m__E3_P1_5,FP,2871,0.1000000015,0.1000000015,0.4000000954,LPS,2625,91.43155695,212,7.384186695,31,1.079763149,3,0.1044932079,0,0,1.051967733,1,1.414213562,4.123105626,0.1226804931,0.1000000015,0.2236068011,0.424264075,0.1147056565,0.1000000015,0.200000003,0.4000000954,0.1929722129,0.200000003,0.2905634962,0.3000000045,0.2909167466,0.3000000045,0.3000000045,0.3162277707,0.394939738,0.400000006,0.4218376681,0.424264075,,,,
Mouse,POLYIC_20190531_polyic_m__E3_P1_5,FN,1800,0.1000000015,0.1000000015,0.4000000954,LPS,1794,99.66666667,6,0.3333333333,0,0,0,0,0,0,0.01346813372,0,0,2,0.001359928279,0,0,0.2236068011,0.0007803790529,0,0,0.1000000015,0.174645147,0.1707106807,0.2177051016,0.2236068011,,,,,,,,,,,,
Mouse,POLYIC_20190531_polyic_m__E3_P1_5,All,4671,0.1000000015,0.1000000015,0.4000000954,LPS,4419,94.60500963,218,4.667094841,31,0.6636694498,3,0.06422607579,0,0,0.6517752089,1,1.414213562,4.123105626,0.07592883037,0.1000000015,0.200000003,0.424264075,0.06845493286,0.1000000015,0.1414213583,0.4000000954,0.1924677982,0.200000003,0.2854163099,0.3000000045,0.2909167466,0.3000000045,0.3000000045,0.3162277707,0.394939738,0.400000006,0.4218376681,0.424264075,,,,
Mouse,POLYIC_20190531_polyic_m__E3_P1_6,FP,2122,0.1000000015,0.1000000015,0.4000000954,LPS,1982,93.40245052,127,5.984919887,13,0.6126295947,0,0,0,0,1.038853168,1,1.414213562,2.236067977,0.1267471235,0.1000000015,0.2828427167,0.500000079,0.11926924,0.1000000015,0.2236068011,0.4000000954,0.214559427,0.200000003,0.4086173999,0.4472136821,0.4089780932,0.4123105687,0.5000000361,0.500000079,,,,,,,,
Mouse,POLYIC_20190531_polyic_m__E3_P1_6,FN,2675,0.1000000015,0.1000000015,0.4000000954,LPS,2675,100,0,0,0,0,0,0,0,0,0.002242990654,0,0,1,0.0002242990688,0,0,0.1000000015,0.0002242990688,0,0,0.1000000015,,,,,,,,,,,,,,,,
Mouse,POLYIC_20190531_polyic_m__E3_P1_6,All,4797,0.1000000015,0.1000000015,0.4000000954,LPS,4657,97.08150928,127,2.647488013,13,0.27100271,0,0,0,0,0.4607976699,0,1,2.236067977,0.05619291142,0,0.200000003,0.500000079,0.05088933512,0,0.1414213583,0.4000000954,0.214559427,0.200000003,0.4086173999,0.4472136821,0.4089780932,0.4123105687,0.5000000361,0.500000079,,,,,,,,
Mouse,POLYIC_20190531_polyic_m__E3_P1_7,FP,1998,0.1000000015,0.1000000015,0.4000000954,LPS,1913,95.74574575,78,3.903903904,7,0.3503503504,0,0,0,0,1.025692898,1,1,2.828427125,0.1335687519,0.1000000015,0.3605551329,0.4898980289,0.1296220393,0.1000000015,0.3162277707,0.4000000954,0.2087905622,0.200000003,0.3605551329,0.4242641593,0.3739630569,0.4123105687,0.4702078427,0.4898980289,,,,,,,,
Mouse,POLYIC_20190531_polyic_m__E3_P1_7,FN,2417,0.1000000015,0.1000000015,0.4000000954,LPS,2417,100,0,0,0,0,0,0,0,0,0.003309888291,0,0,1,0.0003309888341,0,0,0.1000000015,0.0003309888341,0,0,0.1000000015,,,,,,,,,,,,,,,,
Mouse,POLYIC_20190531_polyic_m__E3_P1_7,All,4415,0.1000000015,0.1000000015,0.4000000954,LPS,4330,98.07474519,78,1.766704417,7,0.1585503964,0,0,0,0,0.4659874089,0,1,2.828427125,0.06062748955,0,0.2236068011,0.4898980289,0.05745195407,0,0.200000003,0.4000000954,0.2087905622,0.200000003,0.3605551329,0.4242641593,0.3739630569,0.4123105687,0.4702078427,0.4898980289,,,,,,,,
Mouse,POLYIC_20190531_polyic_m__E3_P1_8,FP,2550,0.1000000015,0.1000000015,0.400000006,LPS,2323,91.09803922,205,8.039215686,21,0.8235294118,1,0.03921568627,0,0,1.061211135,1,1.414213562,3.31662479,0.1464962425,0.1000000015,0.400000006,0.6403124333,0.1357284314,0.1000000015,0.400000006,0.400000006,0.2461446336,0.200000003,0.5000000075,0.6403124333,0.3527915445,0.3162277707,0.5000000075,0.5385164887,0.400000006,0.400000006,0.400000006,0.400000006,,,,
Mouse,POLYIC_20190531_polyic_m__E3_P1_8,FN,2057,0.1000000015,0.1000000015,0.400000006,LPS,2055,99.90277103,2,0.09722897423,0,0,0,0,0,0,0.004576671639,0,0,2,0.0004576671708,0,0,0.200000003,0.0002919708073,0,0,0.1000000015,0.1707106807,0.1707106807,0.1970710707,0.200000003,,,,,,,,,,,,
Mouse,POLYIC_20190531_polyic_m__E3_P1_8,All,4607,0.1000000015,0.1000000015,0.400000006,LPS,4378,95.02930323,207,4.493162579,21,0.4558280877,1,0.02170609941,0,0,0.5894296955,1,1,3.31662479,0.08129082696,0.1000000015,0.3162277707,0.6403124333,0.07215558385,0.1000000015,0.2828427167,0.400000006,0.2454158031,0.200000003,0.5000000075,0.6403124333,0.3527915445,0.3162277707,0.5000000075,0.5385164887,0.400000006,0.400000006,0.400000006,0.400000006,,,,
Mouse,POLYIC_20190531_polyic_m__E3_P1_9,FP,3133,0.1000000015,0.1000000015,0.4000000954,LPS,2923,93.29715927,193,6.160229812,17,0.5426109161,0,0,0,0,1.036549865,1,1.414213562,2.236067977,0.1263027062,0.1000000015,0.2236068011,0.4242641593,0.1206729174,0.1000000015,0.2236068011,0.4000000954,0.1969222104,0.200000003,0.2897056318,0.4242641593,0.2925561307,0.3000000045,0.3121110302,0.3605551329,,,,,,,,
Mouse,POLYIC_20190531_polyic_m__E3_P1_9,FN,1493,0.1000000015,0.1000000015,0.4000000954,LPS,1489,99.73208305,4,0.2679169457,0,0,0,0,0,0,0.013003492,0,0,2,0.00130034922,0,0,0.200000003,0.0008059100187,0,0,0.1000000015,0.1853553418,0.200000003,0.200000003,0.200000003,,,,,,,,,,,,
Mouse,POLYIC_20190531_polyic_m__E3_P1_9,All,4626,0.1000000015,0.1000000015,0.4000000954,LPS,4412,95.37397319,197,4.258538694,17,0.3674881107,0,0,0,0,0.7062094557,1,1,2.236067977,0.08595931687,0.1000000015,0.2177051016,0.4242641593,0.08021916085,0.1000000015,0.200000003,0.4000000954,0.1966873501,0.200000003,0.2862741742,0.4242641593,0.2925561307,0.3000000045,0.3121110302,0.3605551329,,,,,,,,
Mouse,POLYIC_20190531_polyic_m__E5_P1_11,FP,2413,0.1000000015,0.1000000015,0.3999999762,LPS,2228,92.33319519,174,7.210940738,11,0.4558640696,0,0,0,0,1.047108677,1,1.414213562,2.828427125,0.1325460743,0.1000000015,0.3000000045,0.8062257277,0.1213106394,0.1000000015,0.2236068011,0.3999999762,0.2617125021,0.200000003,0.5510953917,0.781024964,0.3650542985,0.3000000045,0.6267196649,0.8062257277,,,,,,,,
Mouse,POLYIC_20190531_polyic_m__E5_P1_11,FN,2648,0.1000000015,0.1000000015,0.3999999762,LPS,2648,100,0,0,0,0,0,0,0,0,0.009063444109,0,0,1,0.0009843087421,0,0,0.2236068011,0.0009843087421,0,0,0.2236068011,,,,,,,,,,,,,,,,
Mouse,POLYIC_20190531_polyic_m__E5_P1_11,All,5061,0.1000000015,0.1000000015,0.3999999762,LPS,4876,96.34459593,174,3.43805572,11,0.2173483501,0,0,0,0,0.5039860182,0,1,2.828427125,0.06371075417,0,0.200000003,0.8062257277,0.05596524902,0,0.200000003,0.3999999762,0.2617125021,0.200000003,0.5510953917,0.781024964,0.3650542985,0.3000000045,0.6267196649,0.8062257277,,,,,,,,
Mouse,POLYIC_20190612_polyic___E10_P1_1,FP,1831,0.1000000015,0.1000000015,0.4000000954,LPS,1772,96.77771709,55,3.003823048,4,0.218459858,0,0,0,0,1.016070022,1,1,2.449489743,0.117140103,0.1000000015,0.2236068011,0.4123106554,0.1140711431,0.1000000015,0.200000003,0.4000000954,0.203022376,0.200000003,0.3061564416,0.4123106554,0.2958081054,0.2995352437,0.3539060286,0.3605551329,,,,,,,,
Mouse,POLYIC_20190612_polyic___E10_P1_1,FN,2215,0.1000000015,0.1000000015,0.4000000954,LPS,2214,99.95485327,1,0.04514672686,0,0,0,0,0,0,0.008126410835,0,0,2,0.0008500418693,0,0,0.200000003,0.0007600915707,0,0,0.1414213583,0.200000003,0.200000003,0.200000003,0.200000003,,,,,,,,,,,,
Mouse,POLYIC_20190612_polyic___E10_P1_1,All,4046,0.1000000015,0.1000000015,0.4000000954,LPS,3986,98.51705388,56,1.384083045,4,0.09886307464,0,0,0,0,0.4642669823,0,1,2.449489743,0.0534766118,0,0.1414213583,0.4123106554,0.05113319323,0,0.1414213583,0.4000000954,0.2029684051,0.200000003,0.3022708207,0.4123106554,0.2958081054,0.2995352437,0.3539060286,0.3605551329,,,,,,,,
Mouse,POLYIC_20190612_polyic___E12_P1,FP,1873,0.1000000015,0.1000000015,0.4000000954,LPS,1813,96.79658302,56,2.989855846,4,0.2135611319,0,0,0,0,1.016015679,1,1,2.236067977,0.1201498938,0.1000000015,0.2236068011,0.4242641593,0.1171706715,0.1000000015,0.2236068011,0.4000000954,0.2054429216,0.200000003,0.3734939919,0.4242641593,0.2763800013,0.2828427167,0.3112200126,0.3162277707,,,,,,,,
Mouse,POLYIC_20190612_polyic___E12_P1,FN,2167,0.1000000015,0.1000000015,0.4000000954,LPS,2167,100,0,0,0,0,0,0,0,0,0.0009229349331,0,0,1,9.229349468e-05,0,0,0.1000000015,9.229349468e-05,0,0,0.1000000015,,,,,,,,,,,,,,,,
Mouse,POLYIC_20190612_polyic___E12_P1,All,4040,0.1000000015,0.1000000015,0.4000000954,LPS,3980,98.51485149,56,1.386138614,4,0.09900990099,0,0,0,0,0.4715340017,0,1,2.236067977,0.05575266115,0,0.1414213583,0.4242641593,0.05342473051,0,0.1414213583,0.4000000954,0.2054429216,0.200000003,0.3734939919,0.4242641593,0.2763800013,0.2828427167,0.3112200126,0.3162277707,,,,,,,,
Mouse,POLYIC_20190612_polyic___E3_P1,FP,2031,0.1000000015,0.1000000015,0.4000005722,LPS,1937,95.37173806,86,4.234367307,8,0.3938946332,0,0,0,0,1.028572967,1,1,2.828427125,0.1418421755,0.1000000015,0.4000005722,0.5830955866,0.1355752097,0.1000000015,0.4000005722,0.4000005722,0.259671726,0.2236068011,0.5288874817,0.5830955866,0.3925636255,0.3864328508,0.5250357203,0.5385164887,,,,,,,,
Mouse,POLYIC_20190612_polyic___E3_P1,FN,2242,0.1000000015,0.1000000015,0.4000005722,LPS,2242,100,0,0,0,0,0,0,0,0,0.004906333631,0,0,1,0.0005537115855,0,0,0.200000003,0.0005537115855,0,0,0.200000003,,,,,,,,,,,,,,,,
Mouse,POLYIC_20190612_polyic___E3_P1,All,4273,0.1000000015,0.1000000015,0.4000005722,LPS,4179,97.80014042,86,2.012637491,8,0.1872220922,0,0,0,0,0.4914654097,0,1,2.828427125,0.06770954362,0,0.2828427167,0.5830955866,0.06313725831,0,0.2236068011,0.4000005722,0.259671726,0.2236068011,0.5288874817,0.5830955866,0.3925636255,0.3864328508,0.5250357203,0.5385164887,,,,,,,,
Mouse,POLYIC_20190612_polyic___E3_P1_1,FP,2198,0.1000000015,0.1000000015,0.4000000954,LPS,2060,93.72156506,133,6.050955414,5,0.2274795268,0,0,0,0,1.033050722,1,1.414213562,2.449489743,0.1202005357,0.1000000015,0.2236068011,0.4472136821,0.1146919143,0.1000000015,0.200000003,0.4000000954,0.2006148181,0.200000003,0.3339587156,0.4472136821,0.2507326249,0.2236068011,0.2965685469,0.3000000045,,,,,,,,
Mouse,POLYIC_20190612_polyic___E3_P1_1,FN,1901,0.1000000015,0.1000000015,0.4000000954,LPS,1901,100,0,0,0,0,0,0,0,0,0.002630194634,0,0,1,0.0002630194674,0,0,0.1000000015,0.0002630194674,0,0,0.1000000015,,,,,,,,,,,,,,,,
Mouse,POLYIC_20190612_polyic___E3_P1_1,All,4099,0.1000000015,0.1000000015,0.4000000954,LPS,3961,96.6333252,133,3.244693828,5,0.121980971,0,0,0,0,0.5551708921,1,1,2.449489743,0.0645769157,0.1000000015,0.200000003,0.4472136821,0.05977413369,0.1000000015,0.1414213583,0.4000000954,0.2006148181,0.200000003,0.3339587156,0.4472136821,0.2507326249,0.2236068011,0.2965685469,0.3000000045,,,,,,,,
Mouse,POLYIC_20190612_polyic___E3_P1_2,FP,2218,0.1000000015,0.1000000015,0.4000000954,LPS,2143,96.61857529,75,3.381424707,0,0,0,0,0,0,1.015658431,1,1,2,0.120050565,0.1000000015,0.2236068011,0.4123106554,0.1175505812,0.1000000015,0.2236068011,0.4000000954,0.191483436,0.200000003,0.2828427167,0.4123106554,,,,,,,,,,,,
Mouse,POLYIC_20190612_polyic___E3_P1_2,FN,1870,0.1000000015,0.1000000015,0.4000000954,LPS,1870,100,0,0,0,0,0,0,0,0,0.002673796791,0,0,1,0.0002673796831,0,0,0.1000000015,0.0002673796831,0,0,0.1000000015,,,,,,,,,,,,,,,,
Mouse,POLYIC_20190612_polyic___E3_P1_2,All,4088,0.1000000015,0.1000000015,0.4000000954,LPS,4013,98.16536204,75,1.834637965,0,0,0,0,0,0,0.5522823875,1,1,2,0.06525737602,0.1000000015,0.200000003,0.4123106554,0.06289830438,0.1000000015,0.1414213583,0.4000000954,0.191483436,0.200000003,0.2828427167,0.4123106554,,,,,,,,,,,,
Mouse,POLYIC_20190612_polyic___E3_P1_3,FP,1999,0.1000000015,0.1000000015,0.4000000954,LPS,1918,95.94797399,76,3.80190095,5,0.2501250625,0,0,0,0,1.023201086,1,1,2.236067977,0.1295692252,0.1000000015,0.4000000149,0.5385164887,0.1259529376,0.1000000015,0.400000006,0.4000000954,0.2112854306,0.200000003,0.4472136222,0.5385164887,0.2746908337,0.2828427167,0.3450126497,0.3605551329,,,,,,,,
Mouse,POLYIC_20190612_polyic___E3_P1_3,FN,2186,0.1000000015,0.1000000015,0.4000000954,LPS,2186,100,0,0,0,0,0,0,0,0,0.003202195791,0,0,1,0.0003202195839,0,0,0.1000000015,0.0003202195839,0,0,0.1000000015,,,,,,,,,,,,,,,,
Mouse,POLYIC_20190612_polyic___E3_P1_3,All,4185,0.1000000015,0.1000000015,0.4000000954,LPS,4104,98.06451613,76,1.816009558,5,0.119474313,0,0,0,0,0.4904131351,0,1,2.236067977,0.06205708032,0,0.200000003,0.5385164887,0.05903453564,0,0.200000003,0.4000000954,0.2112854306,0.200000003,0.4472136222,0.5385164887,0.2746908337,0.2828427167,0.3450126497,0.3605551329,,,,,,,,
Mouse,POLYIC_20190612_polyic___E3_P1_4,FP,1960,0.1000000015,0.1000000015,0.4000000954,LPS,1848,94.28571429,100,5.102040816,12,0.612244898,0,0,0,0,1.035665629,1,1.414213562,3,0.1215930178,0.1000000015,0.2236068011,0.5385164887,0.1148924735,0.1000000015,0.200000003,0.4000000954,0.21736908,0.200000003,0.4129083306,0.4898980289,0.3553429849,0.3081138876,0.517332424,0.5385164887,,,,,,,,
Mouse,POLYIC_20190612_polyic___E3_P1_4,FN,2153,0.1000000015,0.1000000015,0.4000000954,LPS,2153,100,0,0,0,0,0,0,0,0,0.004644681839,0,0,1,0.0004644681909,0,0,0.1000000015,0.0004644681909,0,0,0.1000000015,,,,,,,,,,,,,,,,
Mouse,POLYIC_20190612_polyic___E3_P1_4,All,4113,0.1000000015,0.1000000015,0.4000000954,LPS,4001,97.27692682,100,2.431315342,12,0.291757841,0,0,0,0,0.4959651429,0,1,3,0.05818680159,0,0.200000003,0.5385164887,0.05331699353,0,0.1414213583,0.4000000954,0.21736908,0.200000003,0.4129083306,0.4898980289,0.3553429849,0.3081138876,0.517332424,0.5385164887,,,,,,,,
Mouse,POLYIC_20190614_polyic___E3_P1,FP,2196,0.1000000015,0.1000000015,0.4000000954,LPS,2121,96.58469945,72,3.278688525,3,0.1366120219,0,0,0,0,1.015993063,1,1,2.236067977,0.1189739787,0.1000000015,0.2236068011,0.4123106554,0.1164581757,0.1000000015,0.2236068011,0.4000000954,0.1879029186,0.200000003,0.2905634962,0.4123106554,0.2433521063,0.2236068011,0.2769191251,0.2828427167,,,,,,,,
Mouse,POLYIC_20190614_polyic___E3_P1,FN,1903,0.1000000015,0.1000000015,0.4000000954,LPS,1903,100,0,0,0,0,0,0,0,0,0.007882291119,0,0,1,0.0008099954699,0,0,0.1414213583,0.0008099954699,0,0,0.1414213583,,,,,,,,,,,,,,,,
Mouse,POLYIC_20190614_polyic___E3_P1,All,4099,0.1000000015,0.1000000015,0.4000000954,LPS,4024,98.17028544,72,1.756525982,3,0.07318858258,0,0,0,0,0.5479679841,1,1,2.236067977,0.06411521799,0.1000000015,0.200000003,0.4123106554,0.0617667028,0.1000000015,0.1414213583,0.4000000954,0.1879029186,0.200000003,0.2905634962,0.4123106554,0.2433521063,0.2236068011,0.2769191251,0.2828427167,,,,,,,,
Mouse,POLYIC_20190614_polyic___E3_P1_1,FP,2439,0.1000000015,0.1000000015,0.3999996185,LPS,2357,96.63796638,77,3.15703157,5,0.20500205,0,0,0,0,1.016610523,1,1,2.449489743,0.1159073076,0.1000000015,0.200000003,0.400000006,0.1131335303,0.1000000015,0.200000003,0.3999996185,0.1875558773,0.1414213583,0.2828427167,0.3605551329,0.320077943,0.3162277707,0.3921110314,0.400000006,,,,,,,,
Mouse,POLYIC_20190614_polyic___E3_P1_1,FN,2067,0.1000000015,0.1000000015,0.3999996185,LPS,2063,99.80648283,4,0.1935171746,0,0,0,0,0,0,0.008341867773,0,0,2,0.0008341867897,0,0,0.200000003,0.0005332040797,0,0,0.1000000015,0.1560660195,0.1414213583,0.1912132063,0.200000003,,,,,,,,,,,,
Mouse,POLYIC_20190614_polyic___E3_P1_1,All,4506,0.1000000015,0.1000000015,0.3999996185,LPS,4420,98.09143364,81,1.797603196,5,0.1109631602,0,0,0,0,0.5540958072,1,1,2.449489743,0.06312076949,0.1000000015,0.1414213583,0.400000006,0.06057821968,0.1000000015,0.1414213583,0.3999996185,0.1860008226,0.1414213583,0.2828427167,0.3605551329,0.320077943,0.3162277707,0.3921110314,0.400000006,,,,,,,,
Mouse,POLYIC_20190614_polyic___E3_P1_3,FP,2552,0.1000000015,0.1000000015,0.4000000954,LPS,2475,96.98275862,74,2.89968652,3,0.1175548589,0,0,0,0,1.015586642,1,1,2.449489743,0.1575164426,0.1000000015,0.4000000954,0.4582576544,0.1555703187,0.1000000015,0.4000000954,0.4000000954,0.214104964,0.200000003,0.4123106554,0.4472136821,0.3672185013,0.3605551329,0.4484874022,0.4582576544,,,,,,,,
Mouse,POLYIC_20190614_polyic___E3_P1_3,FN,2302,0.1000000015,0.1000000015,0.4000000954,LPS,2298,99.82623805,4,0.1737619461,0,0,0,0,0,0,0.02121130631,0,0,2,0.002395115714,0,0,0.2828427167,0.002102138229,0,0,0.2828427167,0.1707106807,0.1707106807,0.200000003,0.200000003,,,,,,,,,,,,
Mouse,POLYIC_20190614_polyic___E3_P1_3,All,4854,0.1000000015,0.1000000015,0.4000000954,LPS,4773,98.33127318,78,1.606922126,3,0.06180469716,0,0,0,0,0.5440060852,1,1,2.449489743,0.08395045692,0.1000000015,0.4000000954,0.4582576544,0.08168180438,0.1000000015,0.4000000954,0.4000000954,0.2118796162,0.200000003,0.4123106554,0.4472136821,0.3672185013,0.3605551329,0.4484874022,0.4582576544,,,,,,,,
Mouse,POLYIC_20190614_polyic___E3_P1_4,FP,2396,0.1000000015,0.1000000015,0.4000000954,LPS,2339,97.62103506,53,2.212020033,4,0.1669449082,0,0,0,0,1.013343625,1,1,2.828427125,0.1281974617,0.1000000015,0.3000000045,0.4123106554,0.1263224992,0.1000000015,0.3000000045,0.4000000954,0.1983009413,0.200000003,0.3339587156,0.4123106554,0.2957106825,0.3000000045,0.3000000045,0.3000000045,,,,,,,,
Mouse,POLYIC_20190614_polyic___E3_P1_4,FN,2002,0.1000000015,0.1000000015,0.4000000954,LPS,2002,100,0,0,0,0,0,0,0,0,0.002497502498,0,0,1,0.0002497502535,0,0,0.1000000015,0.0002497502535,0,0,0.1000000015,,,,,,,,,,,,,,,,
Mouse,POLYIC_20190614_polyic___E3_P1_4,All,4398,0.1000000015,0.1000000015,0.4000000954,LPS,4341,98.70395634,53,1.205093224,4,0.09095043201,0,0,0,0,0.5531994829,1,1,2.828427125,0.06995477903,0.1000000015,0.2236068011,0.4123106554,0.06817975709,0.1000000015,0.200000003,0.4000000954,0.1983009413,0.200000003,0.3339587156,0.4123106554,0.2957106825,0.3000000045,0.3000000045,0.3000000045,,,,,,,,
Mouse,POLYIC_20190614_polyic___E3_P1_5,FP,3007,0.1000000015,0.1000000015,0.4000005722,LPS,2851,94.81210509,150,4.988360492,6,0.1995344197,0,0,0,0,1.028770569,1,1.414213562,2.449489743,0.138660556,0.1000000015,0.3605551329,0.4242646089,0.1353932282,0.1000000015,0.3605551329,0.4000005722,0.1954383482,0.200000003,0.3406078199,0.4242646089,0.2717410039,0.2532247589,0.3494732924,0.3605551329,,,,,,,,
Mouse,POLYIC_20190614_polyic___E3_P1_5,FN,1633,0.1000000015,0.1000000015,0.4000005722,LPS,1632,99.93876301,1,0.06123698714,0,0,0,0,0,0,0.01433815895,0,0,1.414213562,0.001790731238,0,0,0.200000003,0.001705173256,0,0,0.200000003,0.1414213583,0.1414213583,0.1414213583,0.1414213583,,,,,,,,,,,,
Mouse,POLYIC_20190614_polyic___E3_P1_5,All,4640,0.1000000015,0.1000000015,0.4000005722,LPS,4483,96.61637931,151,3.254310345,6,0.1293103448,0,0,0,0,0.6717515763,1,1,2.449489743,0.09049063707,0.1000000015,0.3000000045,0.4242646089,0.08672516984,0.1000000015,0.2982842757,0.4000005722,0.1950806198,0.200000003,0.3383914518,0.4242646089,0.2717410039,0.2532247589,0.3494732924,0.3605551329,,,,,,,,
Mouse,POLYIC_20190614_polyic___E3_P1_6,FP,2425,0.1000000015,0.1000000015,0.4000000954,LPS,2283,94.1443299,127,5.237113402,15,0.618556701,0,0,0,0,1.038095428,1,1.414213562,2.828427125,0.1407467735,0.1000000015,0.4000000954,0.4582576544,0.1360509994,0.1000000015,0.4000000954,0.4000000954,0.208883159,0.200000003,0.400000006,0.4582576544,0.2785555281,0.2828427167,0.3760817637,0.4123105687,,,,,,,,
Mouse,POLYIC_20190614_polyic___E3_P1_6,FN,1727,0.1000000015,0.1000000015,0.4000000954,LPS,1727,100,0,0,0,0,0,0,0,0,0.002316155182,0,0,1,0.0002316155217,0,0,0.1000000015,0.0002316155217,0,0,0.1000000015,,,,,,,,,,,,,,,,
Mouse,POLYIC_20190614_polyic___E3_P1_6,All,4152,0.1000000015,0.1000000015,0.4000000954,LPS,4010,96.57996146,127,3.058766859,15,0.3612716763,0,0,0,0,0.6072691262,1,1,2.828427125,0.08230031932,0.1000000015,0.3000000045,0.4582576544,0.07755721489,0.1000000015,0.2828427167,0.4000000954,0.208883159,0.200000003,0.400000006,0.4582576544,0.2785555281,0.2828427167,0.3760817637,0.4123105687,,,,,,,,
Mouse,POLYIC_20190614_polyic___E4_P1_5,FP,2452,0.1000000015,0.1000000015,0.4000000954,LPS,2384,97.22675367,68,2.77324633,0,0,0,0,0,0,1.012224213,1,1,2,0.1280405247,0.1000000015,0.4000000954,0.4123106554,0.1263619918,0.1000000015,0.4000000954,0.4000000954,0.1868879139,0.200000003,0.3333557872,0.4123106554,,,,,,,,,,,,
Mouse,POLYIC_20190614_polyic___E4_P1_5,FN,1775,0.1000000015,0.1000000015,0.4000000954,LPS,1775,100,0,0,0,0,0,0,0,0,0.00676056338,0,0,1,0.0008120683818,0,0,0.200000003,0.0008120683818,0,0,0.200000003,,,,,,,,,,,,,,,,
Mouse,POLYIC_20190614_polyic___E4_P1_5,All,4227,0.1000000015,0.1000000015,0.4000000954,LPS,4159,98.39129406,68,1.608705938,0,0,0,0,0,0,0.5900103548,1,1,2,0.0746148067,0.1000000015,0.200000003,0.4123106554,0.07277913195,0.1000000015,0.200000003,0.4000000954,0.1868879139,0.200000003,0.3333557872,0.4123106554,,,,,,,,,,,,
Mouse,POLYIC_20190618_mouse33__E3_P1,FP,2692,0.1000000015,0.1000000015,0.4000000954,LPS,2549,94.68796434,138,5.126300149,5,0.1857355126,0,0,0,0,1.02719661,1,1.414213562,2.236067977,0.1327359116,0.1000000015,0.3162277707,0.4123106554,0.1287044,0.1000000015,0.3162277707,0.4000000954,0.2010663481,0.200000003,0.3228768751,0.4123106554,0.3020805001,0.2828427167,0.3605551329,0.3605551329,,,,,,,,
Mouse,POLYIC_20190618_mouse33__E3_P1,FN,1647,0.1000000015,0.1000000015,0.4000000954,LPS,1647,100,0,0,0,0,0,0,0,0,0.0006071645416,0,0,1,6.071645506e-05,0,0,0.1000000015,6.071645506e-05,0,0,0.1000000015,,,,,,,,,,,,,,,,
Mouse,POLYIC_20190618_mouse33__E3_P1,All,4339,0.1000000015,0.1000000015,0.4000000954,LPS,4196,96.70430975,138,3.180456326,5,0.1152339249,0,0,0,0,0.6375232254,1,1,2.236067977,0.08237498827,0.1000000015,0.2828427167,0.4123106554,0.07820960809,0.1000000015,0.2236068011,0.4000000954,0.2010663481,0.200000003,0.3228768751,0.4123106554,0.3020805001,0.2828427167,0.3605551329,0.3605551329,,,,,,,,
Mouse,POLYIC_20190618_mouse34__E3_P1,FP,2986,0.1000000015,0.1000000015,0.400000155,LPS,2705,90.58941728,245,8.204956463,33,1.105157401,3,0.1004688547,0,0,1.062747929,1,1.414213562,4.123105626,0.1392297121,0.1000000015,0.400000006,0.574456377,0.1295454426,0.1000000015,0.3605551329,0.400000155,0.2150467225,0.200000003,0.4242642155,0.5000001267,0.3339417693,0.3000000045,0.4472136022,0.5000000075,0.5376576244,0.5385164887,0.5708623881,0.574456377,,,,
Mouse,POLYIC_20190618_mouse34__E3_P1,FN,1296,0.1000000015,0.1000000015,0.400000155,LPS,1296,100,0,0,0,0,0,0,0,0,0,0,0,0,0,0,0,0,0,0,0,0,,,,,,,,,,,,,,,,
Mouse,POLYIC_20190618_mouse34__E3_P1,All,4282,0.1000000015,0.1000000015,0.400000155,LPS,4001,93.43764596,245,5.721625409,33,0.7706679122,3,0.07006071929,0,0,0.7410941886,1,1.414213562,4.123105626,0.09709012621,0.1000000015,0.3000000045,0.574456377,0.08758320974,0.1000000015,0.2828427167,0.400000155,0.2150467225,0.200000003,0.4242642155,0.5000001267,0.3339417693,0.3000000045,0.4472136022,0.5000000075,0.5376576244,0.5385164887,0.5708623881,0.574456377,,,,
Mouse,POLYIC_20190618_mouse35__E3_P1,FP,2325,0.1000000015,0.1000000015,0.4000000656,LPS,2216,95.31182796,106,4.559139785,3,0.1290322581,0,0,0,0,1.025553478,1,1,2.236067977,0.1295065619,0.1000000015,0.3162277707,0.4898980045,0.1243765623,0.1000000015,0.2871320386,0.4000000656,0.2296124519,0.200000003,0.409232928,0.4898980045,0.381791447,0.3605551329,0.4178931808,0.424264075,,,,,,,,
Mouse,POLYIC_20190618_mouse35__E3_P1,FN,1872,0.1000000015,0.1000000015,0.4000000656,LPS,1872,100,0,0,0,0,0,0,0,0,0.001602564103,0,0,1,0.0001602564126,0,0,0.1000000015,0.0001602564126,0,0,0.1000000015,,,,,,,,,,,,,,,,
Mouse,POLYIC_20190618_mouse35__E3_P1,All,4197,0.1000000015,0.1000000015,0.4000000656,LPS,4088,97.40290684,106,2.525613533,3,0.07147962831,0,0,0,0,0.5688377025,1,1,2.236067977,0.07181385665,0.1000000015,0.2236068011,0.4898980045,0.06749473144,0.1000000015,0.200000003,0.4000000656,0.2296124519,0.200000003,0.409232928,0.4898980045,0.381791447,0.3605551329,0.4178931808,0.424264075,,,,,,,,
Mouse,POLYIC_20190618_mouse36__E3_P1,FP,2283,0.1000000015,0.1000000015,0.3999998569,LPS,2079,91.06438896,153,6.701708279,49,2.14629873,2,0.08760402979,0,0,1.070113236,1,1.414213562,3.464101615,0.1283140947,0.1000000015,0.2828427167,0.5000000075,0.1169662358,0.1000000015,0.2236068011,0.3999998569,0.214046993,0.200000003,0.3605551329,0.424264075,0.3287096611,0.3162277707,0.424264075,0.4898978342,0.4561552881,0.4561552881,0.4956155355,0.5000000075,,,,
Mouse,POLYIC_20190618_mouse36__E3_P1,FN,2023,0.1000000015,0.1000000015,0.3999998569,LPS,2022,99.95056846,1,0.04943153732,0,0,0,0,0,0,0.008608113476,0,0,1.414213562,0.0008812865739,0,0,0.1414213583,0.0008117810983,0,0,0.1414213583,0.1414213583,0.1414213583,0.1414213583,0.1414213583,,,,,,,,,,,,
Mouse,POLYIC_20190618_mouse36__E3_P1,All,4306,0.1000000015,0.1000000015,0.3999998569,LPS,4101,95.23920111,154,3.576405016,49,1.137947051,2,0.04644681839,0,0,0.5714079729,1,1,3.464101615,0.06844494214,0.1000000015,0.2236068011,0.5000000075,0.05969622668,0.1000000015,0.1414213583,0.3999998569,0.2135753979,0.200000003,0.3605551329,0.424264075,0.3287096611,0.3162277707,0.424264075,0.4898978342,0.4561552881,0.4561552881,0.4956155355,0.5000000075,,,,
Mouse,POLYIC_20190619_mouse38__E3_P1,FP,3298,0.1000000015,0.1000000015,0.3999999762,LPS,2813,85.29411765,314,9.520921771,136,4.12371134,35,1.061249242,0,0,1.142555429,1,2.236067977,4.358898944,0.1447788866,0.1000000015,0.3999999762,0.5656854334,0.1267784466,0.1000000015,0.3162277707,0.3999999762,0.1952511567,0.200000003,0.3162277707,0.4123105687,0.3183788952,0.3000000045,0.4472136022,0.4898979315,0.4641315611,0.4472136022,0.5656854334,0.5656854334,,,,
Mouse,POLYIC_20190619_mouse38__E3_P1,FN,1308,0.1000000015,0.1000000015,0.3999999762,LPS,1308,100,0,0,0,0,0,0,0,0,0,0,0,0,0,0,0,0,0,0,0,0,,,,,,,,,,,,,,,,
Mouse,POLYIC_20190619_mouse38__E3_P1,All,4606,0.1000000015,0.1000000015,0.3999999762,LPS,4121,89.47025619,314,6.817194963,136,2.95267043,35,0.7598784195,0,0,0.8180954855,1,1.732050808,4.358898944,0.1036649518,0.1000000015,0.3162277707,0.5656854334,0.08653913377,0.1000000015,0.2236068011,0.3999999762,0.1952511567,0.200000003,0.3162277707,0.4123105687,0.3183788952,0.3000000045,0.4472136022,0.4898979315,0.4641315611,0.4472136022,0.5656854334,0.5656854334,,,,
Mouse,POLYIC_20190619_mouse39__E3_P1,FP,1996,0.1000000015,0.1000000015,0.3999998271,LPS,1877,94.03807615,112,5.611222445,7,0.3507014028,0,0,0,0,1.038424521,1,1.414213562,2.449489743,0.1324446122,0.1000000015,0.3605551329,0.4898978099,0.1251902292,0.1000000015,0.3000000045,0.3999998271,0.2397013416,0.200000003,0.4176895707,0.4898978099,0.3615479155,0.3605551329,0.4472134422,0.4472134422,,,,,,,,
Mouse,POLYIC_20190619_mouse39__E3_P1,FN,2265,0.1000000015,0.1000000015,0.3999998271,LPS,2246,99.1611479,19,0.8388520971,0,0,0,0,0,0,0.02688719423,0,0,2,0.002873572119,0,0,0.3000000045,0.001202137151,0,0,0.1000000015,0.2004547795,0.200000003,0.2845584455,0.3000000045,,,,,,,,,,,,
Mouse,POLYIC_20190619_mouse39__E3_P1,All,4261,0.1000000015,0.1000000015,0.3999998271,LPS,4123,96.76132363,131,3.074395682,7,0.1642806853,0,0,0,0,0.5007263177,0,1,2.449489743,0.06356913558,0,0.2236068011,0.4898978099,0.05764784386,0,0.200000003,0.3999998271,0.2340090921,0.200000003,0.412310482,0.4898978099,0.3615479155,0.3605551329,0.4472134422,0.4472134422,,,,,,,,
Mouse,POLYIC_20190619_mouse42__E3_P1,FP,2796,0.1000000015,0.1000000015,0.3999997675,LPS,2617,93.59799714,160,5.722460658,19,0.6795422031,0,0,0,0,1.038937199,1,1.414213562,3,0.1214745159,0.1000000015,0.2236068011,0.424264075,0.1158881431,0.1000000015,0.200000003,0.3999997675,0.1917657822,0.200000003,0.2837005811,0.4123103374,0.2989974055,0.3000000045,0.3669260271,0.424264075,,,,,,,,
Mouse,POLYIC_20190619_mouse42__E3_P1,FN,1388,0.1000000015,0.1000000015,0.3999997675,LPS,1388,100,0,0,0,0,0,0,0,0,0.0007204610951,0,0,1,7.204611058e-05,0,0,0.1000000015,7.204611058e-05,0,0,0.1000000015,,,,,,,,,,,,,,,,
Mouse,POLYIC_20190619_mouse42__E3_P1,All,4184,0.1000000015,0.1000000015,0.3999997675,LPS,4005,95.72179732,160,3.824091778,19,0.4541108987,0,0,0,0,0.6945192178,1,1,3,0.08120046522,0.1000000015,0.200000003,0.424264075,0.07575012999,0.1000000015,0.200000003,0.3999997675,0.1917657822,0.200000003,0.2837005811,0.4123103374,0.2989974055,0.3000000045,0.3669260271,0.424264075,,,,,,,,
Mouse,POLYIC_20190619_mouse43__E3_P1,FP,2244,0.1000000015,0.1000000015,0.3999999166,LPS,2190,97.59358289,52,2.317290553,2,0.08912655971,0,0,0,0,1.014134119,1,1,2.449489743,0.1240695609,0.1000000015,0.2828427167,0.5000000075,0.1212520452,0.1000000015,0.2236068011,0.3999999166,0.2359816381,0.2236068011,0.4345913622,0.5000000075,0.2995352437,0.2995352437,0.314558518,0.3162277707,,,,,,,,
Mouse,POLYIC_20190619_mouse43__E3_P1,FN,1958,0.1000000015,0.1000000015,0.3999999166,LPS,1958,100,0,0,0,0,0,0,0,0,0.003575076609,0,0,1,0.0003575076662,0,0,0.1000000015,0.0003575076662,0,0,0.1000000015,,,,,,,,,,,,,,,,
Mouse,POLYIC_20190619_mouse43__E3_P1,All,4202,0.1000000015,0.1000000015,0.3999999166,LPS,4148,98.71489767,52,1.23750595,2,0.04759638267,0,0,0,0,0.5432453504,1,1,2.449489743,0.06642363031,0.1000000015,0.200000003,0.5000000075,0.06418562654,0.1000000015,0.200000003,0.3999999166,0.2359816381,0.2236068011,0.4345913622,0.5000000075,0.2995352437,0.2995352437,0.314558518,0.3162277707,,,,,,,,
Mouse,POLYIC_20190628_mouse33__E3_P1,FP,2233,0.1000000015,0.1000000015,0.400000006,LPS,2067,92.56605464,141,6.31437528,25,1.119570085,0,0,0,0,1.053293089,1,1.414213562,2.449489743,0.1276774918,0.1000000015,0.2828427167,0.5000000075,0.1199004529,0.1000000015,0.2236068011,0.400000006,0.2155329214,0.200000003,0.400000006,0.5000000075,0.27517845,0.3000000045,0.3000000045,0.3000000045,,,,,,,,
Mouse,POLYIC_20190628_mouse33__E3_P1,FN,1806,0.1000000015,0.1000000015,0.400000006,LPS,1806,100,0,0,0,0,0,0,0,0,0.001107419712,0,0,1,0.0001107419729,0,0,0.1000000015,0.0001107419729,0,0,0.1000000015,,,,,,,,,,,,,,,,
Mouse,POLYIC_20190628_mouse33__E3_P1,All,4039,0.1000000015,0.1000000015,0.400000006,LPS,3873,95.8900718,141,3.49096311,25,0.6189650904,0,0,0,0,0.5828183878,1,1,2.449489743,0.07063724666,0.1000000015,0.200000003,0.5000000075,0.064041889,0.1000000015,0.200000003,0.400000006,0.2155329214,0.200000003,0.400000006,0.5000000075,0.27517845,0.3000000045,0.3000000045,0.3000000045,,,,,,,,
Mouse,POLYIC_20190628_mouse34__E6_P1,FP,2293,0.1000000015,0.1000000015,0.4000002146,LPS,2140,93.32751853,129,5.625817706,24,1.046663759,0,0,0,0,1.045040421,1,1.414213562,2.828427125,0.1260009171,0.1000000015,0.2828427167,0.4472137888,0.1189461866,0.1000000015,0.2236068011,0.4000002146,0.2119409469,0.200000003,0.4123107711,0.4472137888,0.2931200588,0.3000000045,0.394083275,0.400000006,,,,,,,,
Mouse,POLYIC_20190628_mouse34__E6_P1,FN,1841,0.1000000015,0.1000000015,0.4000002146,LPS,1840,99.94568169,1,0.05431830527,0,0,0,0,0,0,0.003484092103,0,0,1.414213562,0.0003484092155,0,0,0.1414213583,0.0002717391345,0,0,0.1000000015,0.1414213583,0.1414213583,0.1414213583,0.1414213583,,,,,,,,,,,,
Mouse,POLYIC_20190628_mouse34__E6_P1,All,4134,0.1000000015,0.1000000015,0.4000002146,LPS,3980,96.27479439,130,3.144654088,24,0.5805515239,0,0,0,0,0.5812026845,1,1,2.828427125,0.07004391007,0.1000000015,0.200000003,0.4472137888,0.06408161792,0.1000000015,0.200000003,0.4000002146,0.2113984886,0.200000003,0.4123107711,0.4472137888,0.2931200588,0.3000000045,0.394083275,0.400000006,,,,,,,,
Mouse,POLYIC_20190628_mouse35__E3_P1,FP,2341,0.1000000015,0.1000000015,0.3999998868,LPS,2244,95.85647159,89,3.801794105,7,0.2990175139,1,0.0427167877,0,0,1.02660086,1,1,3.31662479,0.1325258514,0.1000000015,0.3605551329,0.4472136022,0.1278117871,0.1000000015,0.3605551329,0.3999998868,0.2344522003,0.2236068011,0.4123105687,0.4472136022,0.3061225774,0.3162277707,0.3605551329,0.3605551329,0.424264075,0.424264075,0.424264075,0.424264075,,,,
Mouse,POLYIC_20190628_mouse35__E3_P1,FN,1816,0.1000000015,0.1000000015,0.3999998868,LPS,1816,100,0,0,0,0,0,0,0,0,0.002202643172,0,0,1,0.0002753304006,0,0,0.200000003,0.0002753304006,0,0,0.200000003,,,,,,,,,,,,,,,,
Mouse,POLYIC_20190628_mouse35__E3_P1,All,4157,0.1000000015,0.1000000015,0.3999998868,LPS,4060,97.66658648,89,2.140967044,7,0.1683906663,1,0.02405580948,0,0,0.5790889135,1,1,3.31662479,0.07475174842,0.1000000015,0.2236068011,0.4472136022,0.0707659237,0.1000000015,0.2236068011,0.3999998868,0.2344522003,0.2236068011,0.4123105687,0.4472136022,0.3061225774,0.3162277707,0.3605551329,0.3605551329,0.424264075,0.424264075,0.424264075,0.424264075,,,,
Mouse,POLYIC_20190628_mouse36__E3_P1,FP,2028,0.1000000015,0.1000000015,0.400000006,LPS,1964,96.84418146,57,2.810650888,7,0.3451676529,0,0,0,0,1.019152773,1,1,3,0.1149526579,0.1000000015,0.200000003,0.424264075,0.1121573541,0.1000000015,0.200000003,0.400000006,0.182284058,0.1414213583,0.2895197275,0.3605551329,0.3509650574,0.3605551329,0.4206780231,0.424264075,,,,,,,,
Mouse,POLYIC_20190628_mouse36__E3_P1,FN,2268,0.1000000015,0.1000000015,0.400000006,LPS,2268,100,0,0,0,0,0,0,0,0,0.0176366843,0,0,1,0.001888378649,0,0,0.200000003,0.001888378649,0,0,0.200000003,,,,,,,,,,,,,,,,
Mouse,POLYIC_20190628_mouse36__E3_P1,All,4296,0.1000000015,0.1000000015,0.400000006,LPS,4232,98.51024209,57,1.326815642,7,0.1629422719,0,0,0,0,0.4904194189,0,1,3,0.05526229817,0,0.1414213583,0.424264075,0.05306235497,0,0.1414213583,0.400000006,0.182284058,0.1414213583,0.2895197275,0.3605551329,0.3509650574,0.3605551329,0.4206780231,0.424264075,,,,,,,,
Mouse,POLYIC_20190629_polyic_mo__E3_P1,FP,2104,0.1000000015,0.1000000015,0.4000000954,LPS,2060,97.90874525,43,2.043726236,1,0.04752851711,0,0,0,0,1.010315397,1,1,2.449489743,0.1165407853,0.1000000015,0.200000003,0.424264075,0.1151837916,0.1000000015,0.200000003,0.4000000954,0.1743938991,0.1414213583,0.2828427167,0.3605551329,0.424264075,0.424264075,0.424264075,0.424264075,,,,,,,,
Mouse,POLYIC_20190629_polyic_mo__E3_P1,FN,1941,0.1000000015,0.1000000015,0.4000000954,LPS,1941,100,0,0,0,0,0,0,0,0,0.005667181865,0,0,1,0.0005667181949,0,0,0.1000000015,0.0005667181949,0,0,0.1000000015,,,,,,,,,,,,,,,,
Mouse,POLYIC_20190629_polyic_mo__E3_P1,All,4045,0.1000000015,0.1000000015,0.4000000954,LPS,4001,98.91223733,43,1.063040791,1,0.02472187886,0,0,0,0,0.5282332744,1,1,2.449489743,0.06089043569,0.1000000015,0.1414213583,0.424264075,0.05957975771,0.1000000015,0.1414213583,0.4000000954,0.1743938991,0.1414213583,0.2828427167,0.3605551329,0.424264075,0.424264075,0.424264075,0.424264075,,,,,,,,
Mouse,POLYIC_20190629_polyic_mo__E3_P1_1,FP,3032,0.1000000015,0.1000000015,0.4000000954,LPS,2933,96.7348285,88,2.90237467,11,0.3627968338,0,0,0,0,1.024249578,1,1,3,0.1916617329,0.1000000015,0.4000000954,0.8485283187,0.1860892332,0.1000000015,0.4000000954,0.4000000954,0.3108544225,0.2828427167,0.6453575587,0.781025025,0.7239512857,0.8124040287,0.8395954448,0.8485283187,,,,,,,,
Mouse,POLYIC_20190629_polyic_mo__E3_P1_1,FN,2322,0.1000000015,0.1000000015,0.4000000954,LPS,2322,100,0,0,0,0,0,0,0,0,0.02583979328,0,0,1,0.003318184803,0,0,0.3605551329,0.003318184803,0,0,0.3605551329,,,,,,,,,,,,,,,,
Mouse,POLYIC_20190629_polyic_mo__E3_P1_1,All,5354,0.1000000015,0.1000000015,0.4000000954,LPS,5255,98.1509152,88,1.64363093,11,0.2054538663,0,0,0,0,0.5912448112,1,1,3,0.1099781844,0.1000000015,0.4000000954,0.8485283187,0.1053291239,0.1000000015,0.4000000954,0.4000000954,0.3108544225,0.2828427167,0.6453575587,0.781025025,0.7239512857,0.8124040287,0.8395954448,0.8485283187,,,,,,,,
Mouse,POLYIC_20190629_polyic_mo__E3_P1_2,FP,2487,0.1000000015,0.1000000015,0.4000000954,LPS,2409,96.86369119,72,2.895054282,6,0.2412545235,0,0,0,0,1.016171534,1,1,2.236067977,0.1297708774,0.1000000015,0.3000000045,0.424264075,0.1278457321,0.1000000015,0.3000000045,0.4000000954,0.1782491179,0.1414213583,0.3162277707,0.3605551329,0.3209778138,0.2914213606,0.4212756985,0.424264075,,,,,,,,
Mouse,POLYIC_20190629_polyic_mo__E3_P1_2,FN,2501,0.1000000015,0.1000000015,0.4000000954,LPS,2491,99.60015994,10,0.399840064,0,0,0,0,0,0,0.02700326646,0,0,2,0.00309557214,0,0,0.3162277707,0.002210537773,0,0,0.2236068011,0.223557633,0.2236068011,0.3012044964,0.3162277707,,,,,,,,,,,,
Mouse,POLYIC_20190629_polyic_mo__E3_P1_2,All,4988,0.1000000015,0.1000000015,0.4000000954,LPS,4900,98.23576584,82,1.643945469,6,0.1202886929,0,0,0,0,0.520199233,1,1,2.236067977,0.06625545267,0.1000000015,0.200000003,0.424264075,0.06397690168,0.1000000015,0.200000003,0.4000000954,0.1837745465,0.1414213583,0.3162277707,0.3605551329,0.3209778138,0.2914213606,0.4212756985,0.424264075,,,,,,,,
Mouse,POLYIC_20190629_polyic_mo__E3_P1_3,FP,2787,0.1000000015,0.1000000015,0.4000000358,LPS,2574,92.35737352,172,6.171510585,38,1.363473269,3,0.1076426265,0,0,1.054422694,1,1.414213562,3.31662479,0.1727621399,0.1000000015,0.4000000358,0.4472136022,0.1675354236,0.1000000015,0.4000000358,0.4000000358,0.2212877888,0.200000003,0.3605551329,0.4472136022,0.2892211571,0.3000000045,0.3228768751,0.3605551329,0.400000006,0.400000006,0.400000006,0.400000006,,,,
Mouse,POLYIC_20190629_polyic_mo__E3_P1_3,FN,1774,0.1000000015,0.1000000015,0.4000000358,LPS,1774,100,0,0,0,0,0,0,0,0,0,0,0,0,0,0,0,0,0,0,0,0,,,,,,,,,,,,,,,,
Mouse,POLYIC_20190629_polyic_mo__E3_P1_3,All,4561,0.1000000015,0.1000000015,0.4000000358,LPS,4348,95.3299715,172,3.771102828,38,0.8331506249,3,0.06577504933,0,0,0.6443052065,1,1,3.31662479,0.1055663416,0.1000000015,0.4000000358,0.4472136022,0.09918035427,0.1000000015,0.4000000358,0.4000000358,0.2212877888,0.200000003,0.3605551329,0.4472136022,0.2892211571,0.3000000045,0.3228768751,0.3605551329,0.400000006,0.400000006,0.400000006,0.400000006,,,,
Mouse,POLYIC_20190629_polyic_mo__E3_P1_5,FP,1890,0.1000000015,0.1000000015,0.4000000954,LPS,1877,99.31216931,13,0.6878306878,0,0,0,0,0,0,1.003017256,1,1,1.732050808,0.1288189613,0.1000000015,0.3162277707,0.4123106554,0.1283688968,0.1000000015,0.3162277707,0.4000000954,0.1938013437,0.200000003,0.284924264,0.4123106554,,,,,,,,,,,,
Mouse,POLYIC_20190629_polyic_mo__E3_P1_5,FN,2488,0.1000000015,0.1000000015,0.4000000954,LPS,2487,99.95980707,1,0.04019292605,0,0,0,0,0,0,0.004587706416,0,0,1.414213562,0.0004989635751,0,0,0.200000003,0.000418746028,0,0,0.1414213583,0.200000003,0.200000003,0.200000003,0.200000003,,,,,,,,,,,,
Mouse,POLYIC_20190629_polyic_mo__E3_P1_5,All,4378,0.1000000015,0.1000000015,0.4000000954,LPS,4364,99.68021928,14,0.3197807218,0,0,0,0,0,0,0.4356137111,0,1,1.732050808,0.05589521659,0,0.200000003,0.4123106554,0.05545138422,0,0.200000003,0.4000000954,0.1942441051,0.200000003,0.2743087313,0.4123106554,,,,,,,,,,,,
Mouse,POLYIC_20190629_polyic_mo__E4_P1_2,FP,2150,0.1000000015,0.1000000015,0.4000000954,LPS,2104,97.86046512,46,2.139534884,0,0,0,0,0,0,1.009850655,1,1,2,0.1326533333,0.1000000015,0.4000000954,0.4123106554,0.131464882,0.1000000015,0.4000000954,0.4000000954,0.1870120598,0.1414213583,0.3078815072,0.4123106554,,,,,,,,,,,,
Mouse,POLYIC_20190629_polyic_mo__E4_P1_2,FN,2247,0.1000000015,0.1000000015,0.4000000954,LPS,2244,99.86648865,3,0.1335113485,0,0,0,0,0,0,0.01104958929,0,0,2,0.001104958945,0,0,0.200000003,0.0008912656104,0,0,0.1000000015,0.1609475732,0.1414213583,0.1941421385,0.200000003,,,,,,,,,,,,
Mouse,POLYIC_20190629_polyic_mo__E4_P1_2,All,4397,0.1000000015,0.1000000015,0.4000000954,LPS,4348,98.88560382,49,1.114396179,0,0,0,0,0,0,0.4994330988,0,1,2,0.06542813494,0,0.200000003,0.4123106554,0.06407592269,0,0.200000003,0.4000000954,0.1854162749,0.1414213583,0.3028737491,0.4123106554,,,,,,,,,,,,
Mouse,POLYIC_20190629_polyic_mo__E4_P1_4,FP,1846,0.1000000015,0.1000000015,0.3999996185,LPS,1819,98.53737811,24,1.300108342,2,0.1083423619,1,0.05417118093,0,0,1.007895742,1,1,3.16227766,0.1174225872,0.1000000015,0.2236068011,0.4999996975,0.1160591804,0.1000000015,0.200000003,0.3999996185,0.1861501868,0.1414213583,0.2974264113,0.3162277707,0.3414213613,0.3414213613,0.3941421415,0.400000006,0.4999996975,0.4999996975,0.4999996975,0.4999996975,,,,
Mouse,POLYIC_20190629_polyic_mo__E4_P1_4,FN,2613,0.1000000015,0.1000000015,0.3999996185,LPS,2609,99.84691925,3,0.1148105626,1,0.03827018752,0,0,0,0,0.00790290147,0,0,2.236067977,0.0007902901587,0,0,0.2236068011,0.0004982752087,0,0,0.1000000015,0.1804737881,0.200000003,0.200000003,0.200000003,0.2236068011,0.2236068011,0.2236068011,0.2236068011,,,,,,,,
Mouse,POLYIC_20190629_polyic_mo__E4_P1_4,All,4459,0.1000000015,0.1000000015,0.3999996185,LPS,4428,99.30477686,27,0.605516932,3,0.06727965912,1,0.02242655304,0,0,0.4218941064,0,1,3.16227766,0.04907538108,0,0.1414213583,0.4999996975,0.04797011047,0,0.1414213583,0.3999996185,0.1855194759,0.1414213583,0.2948528181,0.3162277707,0.3021498412,0.2828427167,0.388284277,0.400000006,0.4999996975,0.4999996975,0.4999996975,0.4999996975,,,,
