domain,subject,voxel_spacing_x_mm,voxel_spacing_y_mm,voxel_spacing_z_mm,dice,hd95_mm,assd_mm,fp_voxels,fn_voxels,surface_dice_0.1mm,surface_dice_0.2mm,surface_dice_0.5mm,surface_dice_1mm
CAMRI,064,0.200000003,0.200000003,0.200000003,0.9873471742,0.200000003,0.03804505577,2342,4240,0.8208160176,0.8208160176,0.9995572883,1
CAMRI,007,0.1000000015,0.1000000015,1,0.9879251379,0.1000000015,0.01141640967,1472,2041,0.9148693695,0.9837744665,0.9990882931,1
CAMRI,043,0.1000000015,0.1000000015,1,0.9893833432,0.1000000015,0.009655559352,1064,1749,0.9213977833,0.9894550493,0.9995843596,1
CAMRI,078,0.200000003,0.200000003,0.200000003,0.9902644832,0.200000003,0.02781248658,2742,2023,0.8632601389,0.8632601389,0.9998963531,1
CAMRI,009,0.1000000015,0.1000000015,1,0.9887403479,0.1000000015,0.01003237181,1971,976,0.9215303594,0.9890179678,0.9989467162,1
CAMRI,099,0.1000000015,0.1000000015,1,0.9893460194,0.1000000015,0.009939829553,2031,1279,0.923992297,0.987900923,0.9986320473,1
Mouse,POLYIC_20190510_mouse34__E2_P1,0.1000000015,0.1000000015,0.3999999166,0.9749279594,0.200000003,0.03470856034,3213,2077,0.7547904498,0.9494825289,1,1
Mouse,POLYIC_20190510_mouse35__E3_P1,0.1000000015,0.1000000015,0.4000000656,0.9777070506,0.1414213583,0.02840745241,2594,2225,0.7765283173,0.9631210386,0.9999744429,1
Mouse,POLYIC_20190510_mouse37__E2_P1,0.1000000015,0.1000000015,0.3999997675,0.981028687,0.1000000015,0.02421230213,1836,2741,0.7988244217,0.9748056504,1,1
Mouse,POLYIC_20190510_mouse38__E2_P1,0.1000000015,0.1000000015,0.3999999762,0.9800141179,0.1000000015,0.02443820451,2520,2095,0.7931220037,0.9771059583,1,1
Mouse,POLYIC_20190510_mouse39__E4_P1,0.1000000015,0.1000000015,0.3999998868,0.9793219227,0.1000000015,0.02530235563,1904,2949,0.7885703188,0.9732708601,1,1
Mouse,POLYIC_20190510_mouse42__E2_P1,0.1000000015,0.1000000015,0.400000155,0.9796471948,0.1000000015,0.02650923406,1807,2860,0.7918502471,0.9688663859,1,1
Mouse,POLYIC_20190510_mouse43__E2_P1_1,0.1000000015,0.1000000015,0.400000006,0.972242011,0.200000003,0.03056843021,1649,2715,0.7786849522,0.9458988291,1,1
Mouse,POLYIC_20190510_mouse43__E9_P1,0.1000000015,0.1000000015,0.3999999464,0.953143843,0.400000006,0.08674332227,7726,3464,0.6189610147,0.8332867002,0.9650951315,0.9968522664
Mouse,POLYIC_20190517_mouse33__E2_P1,0.1000000015,0.1000000015,0.400000006,0.9780392619,0.1414213583,0.02924265949,3045,1800,0.7756377681,0.961124098,0.9999745909,1
Mouse,POLYIC_20190517_mouse35__E2_P1,0.1000000015,0.1000000015,0.3999999762,0.9795426874,0.1000000015,0.02521507192,2128,2459,0.797634366,0.9707017718,1,1
Mouse,POLYIC_20190517_mouse36__E2_P1,0.1000000015,0.1000000015,0.3999999464,0.9804691385,0.1000000015,0.02300546225,1879,2638,0.8088739657,0.9784626454,0.9994963425,1
Mouse,POLYIC_20190517_mouse37__E3_P1,0.0703125,0.0703125,0.3000001907,0.9742176125,0.1988737822,0.03697237204,12036,3724,0.8952500933,0.9557904069,0.9991134752,1
Mouse,POLYIC_20190517_mouse38__E3_P1,0.1000000015,0.1000000015,0.4000001252,0.9814981325,0.1000000015,0.02216158757,1968,2312,0.8083312793,0.9807986197,1,1
Mouse,POLYIC_20190517_mouse39__E12_P1,0.0703125,0.0703125,0.3000001907,0.9763518472,0.1572235297,0.03535949383,11633,2547,0.905014628,0.9554752291,0.9986460021,1
Mouse,POLYIC_20190517_mouse42__E4_P1,0.1000000015,0.1000000015,0.3999997973,0.9818470499,0.1000000015,0.02129657718,2013,2263,0.8152905783,0.9814240008,1,1
Mouse,POLYIC_20190517_mouse43__E3_P1,0.1000000015,0.1000000015,0.3999997377,0.9819619948,0.1000000015,0.02146366863,1914,2387,0.8188332112,0.9801120912,1,1
Mouse,POLYIC_20190524_polyic___E3_P1,0.1000000015,0.1000000015,0.3999996185,0.9793026124,0.1000000015,0.02630266702,2521,2094,0.7886926145,0.9689319426,0.9999008993,1
Mouse,POLYIC_20190524_polyic___E3_P1_1,0.1000000015,0.1000000015,0.4000000954,0.9812994598,0.1000000015,0.02262324117,1945,2448,0.8052775031,0.9811862322,1,1
Mouse,POLYIC_20190524_polyic___E3_P1_10,0.1000000015,0.1000000015,0.4000000954,0.9794620485,0.1000000015,0.02491561696,2693,1938,0.7963492847,0.9732363098,0.999975333,1
Mouse,POLYIC_20190524_polyic___E3_P1_12,0.1000000015,0.1000000015,0.4000000954,0.9787804202,0.1000000015,0.02668919192,2900,2152,0.7865021193,0.9666768143,0.9994613962,1
Mouse,POLYIC_20190524_polyic___E3_P1_13,0.1000000015,0.1000000015,0.4000000954,0.9802198203,0.1000000015,0.02364206218,2296,2043,0.7984370243,0.9796762407,1,1
Mouse,POLYIC_20190524_polyic___E3_P1_3,0.1000000015,0.1000000015,0.3999996185,0.9764336529,0.1414213583,0.02871130139,3230,2047,0.7672190009,0.9649433514,0.9999514787,1
Mouse,POLYIC_20190524_polyic___E3_P1_4,0.1000000015,0.1000000015,0.4000000954,0.9807887554,0.1000000015,0.02305789054,2437,1934,0.7963471231,0.9823593992,1,1
Mouse,POLYIC_20190524_polyic___E3_P1_5,0.1000000015,0.1000000015,0.4000005722,0.9788653358,0.1000000015,0.02836738456,2912,1777,0.783662568,0.9647500504,0.9998992139,1
Mouse,POLYIC_20190524_polyic___E3_P1_6,0.1000000015,0.1000000015,0.3999996185,0.9764440716,0.1414213583,0.03079691263,2312,3248,0.7635595894,0.954692164,0.9996602519,1
Mouse,POLYIC_20190524_polyic___E3_P1_7,0.1000000015,0.1000000015,0.3999996185,0.9784941715,0.1000000015,0.02490220539,2532,2071,0.791885381,0.9766451122,0.9996703436,1
Mouse,POLYIC_20190524_polyic___E3_P1_9,0.1000000015,0.1000000015,0.4000000954,0.9815923768,0.1000000015,0.02074458799,2251,1825,0.8127962673,0.9863996228,1,1
Mouse,POLYIC_20190524_polyic___E4_P1_1,0.1000000015,0.1000000015,0.3999996185,0.9784569897,0.1000000015,0.02779249014,2127,2711,0.7863729253,0.9645367094,0.999651099,1
Mouse,POLYIC_20190524_polyic___E4_P1_7,0.1000000015,0.1000000015,0.4000000954,0.9789330211,0.1000000015,0.02559300583,2463,2143,0.795441884,0.9712838693,0.9990377311,1
Mouse,POLYIC_20190524_polyic___E4_P1_9,0.1000000015,0.1000000015,0.4000000954,0.9758359411,0.1414213583,0.0297186837,2146,3352,0.7616994477,0.9655556632,0.9990311016,1
Mouse,POLYIC_20190524_polyic___E8_P1_1,0.1000000015,0.1000000015,0.4000000954,0.9762383323,0.1414213583,0.03096047761,3411,1968,0.761556697,0.9569093244,0.9999753062,1
Mouse,POLYIC_20190524_polyic___E9_P1_1,0.1000000015,0.1000000015,0.4000005722,0.9730556275,0.200000003,0.04653453318,3453,3102,0.7456441244,0.9313736626,0.9912541741,0.9953658481
Mouse,POLYIC_20190531_polyic_m__E3_P1,0.1000000015,0.1000000015,0.4000000954,0.9798429838,0.1000000015,0.023989535,1959,2719,0.8013571721,0.9749260052,0.9991096566,1
Mouse,POLYIC_20190531_polyic_m__E3_P1_1,0.1000000015,0.1000000015,0.4000000954,0.9790750692,0.1000000015,0.0260078903,2138,2488,0.7911317376,0.9732892779,0.9996973289,1
Mouse,POLYIC_20190531_polyic_m__E3_P1_10,0.1000000015,0.1000000015,0.4000000358,0.9800799604,0.1000000015,0.02342708638,2249,2300,0.7967864817,0.9786823598,1,1
Mouse,POLYIC_20190531_polyic_m__E3_P1_11,0.1000000015,0.1000000015,0.4000000954,0.9794262837,0.1000000015,0.02631274675,1646,3051,0.7904780739,0.9698917289,1,1
Mouse,POLYIC_20190531_polyic_m__E3_P1_12,0.1000000015,0.1000000015,0.3999996185,0.9795723119,0.1000000015,0.02536898507,2402,2210,0.7917855106,0.9727423795,0.9999503956,1
Mouse,POLYIC_20190531_polyic_m__E3_P1_13,0.1000000015,0.1000000015,0.4000000954,0.9821516336,0.1000000015,0.02127230389,1689,2342,0.8157516817,0.9827920687,0.9998992215,1
Mouse,POLYIC_20190531_polyic_m__E3_P1_2,0.1000000015,0.1000000015,0.3999998569,0.9820229914,0.1000000015,0.02160500655,2706,1571,0.8116245333,0.9826630835,1,1
Mouse,POLYIC_20190531_polyic_m__E3_P1_3,0.1000000015,0.1000000015,0.4000000954,0.9782849378,0.1000000015,0.02711107805,2476,2702,0.7889273356,0.9679475505,0.9977918412,0.9999089419
Mouse,POLYIC_20190531_polyic_m__E3_P1_4,0.1000000015,0.1000000015,0.4000005722,0.9759028102,0.200000003,0.0347356251,2725,2690,0.7643522397,0.943749076,0.9995811364,1
Mouse,POLYIC_20190531_polyic_m__E3_P1_5,0.1000000015,0.1000000015,0.4000000954,0.9797440579,0.1000000015,0.02575404917,2871,1800,0.7910607461,0.971645348,0.9995622781,1
Mouse,POLYIC_20190531_polyic_m__E3_P1_6,0.1000000015,0.1000000015,0.4000000954,0.9789694735,0.1000000015,0.02634787304,2122,2675,0.793756914,0.9713097013,0.9977875042,1
Mouse,POLYIC_20190531_polyic_m__E3_P1_7,0.1000000015,0.1000000015,0.4000000954,0.9807858856,0.1000000015,0.02335827977,1998,2417,0.8046821766,0.9780979266,0.9998539862,1
Mouse,POLYIC_20190531_polyic_m__E3_P1_8,0.1000000015,0.1000000015,0.400000006,0.9793268087,0.1000000015,0.0264750621,2550,2057,0.7875781428,0.9722608894,0.9988610767,1
Mouse,POLYIC_20190531_polyic_m__E3_P1_9,0.1000000015,0.1000000015,0.4000000954,0.9805135723,0.1000000015,0.02461569374,3133,1493,0.7936683321,0.9741544965,1,1
Mouse,POLYIC_20190531_polyic_m__E5_P1_11,0.1000000015,0.1000000015,0.3999999762,0.9790453004,0.1000000015,0.02618509328,2413,2648,0.7903007694,0.9686873397,0.9996036372,1
Mouse,POLYIC_20190612_polyic___E10_P1_1,0.1000000015,0.1000000015,0.4000000954,0.9823748247,0.1000000015,0.0197697097,1831,2215,0.8219277987,0.9875045582,1,1
Mouse,POLYIC_20190612_polyic___E12_P1,0.1000000015,0.1000000015,0.4000000954,0.982227853,0.1000000015,0.02132904258,1873,2167,0.8149459979,0.9830385872,1,1
Mouse,POLYIC_20190612_polyic___E3_P1,0.1000000015,0.1000000015,0.4000005722,0.981556696,0.1000000015,0.02246175998,2031,2242,0.8145083702,0.9792909371,0.9997113719,1
Mouse,POLYIC_20190612_polyic___E3_P1_1,0.1000000015,0.1000000015,0.4000000954,0.9816537988,0.1000000015,0.02165614552,2198,1901,0.8103245207,0.9823079815,1,1
Mouse,POLYIC_20190612_polyic___E3_P1_2,0.1000000015,0.1000000015,0.4000000954,0.9820203371,0.1000000015,0.02070312968,2218,1870,0.815405178,0.9866838275,1,1
Mouse,POLYIC_20190612_polyic___E3_P1_3,0.1000000015,0.1000000015,0.4000000954,0.9810555478,0.1000000015,0.02235152795,1999,2186,0.8097976253,0.9809573594,0.9999502153,1
Mouse,POLYIC_20190612_polyic___E3_P1_4,0.1000000015,0.1000000015,0.4000000954,0.9816059569,0.1000000015,0.02148752749,1960,2153,0.8135008248,0.9814998097,0.999949245,1
Mouse,POLYIC_20190614_polyic___E3_P1,0.1000000015,0.1000000015,0.4000000954,0.9822385725,0.1000000015,0.02087656607,2196,1903,0.8163443362,0.9831564151,1,1
Mouse,POLYIC_20190614_polyic___E3_P1_1,0.1000000015,0.1000000015,0.3999996185,0.9810156981,0.1000000015,0.02359420322,2439,2067,0.7990963059,0.9769509938,1,1
Mouse,POLYIC_20190614_polyic___E3_P1_3,0.1000000015,0.1000000015,0.4000000954,0.9798361636,0.1000000015,0.02691337126,2552,2302,0.7997609635,0.9662820631,0.9999540314,1
Mouse,POLYIC_20190614_polyic___E3_P1_4,0.1000000015,0.1000000015,0.4000000954,0.9817475535,0.1000000015,0.02244606139,2396,2002,0.8142913596,0.979311467,0.9992561426,1
Mouse,POLYIC_20190614_polyic___E3_P1_5,0.1000000015,0.1000000015,0.4000005722,0.9789771286,0.1000000015,0.02748811164,3007,1633,0.7870245414,0.9660868696,0.9991253061,1
Mouse,POLYIC_20190614_polyic___E3_P1_6,0.1000000015,0.1000000015,0.4000000954,0.9821217889,0.1000000015,0.02253977088,2425,1727,0.8180986763,0.976101083,1,1
Mouse,POLYIC_20190614_polyic___E4_P1_5,0.1000000015,0.1000000015,0.4000000954,0.9817799368,0.1000000015,0.02219739146,2452,1775,0.812525752,0.9821372307,0.9997576286,1
Mouse,POLYIC_20190618_mouse33__E3_P1,0.1000000015,0.1000000015,0.4000000954,0.9806378488,0.1000000015,0.02397080462,2692,1647,0.8002996255,0.9768789014,0.9999250936,1
Mouse,POLYIC_20190618_mouse34__E3_P1,0.1000000015,0.1000000015,0.400000155,0.9807221322,0.1000000015,0.02412933713,2986,1296,0.8043385473,0.9745913781,0.9998242487,1
Mouse,POLYIC_20190618_mouse35__E3_P1,0.1000000015,0.1000000015,0.4000000656,0.9811905904,0.1000000015,0.02278769567,2325,1872,0.8059850623,0.9803661979,1,1
Mouse,POLYIC_20190618_mouse36__E3_P1,0.1000000015,0.1000000015,0.3999998569,0.9813942636,0.1000000015,0.02245962701,2283,2023,0.8105613447,0.9784060822,0.9999028395,1
Mouse,POLYIC_20190619_mouse38__E3_P1,0.1000000015,0.1000000015,0.3999999762,0.9795827903,0.1000000015,0.02534548617,3298,1308,0.7988022174,0.9717877648,0.9995792912,1
Mouse,POLYIC_20190619_mouse39__E3_P1,0.1000000015,0.1000000015,0.3999998271,0.9816612079,0.1000000015,0.0224335516,1996,2265,0.8125648888,0.9782939373,1,1
Mouse,POLYIC_20190619_mouse42__E3_P1,0.1000000015,0.1000000015,0.3999997675,0.9819466858,0.1000000015,0.02127049385,2796,1388,0.81235525,0.9838611375,1,1
Mouse,POLYIC_20190619_mouse43__E3_P1,0.1000000015,0.1000000015,0.3999999166,0.9823107945,0.1000000015,0.0209957806,2244,1958,0.8221520164,0.9813928638,0.9996980115,1
Mouse,POLYIC_20190628_mouse33__E3_P1,0.1000000015,0.1000000015,0.400000006,0.982246388,0.1000000015,0.02120762309,2233,1806,0.8175782798,0.980801625,0.9999504558,1
Mouse,POLYIC_20190628_mouse34__E6_P1,0.1000000015,0.1000000015,0.4000002146,0.9815154306,0.1000000015,0.02210597945,2293,1841,0.8117394774,0.9807500499,1,1
Mouse,POLYIC_20190628_mouse35__E3_P1,0.1000000015,0.1000000015,0.3999998868,0.9818923122,0.1000000015,0.02245624384,2341,1816,0.812552178,0.9797181162,1,1
Mouse,POLYIC_20190628_mouse36__E3_P1,0.1000000015,0.1000000015,0.400000006,0.9818653068,0.1000000015,0.021095017,2028,2268,0.8178504205,0.9820590408,0.999976174,1
Mouse,POLYIC_20190629_polyic_mo__E3_P1,0.1000000015,0.1000000015,0.4000000954,0.9825648806,0.1000000015,0.02081239973,2104,1941,0.8180912339,0.9834981894,1,1
Mouse,POLYIC_20190629_polyic_mo__E3_P1_1,0.1000000015,0.1000000015,0.4000000954,0.9778829789,0.200000003,0.03220919818,3032,2322,0.7916345285,0.9480353483,0.9990083082,1
Mouse,POLYIC_20190629_polyic_mo__E3_P1_2,0.1000000015,0.1000000015,0.4000000954,0.9798559059,0.1000000015,0.0252502534,2487,2501,0.7962300495,0.9708310402,0.999839479,1
Mouse,POLYIC_20190629_polyic_mo__E3_P1_3,0.1000000015,0.1000000015,0.4000000358,0.9802870714,0.1000000015,0.02920081505,2787,1774,0.7956213277,0.9591145135,1,1
Mouse,POLYIC_20190629_polyic_mo__E3_P1_5,0.1000000015,0.1000000015,0.4000000954,0.9813578375,0.1000000015,0.02259859165,1890,2488,0.8132778097,0.977599081,0.9998564044,1
Mouse,POLYIC_20190629_polyic_mo__E4_P1_2,0.1000000015,0.1000000015,0.4000000954,0.981940651,0.1000000015,0.02256339482,2150,2247,0.8114684523,0.9785909648,1,1
Mouse,POLYIC_20190629_polyic_mo__E4_P1_4,0.1000000015,0.1000000015,0.3999996185,0.981013817,0.1000000015,0.02290507648,1846,2613,0.8086712888,0.9794614873,0.999572609,1
