domain,subject,baseline_dice,filtered_dice,dice_change,image_path,ground_truth_path,baseline_prediction_path,filtered_prediction_path
CAMRI,064,0.9822106270906518,0.9826753925702619,0.000464765479610163,/Users/estebanfelixmoran/Desktop/Purdue/Medical_Imaging/Datasets/Image_Database/CAMRI Rat Brain MRI Data/sub-064/ses-1/anat/sub-064_ses-1_acq-RARE_T2w.nii.gz,/Users/estebanfelixmoran/Desktop/Purdue/Medical_Imaging/Datasets/Mask_Database/RodentBrainMask/CAMRI Rat/CAMRI_Rat-sub-064_ses-1_acq-RARE_T2w_077.nii.gz,/Users/estebanfelixmoran/Desktop/Purdue/Medical_Imaging/3D-Medical-Segment-Anything/outputs/paper_style_level0_augmented_decoder/native_predictions/camri/064_prediction.nii.gz,/Users/estebanfelixmoran/Desktop/Purdue/Medical_Imaging/3D-Medical-Segment-Anything/outputs/paper_style_level0_augmented_decoder/filtered_predictions/camri/064_prediction.nii.gz
CAMRI,007,0.9877208970871392,0.9877208970871392,0.0,/Users/estebanfelixmoran/Desktop/Purdue/Medical_Imaging/Datasets/Image_Database/CAMRI Rat Brain MRI Data/sub-007/ses-1/anat/sub-007_ses-1_acq-RARE_T2w.nii.gz,/Users/estebanfelixmoran/Desktop/Purdue/Medical_Imaging/Datasets/Mask_Database/RodentBrainMask/CAMRI Rat/CAMRI_Rat-sub-007_ses-1_acq-RARE_T2w_123.nii.gz,/Users/estebanfelixmoran/Desktop/Purdue/Medical_Imaging/3D-Medical-Segment-Anything/outputs/paper_style_level0_augmented_decoder/native_predictions/camri/007_prediction.nii.gz,/Users/estebanfelixmoran/Desktop/Purdue/Medical_Imaging/3D-Medical-Segment-Anything/outputs/paper_style_level0_augmented_decoder/filtered_predictions/camri/007_prediction.nii.gz
CAMRI,043,0.9879341974904035,0.9883809889915242,0.00044679150112070243,/Users/estebanfelixmoran/Desktop/Purdue/Medical_Imaging/Datasets/Image_Database/CAMRI Rat Brain MRI Data/sub-043/ses-1/anat/sub-043_ses-1_acq-RARE_T2w.nii.gz,/Users/estebanfelixmoran/Desktop/Purdue/Medical_Imaging/Datasets/Mask_Database/RodentBrainMask/CAMRI Rat/CAMRI_Rat-sub-043_ses-1_acq-RARE_T2w_019.nii.gz,/Users/estebanfelixmoran/Desktop/Purdue/Medical_Imaging/3D-Medical-Segment-Anything/outputs/paper_style_level0_augmented_decoder/native_predictions/camri/043_prediction.nii.gz,/Users/estebanfelixmoran/Desktop/Purdue/Medical_Imaging/3D-Medical-Segment-Anything/outputs/paper_style_level0_augmented_decoder/filtered_predictions/camri/043_prediction.nii.gz
CAMRI,078,0.9835674610175885,0.9836113448999665,4.3883882377970806e-05,/Users/estebanfelixmoran/Desktop/Purdue/Medical_Imaging/Datasets/Image_Database/CAMRI Rat Brain MRI Data/sub-078/ses-1/anat/sub-078_ses-1_acq-RARE_T2w.nii.gz,/Users/estebanfelixmoran/Desktop/Purdue/Medical_Imaging/Datasets/Mask_Database/RodentBrainMask/CAMRI Rat/CAMRI_Rat-sub-078_ses-1_acq-RARE_T2w_069.nii.gz,/Users/estebanfelixmoran/Desktop/Purdue/Medical_Imaging/3D-Medical-Segment-Anything/outputs/paper_style_level0_augmented_decoder/native_predictions/camri/078_prediction.nii.gz,/Users/estebanfelixmoran/Desktop/Purdue/Medical_Imaging/3D-Medical-Segment-Anything/outputs/paper_style_level0_augmented_decoder/filtered_predictions/camri/078_prediction.nii.gz
CAMRI,009,0.9867524674720658,0.9871701970236688,0.00041772955160301883,/Users/estebanfelixmoran/Desktop/Purdue/Medical_Imaging/Datasets/Image_Database/CAMRI Rat Brain MRI Data/sub-009/ses-1/anat/sub-009_ses-1_acq-RARE_T2w.nii.gz,/Users/estebanfelixmoran/Desktop/Purdue/Medical_Imaging/Datasets/Mask_Database/RodentBrainMask/CAMRI Rat/CAMRI_Rat-sub-009_ses-1_acq-RARE_T2w_060.nii.gz,/Users/estebanfelixmoran/Desktop/Purdue/Medical_Imaging/3D-Medical-Segment-Anything/outputs/paper_style_level0_augmented_decoder/native_predictions/camri/009_prediction.nii.gz,/Users/estebanfelixmoran/Desktop/Purdue/Medical_Imaging/3D-Medical-Segment-Anything/outputs/paper_style_level0_augmented_decoder/filtered_predictions/camri/009_prediction.nii.gz
CAMRI,099,0.9883565027168161,0.988369183789991,1.268107317486944e-05,/Users/estebanfelixmoran/Desktop/Purdue/Medical_Imaging/Datasets/Image_Database/CAMRI Rat Brain MRI Data/sub-099/ses-1/anat/sub-099_ses-1_acq-RARE_T2w.nii.gz,/Users/estebanfelixmoran/Desktop/Purdue/Medical_Imaging/Datasets/Mask_Database/RodentBrainMask/CAMRI Rat/CAMRI_Rat-sub-099_ses-1_acq-RARE_T2w_014.nii.gz,/Users/estebanfelixmoran/Desktop/Purdue/Medical_Imaging/3D-Medical-Segment-Anything/outputs/paper_style_level0_augmented_decoder/native_predictions/camri/099_prediction.nii.gz,/Users/estebanfelixmoran/Desktop/Purdue/Medical_Imaging/3D-Medical-Segment-Anything/outputs/paper_style_level0_augmented_decoder/filtered_predictions/camri/099_prediction.nii.gz
Mouse,POLYIC_20190510_mouse34__E2_P1,0.9757629438763186,0.9758137860472167,5.084217089812437e-05,/Users/estebanfelixmoran/Desktop/Purdue/Medical_Imaging/Datasets/Image_Database/src_adult/POLYIC_20190510_mouse34__E2_P1.nii.gz,/Users/estebanfelixmoran/Desktop/Purdue/Medical_Imaging/Datasets/Mask_Database/label_adult/POLYIC_20190510_mouse34__E2_P1.nii.gz,/Users/estebanfelixmoran/Desktop/Purdue/Medical_Imaging/3D-Medical-Segment-Anything/outputs/paper_style_level0_augmented_decoder/native_predictions/mouse/POLYIC_20190510_mouse34__E2_P1_prediction.nii.gz,/Users/estebanfelixmoran/Desktop/Purdue/Medical_Imaging/3D-Medical-Segment-Anything/outputs/paper_style_level0_augmented_decoder/filtered_predictions/mouse/POLYIC_20190510_mouse34__E2_P1_prediction.nii.gz
Mouse,POLYIC_20190510_mouse35__E3_P1,0.9769431701756491,0.9769657139428735,2.2543767224325606e-05,/Users/estebanfelixmoran/Desktop/Purdue/Medical_Imaging/Datasets/Image_Database/src_adult/POLYIC_20190510_mouse35__E3_P1.nii.gz,/Users/estebanfelixmoran/Desktop/Purdue/Medical_Imaging/Datasets/Mask_Database/label_adult/POLYIC_20190510_mouse35__E3_P1.nii.gz,/Users/estebanfelixmoran/Desktop/Purdue/Medical_Imaging/3D-Medical-Segment-Anything/outputs/paper_style_level0_augmented_decoder/native_predictions/mouse/POLYIC_20190510_mouse35__E3_P1_prediction.nii.gz,/Users/estebanfelixmoran/Desktop/Purdue/Medical_Imaging/3D-Medical-Segment-Anything/outputs/paper_style_level0_augmented_decoder/filtered_predictions/mouse/POLYIC_20190510_mouse35__E3_P1_prediction.nii.gz
Mouse,POLYIC_20190510_mouse37__E2_P1,0.9819761255087718,0.9819761255087718,0.0,/Users/estebanfelixmoran/Desktop/Purdue/Medical_Imaging/Datasets/Image_Database/src_adult/POLYIC_20190510_mouse37__E2_P1.nii.gz,/Users/estebanfelixmoran/Desktop/Purdue/Medical_Imaging/Datasets/Mask_Database/label_adult/POLYIC_20190510_mouse37__E2_P1.nii.gz,/Users/estebanfelixmoran/Desktop/Purdue/Medical_Imaging/3D-Medical-Segment-Anything/outputs/paper_style_level0_augmented_decoder/native_predictions/mouse/POLYIC_20190510_mouse37__E2_P1_prediction.nii.gz,/Users/estebanfelixmoran/Desktop/Purdue/Medical_Imaging/3D-Medical-Segment-Anything/outputs/paper_style_level0_augmented_decoder/filtered_predictions/mouse/POLYIC_20190510_mouse37__E2_P1_prediction.nii.gz
Mouse,POLYIC_20190510_mouse38__E2_P1,0.9796160422483389,0.9796245232952258,8.481046886887889e-06,/Users/estebanfelixmoran/Desktop/Purdue/Medical_Imaging/Datasets/Image_Database/src_adult/POLYIC_20190510_mouse38__E2_P1.nii.gz,/Users/estebanfelixmoran/Desktop/Purdue/Medical_Imaging/Datasets/Mask_Database/label_adult/POLYIC_20190510_mouse38__E2_P1.nii.gz,/Users/estebanfelixmoran/Desktop/Purdue/Medical_Imaging/3D-Medical-Segment-Anything/outputs/paper_style_level0_augmented_decoder/native_predictions/mouse/POLYIC_20190510_mouse38__E2_P1_prediction.nii.gz,/Users/estebanfelixmoran/Desktop/Purdue/Medical_Imaging/3D-Medical-Segment-Anything/outputs/paper_style_level0_augmented_decoder/filtered_predictions/mouse/POLYIC_20190510_mouse38__E2_P1_prediction.nii.gz
Mouse,POLYIC_20190510_mouse39__E4_P1,0.9805396426517878,0.9805396426517878,0.0,/Users/estebanfelixmoran/Desktop/Purdue/Medical_Imaging/Datasets/Image_Database/src_adult/POLYIC_20190510_mouse39__E4_P1.nii.gz,/Users/estebanfelixmoran/Desktop/Purdue/Medical_Imaging/Datasets/Mask_Database/label_adult/POLYIC_20190510_mouse39__E4_P1.nii.gz,/Users/estebanfelixmoran/Desktop/Purdue/Medical_Imaging/3D-Medical-Segment-Anything/outputs/paper_style_level0_augmented_decoder/native_predictions/mouse/POLYIC_20190510_mouse39__E4_P1_prediction.nii.gz,/Users/estebanfelixmoran/Desktop/Purdue/Medical_Imaging/3D-Medical-Segment-Anything/outputs/paper_style_level0_augmented_decoder/filtered_predictions/mouse/POLYIC_20190510_mouse39__E4_P1_prediction.nii.gz
Mouse,POLYIC_20190510_mouse42__E2_P1,0.9795029107261128,0.9795199832673905,1.7072541277696196e-05,/Users/estebanfelixmoran/Desktop/Purdue/Medical_Imaging/Datasets/Image_Database/src_adult/POLYIC_20190510_mouse42__E2_P1.nii.gz,/Users/estebanfelixmoran/Desktop/Purdue/Medical_Imaging/Datasets/Mask_Database/label_adult/POLYIC_20190510_mouse42__E2_P1.nii.gz,/Users/estebanfelixmoran/Desktop/Purdue/Medical_Imaging/3D-Medical-Segment-Anything/outputs/paper_style_level0_augmented_decoder/native_predictions/mouse/POLYIC_20190510_mouse42__E2_P1_prediction.nii.gz,/Users/estebanfelixmoran/Desktop/Purdue/Medical_Imaging/3D-Medical-Segment-Anything/outputs/paper_style_level0_augmented_decoder/filtered_predictions/mouse/POLYIC_20190510_mouse42__E2_P1_prediction.nii.gz
Mouse,POLYIC_20190510_mouse43__E2_P1_1,0.9773134100978812,0.9773878597818773,7.444968399605845e-05,/Users/estebanfelixmoran/Desktop/Purdue/Medical_Imaging/Datasets/Image_Database/src_adult/POLYIC_20190510_mouse43__E2_P1_1.nii.gz,/Users/estebanfelixmoran/Desktop/Purdue/Medical_Imaging/Datasets/Mask_Database/label_adult/POLYIC_20190510_mouse43__E2_P1_1.nii.gz,/Users/estebanfelixmoran/Desktop/Purdue/Medical_Imaging/3D-Medical-Segment-Anything/outputs/paper_style_level0_augmented_decoder/native_predictions/mouse/POLYIC_20190510_mouse43__E2_P1_1_prediction.nii.gz,/Users/estebanfelixmoran/Desktop/Purdue/Medical_Imaging/3D-Medical-Segment-Anything/outputs/paper_style_level0_augmented_decoder/filtered_predictions/mouse/POLYIC_20190510_mouse43__E2_P1_1_prediction.nii.gz
Mouse,POLYIC_20190510_mouse43__E9_P1,0.9613850368087656,0.9616361059855552,0.0002510691767895201,/Users/estebanfelixmoran/Desktop/Purdue/Medical_Imaging/Datasets/Image_Database/src_adult/POLYIC_20190510_mouse43__E9_P1.nii.gz,/Users/estebanfelixmoran/Desktop/Purdue/Medical_Imaging/Datasets/Mask_Database/label_adult/POLYIC_20190510_mouse43__E9_P1.nii.gz,/Users/estebanfelixmoran/Desktop/Purdue/Medical_Imaging/3D-Medical-Segment-Anything/outputs/paper_style_level0_augmented_decoder/native_predictions/mouse/POLYIC_20190510_mouse43__E9_P1_prediction.nii.gz,/Users/estebanfelixmoran/Desktop/Purdue/Medical_Imaging/3D-Medical-Segment-Anything/outputs/paper_style_level0_augmented_decoder/filtered_predictions/mouse/POLYIC_20190510_mouse43__E9_P1_prediction.nii.gz
Mouse,POLYIC_20190517_mouse33__E2_P1,0.9777773729940437,0.9778174482095935,4.0075215549828513e-05,/Users/estebanfelixmoran/Desktop/Purdue/Medical_Imaging/Datasets/Image_Database/src_adult/POLYIC_20190517_mouse33__E2_P1.nii.gz,/Users/estebanfelixmoran/Desktop/Purdue/Medical_Imaging/Datasets/Mask_Database/label_adult/POLYIC_20190517_mouse33__E2_P1.nii.gz,/Users/estebanfelixmoran/Desktop/Purdue/Medical_Imaging/3D-Medical-Segment-Anything/outputs/paper_style_level0_augmented_decoder/native_predictions/mouse/POLYIC_20190517_mouse33__E2_P1_prediction.nii.gz,/Users/estebanfelixmoran/Desktop/Purdue/Medical_Imaging/3D-Medical-Segment-Anything/outputs/paper_style_level0_augmented_decoder/filtered_predictions/mouse/POLYIC_20190517_mouse33__E2_P1_prediction.nii.gz
Mouse,POLYIC_20190517_mouse35__E2_P1,0.9798173292739839,0.9798347489455134,1.7419671529461667e-05,/Users/estebanfelixmoran/Desktop/Purdue/Medical_Imaging/Datasets/Image_Database/src_adult/POLYIC_20190517_mouse35__E2_P1.nii.gz,/Users/estebanfelixmoran/Desktop/Purdue/Medical_Imaging/Datasets/Mask_Database/label_adult/POLYIC_20190517_mouse35__E2_P1.nii.gz,/Users/estebanfelixmoran/Desktop/Purdue/Medical_Imaging/3D-Medical-Segment-Anything/outputs/paper_style_level0_augmented_decoder/native_predictions/mouse/POLYIC_20190517_mouse35__E2_P1_prediction.nii.gz,/Users/estebanfelixmoran/Desktop/Purdue/Medical_Imaging/3D-Medical-Segment-Anything/outputs/paper_style_level0_augmented_decoder/filtered_predictions/mouse/POLYIC_20190517_mouse35__E2_P1_prediction.nii.gz
Mouse,POLYIC_20190517_mouse36__E2_P1,0.9801887645870397,0.9802352130271831,4.644844014334293e-05,/Users/estebanfelixmoran/Desktop/Purdue/Medical_Imaging/Datasets/Image_Database/src_adult/POLYIC_20190517_mouse36__E2_P1.nii.gz,/Users/estebanfelixmoran/Desktop/Purdue/Medical_Imaging/Datasets/Mask_Database/label_adult/POLYIC_20190517_mouse36__E2_P1.nii.gz,/Users/estebanfelixmoran/Desktop/Purdue/Medical_Imaging/3D-Medical-Segment-Anything/outputs/paper_style_level0_augmented_decoder/native_predictions/mouse/POLYIC_20190517_mouse36__E2_P1_prediction.nii.gz,/Users/estebanfelixmoran/Desktop/Purdue/Medical_Imaging/3D-Medical-Segment-Anything/outputs/paper_style_level0_augmented_decoder/filtered_predictions/mouse/POLYIC_20190517_mouse36__E2_P1_prediction.nii.gz
Mouse,POLYIC_20190517_mouse37__E3_P1,0.9672556843371968,0.9673153785813007,5.969424410390278e-05,/Users/estebanfelixmoran/Desktop/Purdue/Medical_Imaging/Datasets/Image_Database/src_adult/POLYIC_20190517_mouse37__E3_P1.nii.gz,/Users/estebanfelixmoran/Desktop/Purdue/Medical_Imaging/Datasets/Mask_Database/label_adult/POLYIC_20190517_mouse37__E3_P1.nii.gz,/Users/estebanfelixmoran/Desktop/Purdue/Medical_Imaging/3D-Medical-Segment-Anything/outputs/paper_style_level0_augmented_decoder/native_predictions/mouse/POLYIC_20190517_mouse37__E3_P1_prediction.nii.gz,/Users/estebanfelixmoran/Desktop/Purdue/Medical_Imaging/3D-Medical-Segment-Anything/outputs/paper_style_level0_augmented_decoder/filtered_predictions/mouse/POLYIC_20190517_mouse37__E3_P1_prediction.nii.gz
Mouse,POLYIC_20190517_mouse38__E3_P1,0.9818951470372701,0.9818951470372701,0.0,/Users/estebanfelixmoran/Desktop/Purdue/Medical_Imaging/Datasets/Image_Database/src_adult/POLYIC_20190517_mouse38__E3_P1.nii.gz,/Users/estebanfelixmoran/Desktop/Purdue/Medical_Imaging/Datasets/Mask_Database/label_adult/POLYIC_20190517_mouse38__E3_P1.nii.gz,/Users/estebanfelixmoran/Desktop/Purdue/Medical_Imaging/3D-Medical-Segment-Anything/outputs/paper_style_level0_augmented_decoder/native_predictions/mouse/POLYIC_20190517_mouse38__E3_P1_prediction.nii.gz,/Users/estebanfelixmoran/Desktop/Purdue/Medical_Imaging/3D-Medical-Segment-Anything/outputs/paper_style_level0_augmented_decoder/filtered_predictions/mouse/POLYIC_20190517_mouse38__E3_P1_prediction.nii.gz
Mouse,POLYIC_20190517_mouse39__E12_P1,0.9717356028744577,0.9718772149467088,0.00014161207225105166,/Users/estebanfelixmoran/Desktop/Purdue/Medical_Imaging/Datasets/Image_Database/src_adult/POLYIC_20190517_mouse39__E12_P1.nii.gz,/Users/estebanfelixmoran/Desktop/Purdue/Medical_Imaging/Datasets/Mask_Database/label_adult/POLYIC_20190517_mouse39__E12_P1.nii.gz,/Users/estebanfelixmoran/Desktop/Purdue/Medical_Imaging/3D-Medical-Segment-Anything/outputs/paper_style_level0_augmented_decoder/native_predictions/mouse/POLYIC_20190517_mouse39__E12_P1_prediction.nii.gz,/Users/estebanfelixmoran/Desktop/Purdue/Medical_Imaging/3D-Medical-Segment-Anything/outputs/paper_style_level0_augmented_decoder/filtered_predictions/mouse/POLYIC_20190517_mouse39__E12_P1_prediction.nii.gz
Mouse,POLYIC_20190517_mouse42__E4_P1,0.9807897094369602,0.9808104327689011,2.0723331940919465e-05,/Users/estebanfelixmoran/Desktop/Purdue/Medical_Imaging/Datasets/Image_Database/src_adult/POLYIC_20190517_mouse42__E4_P1.nii.gz,/Users/estebanfelixmoran/Desktop/Purdue/Medical_Imaging/Datasets/Mask_Database/label_adult/POLYIC_20190517_mouse42__E4_P1.nii.gz,/Users/estebanfelixmoran/Desktop/Purdue/Medical_Imaging/3D-Medical-Segment-Anything/outputs/paper_style_level0_augmented_decoder/native_predictions/mouse/POLYIC_20190517_mouse42__E4_P1_prediction.nii.gz,/Users/estebanfelixmoran/Desktop/Purdue/Medical_Imaging/3D-Medical-Segment-Anything/outputs/paper_style_level0_augmented_decoder/filtered_predictions/mouse/POLYIC_20190517_mouse42__E4_P1_prediction.nii.gz
Mouse,POLYIC_20190517_mouse43__E3_P1,0.9810536895887427,0.9810701243005997,1.6434711856971873e-05,/Users/estebanfelixmoran/Desktop/Purdue/Medical_Imaging/Datasets/Image_Database/src_adult/POLYIC_20190517_mouse43__E3_P1.nii.gz,/Users/estebanfelixmoran/Desktop/Purdue/Medical_Imaging/Datasets/Mask_Database/label_adult/POLYIC_20190517_mouse43__E3_P1.nii.gz,/Users/estebanfelixmoran/Desktop/Purdue/Medical_Imaging/3D-Medical-Segment-Anything/outputs/paper_style_level0_augmented_decoder/native_predictions/mouse/POLYIC_20190517_mouse43__E3_P1_prediction.nii.gz,/Users/estebanfelixmoran/Desktop/Purdue/Medical_Imaging/3D-Medical-Segment-Anything/outputs/paper_style_level0_augmented_decoder/filtered_predictions/mouse/POLYIC_20190517_mouse43__E3_P1_prediction.nii.gz
Mouse,POLYIC_20190524_polyic___E3_P1,0.9792401061570172,0.9792401061570172,0.0,/Users/estebanfelixmoran/Desktop/Purdue/Medical_Imaging/Datasets/Image_Database/src_adult/POLYIC_20190524_polyic___E3_P1.nii.gz,/Users/estebanfelixmoran/Desktop/Purdue/Medical_Imaging/Datasets/Mask_Database/label_adult/POLYIC_20190524_polyic___E3_P1.nii.gz,/Users/estebanfelixmoran/Desktop/Purdue/Medical_Imaging/3D-Medical-Segment-Anything/outputs/paper_style_level0_augmented_decoder/native_predictions/mouse/POLYIC_20190524_polyic___E3_P1_prediction.nii.gz,/Users/estebanfelixmoran/Desktop/Purdue/Medical_Imaging/3D-Medical-Segment-Anything/outputs/paper_style_level0_augmented_decoder/filtered_predictions/mouse/POLYIC_20190524_polyic___E3_P1_prediction.nii.gz
Mouse,POLYIC_20190524_polyic___E3_P1_1,0.9815677226559507,0.9815760795531944,8.356897243655403e-06,/Users/estebanfelixmoran/Desktop/Purdue/Medical_Imaging/Datasets/Image_Database/src_adult/POLYIC_20190524_polyic___E3_P1_1.nii.gz,/Users/estebanfelixmoran/Desktop/Purdue/Medical_Imaging/Datasets/Mask_Database/label_adult/POLYIC_20190524_polyic___E3_P1_1.nii.gz,/Users/estebanfelixmoran/Desktop/Purdue/Medical_Imaging/3D-Medical-Segment-Anything/outputs/paper_style_level0_augmented_decoder/native_predictions/mouse/POLYIC_20190524_polyic___E3_P1_1_prediction.nii.gz,/Users/estebanfelixmoran/Desktop/Purdue/Medical_Imaging/3D-Medical-Segment-Anything/outputs/paper_style_level0_augmented_decoder/filtered_predictions/mouse/POLYIC_20190524_polyic___E3_P1_1_prediction.nii.gz
Mouse,POLYIC_20190524_polyic___E3_P1_10,0.9799065668630886,0.979954254467268,4.768760417939166e-05,/Users/estebanfelixmoran/Desktop/Purdue/Medical_Imaging/Datasets/Image_Database/src_adult/POLYIC_20190524_polyic___E3_P1_10.nii.gz,/Users/estebanfelixmoran/Desktop/Purdue/Medical_Imaging/Datasets/Mask_Database/label_adult/POLYIC_20190524_polyic___E3_P1_10.nii.gz,/Users/estebanfelixmoran/Desktop/Purdue/Medical_Imaging/3D-Medical-Segment-Anything/outputs/paper_style_level0_augmented_decoder/native_predictions/mouse/POLYIC_20190524_polyic___E3_P1_10_prediction.nii.gz,/Users/estebanfelixmoran/Desktop/Purdue/Medical_Imaging/3D-Medical-Segment-Anything/outputs/paper_style_level0_augmented_decoder/filtered_predictions/mouse/POLYIC_20190524_polyic___E3_P1_10_prediction.nii.gz
Mouse,POLYIC_20190524_polyic___E3_P1_12,0.9804830394864269,0.9804828744095171,-1.650769098082705e-07,/Users/estebanfelixmoran/Desktop/Purdue/Medical_Imaging/Datasets/Image_Database/src_adult/POLYIC_20190524_polyic___E3_P1_12.nii.gz,/Users/estebanfelixmoran/Desktop/Purdue/Medical_Imaging/Datasets/Mask_Database/label_adult/POLYIC_20190524_polyic___E3_P1_12.nii.gz,/Users/estebanfelixmoran/Desktop/Purdue/Medical_Imaging/3D-Medical-Segment-Anything/outputs/paper_style_level0_augmented_decoder/native_predictions/mouse/POLYIC_20190524_polyic___E3_P1_12_prediction.nii.gz,/Users/estebanfelixmoran/Desktop/Purdue/Medical_Imaging/3D-Medical-Segment-Anything/outputs/paper_style_level0_augmented_decoder/filtered_predictions/mouse/POLYIC_20190524_polyic___E3_P1_12_prediction.nii.gz
Mouse,POLYIC_20190524_polyic___E3_P1_13,0.9803331197950031,0.980512585812357,0.0001794660173538576,/Users/estebanfelixmoran/Desktop/Purdue/Medical_Imaging/Datasets/Image_Database/src_adult/POLYIC_20190524_polyic___E3_P1_13.nii.gz,/Users/estebanfelixmoran/Desktop/Purdue/Medical_Imaging/Datasets/Mask_Database/label_adult/POLYIC_20190524_polyic___E3_P1_13.nii.gz,/Users/estebanfelixmoran/Desktop/Purdue/Medical_Imaging/3D-Medical-Segment-Anything/outputs/paper_style_level0_augmented_decoder/native_predictions/mouse/POLYIC_20190524_polyic___E3_P1_13_prediction.nii.gz,/Users/estebanfelixmoran/Desktop/Purdue/Medical_Imaging/3D-Medical-Segment-Anything/outputs/paper_style_level0_augmented_decoder/filtered_predictions/mouse/POLYIC_20190524_polyic___E3_P1_13_prediction.nii.gz
Mouse,POLYIC_20190524_polyic___E3_P1_3,0.978847990198728,0.978847990198728,0.0,/Users/estebanfelixmoran/Desktop/Purdue/Medical_Imaging/Datasets/Image_Database/src_adult/POLYIC_20190524_polyic___E3_P1_3.nii.gz,/Users/estebanfelixmoran/Desktop/Purdue/Medical_Imaging/Datasets/Mask_Database/label_adult/POLYIC_20190524_polyic___E3_P1_3.nii.gz,/Users/estebanfelixmoran/Desktop/Purdue/Medical_Imaging/3D-Medical-Segment-Anything/outputs/paper_style_level0_augmented_decoder/native_predictions/mouse/POLYIC_20190524_polyic___E3_P1_3_prediction.nii.gz,/Users/estebanfelixmoran/Desktop/Purdue/Medical_Imaging/3D-Medical-Segment-Anything/outputs/paper_style_level0_augmented_decoder/filtered_predictions/mouse/POLYIC_20190524_polyic___E3_P1_3_prediction.nii.gz
Mouse,POLYIC_20190524_polyic___E3_P1_4,0.9820828371046711,0.9820828371046711,0.0,/Users/estebanfelixmoran/Desktop/Purdue/Medical_Imaging/Datasets/Image_Database/src_adult/POLYIC_20190524_polyic___E3_P1_4.nii.gz,/Users/estebanfelixmoran/Desktop/Purdue/Medical_Imaging/Datasets/Mask_Database/label_adult/POLYIC_20190524_polyic___E3_P1_4.nii.gz,/Users/estebanfelixmoran/Desktop/Purdue/Medical_Imaging/3D-Medical-Segment-Anything/outputs/paper_style_level0_augmented_decoder/native_predictions/mouse/POLYIC_20190524_polyic___E3_P1_4_prediction.nii.gz,/Users/estebanfelixmoran/Desktop/Purdue/Medical_Imaging/3D-Medical-Segment-Anything/outputs/paper_style_level0_augmented_decoder/filtered_predictions/mouse/POLYIC_20190524_polyic___E3_P1_4_prediction.nii.gz
Mouse,POLYIC_20190524_polyic___E3_P1_5,0.9806815557980233,0.9806859957623282,4.439964304880917e-06,/Users/estebanfelixmoran/Desktop/Purdue/Medical_Imaging/Datasets/Image_Database/src_adult/POLYIC_20190524_polyic___E3_P1_5.nii.gz,/Users/estebanfelixmoran/Desktop/Purdue/Medical_Imaging/Datasets/Mask_Database/label_adult/POLYIC_20190524_polyic___E3_P1_5.nii.gz,/Users/estebanfelixmoran/Desktop/Purdue/Medical_Imaging/3D-Medical-Segment-Anything/outputs/paper_style_level0_augmented_decoder/native_predictions/mouse/POLYIC_20190524_polyic___E3_P1_5_prediction.nii.gz,/Users/estebanfelixmoran/Desktop/Purdue/Medical_Imaging/3D-Medical-Segment-Anything/outputs/paper_style_level0_augmented_decoder/filtered_predictions/mouse/POLYIC_20190524_polyic___E3_P1_5_prediction.nii.gz
Mouse,POLYIC_20190524_polyic___E3_P1_6,0.9787083340444778,0.9787125100805161,4.1760360383058526e-06,/Users/estebanfelixmoran/Desktop/Purdue/Medical_Imaging/Datasets/Image_Database/src_adult/POLYIC_20190524_polyic___E3_P1_6.nii.gz,/Users/estebanfelixmoran/Desktop/Purdue/Medical_Imaging/Datasets/Mask_Database/label_adult/POLYIC_20190524_polyic___E3_P1_6.nii.gz,/Users/estebanfelixmoran/Desktop/Purdue/Medical_Imaging/3D-Medical-Segment-Anything/outputs/paper_style_level0_augmented_decoder/native_predictions/mouse/POLYIC_20190524_polyic___E3_P1_6_prediction.nii.gz,/Users/estebanfelixmoran/Desktop/Purdue/Medical_Imaging/3D-Medical-Segment-Anything/outputs/paper_style_level0_augmented_decoder/filtered_predictions/mouse/POLYIC_20190524_polyic___E3_P1_6_prediction.nii.gz
Mouse,POLYIC_20190524_polyic___E3_P1_7,0.9792889453811358,0.9794674531322299,0.00017850775109418127,/Users/estebanfelixmoran/Desktop/Purdue/Medical_Imaging/Datasets/Image_Database/src_adult/POLYIC_20190524_polyic___E3_P1_7.nii.gz,/Users/estebanfelixmoran/Desktop/Purdue/Medical_Imaging/Datasets/Mask_Database/label_adult/POLYIC_20190524_polyic___E3_P1_7.nii.gz,/Users/estebanfelixmoran/Desktop/Purdue/Medical_Imaging/3D-Medical-Segment-Anything/outputs/paper_style_level0_augmented_decoder/native_predictions/mouse/POLYIC_20190524_polyic___E3_P1_7_prediction.nii.gz,/Users/estebanfelixmoran/Desktop/Purdue/Medical_Imaging/3D-Medical-Segment-Anything/outputs/paper_style_level0_augmented_decoder/filtered_predictions/mouse/POLYIC_20190524_polyic___E3_P1_7_prediction.nii.gz
Mouse,POLYIC_20190524_polyic___E3_P1_9,0.9816802452279119,0.981689121982096,8.87675418415057e-06,/Users/estebanfelixmoran/Desktop/Purdue/Medical_Imaging/Datasets/Image_Database/src_adult/POLYIC_20190524_polyic___E3_P1_9.nii.gz,/Users/estebanfelixmoran/Desktop/Purdue/Medical_Imaging/Datasets/Mask_Database/label_adult/POLYIC_20190524_polyic___E3_P1_9.nii.gz,/Users/estebanfelixmoran/Desktop/Purdue/Medical_Imaging/3D-Medical-Segment-Anything/outputs/paper_style_level0_augmented_decoder/native_predictions/mouse/POLYIC_20190524_polyic___E3_P1_9_prediction.nii.gz,/Users/estebanfelixmoran/Desktop/Purdue/Medical_Imaging/3D-Medical-Segment-Anything/outputs/paper_style_level0_augmented_decoder/filtered_predictions/mouse/POLYIC_20190524_polyic___E3_P1_9_prediction.nii.gz
Mouse,POLYIC_20190524_polyic___E4_P1_1,0.9795474481301802,0.9795649838882922,1.753575811191954e-05,/Users/estebanfelixmoran/Desktop/Purdue/Medical_Imaging/Datasets/Image_Database/src_adult/POLYIC_20190524_polyic___E4_P1_1.nii.gz,/Users/estebanfelixmoran/Desktop/Purdue/Medical_Imaging/Datasets/Mask_Database/label_adult/POLYIC_20190524_polyic___E4_P1_1.nii.gz,/Users/estebanfelixmoran/Desktop/Purdue/Medical_Imaging/3D-Medical-Segment-Anything/outputs/paper_style_level0_augmented_decoder/native_predictions/mouse/POLYIC_20190524_polyic___E4_P1_1_prediction.nii.gz,/Users/estebanfelixmoran/Desktop/Purdue/Medical_Imaging/3D-Medical-Segment-Anything/outputs/paper_style_level0_augmented_decoder/filtered_predictions/mouse/POLYIC_20190524_polyic___E4_P1_1_prediction.nii.gz
Mouse,POLYIC_20190524_polyic___E4_P1_7,0.9807595492864923,0.9807730154008101,1.3466114317739475e-05,/Users/estebanfelixmoran/Desktop/Purdue/Medical_Imaging/Datasets/Image_Database/src_adult/POLYIC_20190524_polyic___E4_P1_7.nii.gz,/Users/estebanfelixmoran/Desktop/Purdue/Medical_Imaging/Datasets/Mask_Database/label_adult/POLYIC_20190524_polyic___E4_P1_7.nii.gz,/Users/estebanfelixmoran/Desktop/Purdue/Medical_Imaging/3D-Medical-Segment-Anything/outputs/paper_style_level0_augmented_decoder/native_predictions/mouse/POLYIC_20190524_polyic___E4_P1_7_prediction.nii.gz,/Users/estebanfelixmoran/Desktop/Purdue/Medical_Imaging/3D-Medical-Segment-Anything/outputs/paper_style_level0_augmented_decoder/filtered_predictions/mouse/POLYIC_20190524_polyic___E4_P1_7_prediction.nii.gz
Mouse,POLYIC_20190524_polyic___E4_P1_9,0.9778448662122247,0.9778701967625321,2.5330550307400834e-05,/Users/estebanfelixmoran/Desktop/Purdue/Medical_Imaging/Datasets/Image_Database/src_adult/POLYIC_20190524_polyic___E4_P1_9.nii.gz,/Users/estebanfelixmoran/Desktop/Purdue/Medical_Imaging/Datasets/Mask_Database/label_adult/POLYIC_20190524_polyic___E4_P1_9.nii.gz,/Users/estebanfelixmoran/Desktop/Purdue/Medical_Imaging/3D-Medical-Segment-Anything/outputs/paper_style_level0_augmented_decoder/native_predictions/mouse/POLYIC_20190524_polyic___E4_P1_9_prediction.nii.gz,/Users/estebanfelixmoran/Desktop/Purdue/Medical_Imaging/3D-Medical-Segment-Anything/outputs/paper_style_level0_augmented_decoder/filtered_predictions/mouse/POLYIC_20190524_polyic___E4_P1_9_prediction.nii.gz
Mouse,POLYIC_20190524_polyic___E8_P1_1,0.9772882045476656,0.9774005802434191,0.00011237569575350825,/Users/estebanfelixmoran/Desktop/Purdue/Medical_Imaging/Datasets/Image_Database/src_adult/POLYIC_20190524_polyic___E8_P1_1.nii.gz,/Users/estebanfelixmoran/Desktop/Purdue/Medical_Imaging/Datasets/Mask_Database/label_adult/POLYIC_20190524_polyic___E8_P1_1.nii.gz,/Users/estebanfelixmoran/Desktop/Purdue/Medical_Imaging/3D-Medical-Segment-Anything/outputs/paper_style_level0_augmented_decoder/native_predictions/mouse/POLYIC_20190524_polyic___E8_P1_1_prediction.nii.gz,/Users/estebanfelixmoran/Desktop/Purdue/Medical_Imaging/3D-Medical-Segment-Anything/outputs/paper_style_level0_augmented_decoder/filtered_predictions/mouse/POLYIC_20190524_polyic___E8_P1_1_prediction.nii.gz
Mouse,POLYIC_20190524_polyic___E9_P1_1,0.9724422104678687,0.9727061653331551,0.00026395486528640877,/Users/estebanfelixmoran/Desktop/Purdue/Medical_Imaging/Datasets/Image_Database/src_adult/POLYIC_20190524_polyic___E9_P1_1.nii.gz,/Users/estebanfelixmoran/Desktop/Purdue/Medical_Imaging/Datasets/Mask_Database/label_adult/POLYIC_20190524_polyic___E9_P1_1.nii.gz,/Users/estebanfelixmoran/Desktop/Purdue/Medical_Imaging/3D-Medical-Segment-Anything/outputs/paper_style_level0_augmented_decoder/native_predictions/mouse/POLYIC_20190524_polyic___E9_P1_1_prediction.nii.gz,/Users/estebanfelixmoran/Desktop/Purdue/Medical_Imaging/3D-Medical-Segment-Anything/outputs/paper_style_level0_augmented_decoder/filtered_predictions/mouse/POLYIC_20190524_polyic___E9_P1_1_prediction.nii.gz
Mouse,POLYIC_20190531_polyic_m__E3_P1,0.9814873977878131,0.9815128227268802,2.5424939067097974e-05,/Users/estebanfelixmoran/Desktop/Purdue/Medical_Imaging/Datasets/Image_Database/src_adult/POLYIC_20190531_polyic_m__E3_P1.nii.gz,/Users/estebanfelixmoran/Desktop/Purdue/Medical_Imaging/Datasets/Mask_Database/label_adult/POLYIC_20190531_polyic_m__E3_P1.nii.gz,/Users/estebanfelixmoran/Desktop/Purdue/Medical_Imaging/3D-Medical-Segment-Anything/outputs/paper_style_level0_augmented_decoder/native_predictions/mouse/POLYIC_20190531_polyic_m__E3_P1_prediction.nii.gz,/Users/estebanfelixmoran/Desktop/Purdue/Medical_Imaging/3D-Medical-Segment-Anything/outputs/paper_style_level0_augmented_decoder/filtered_predictions/mouse/POLYIC_20190531_polyic_m__E3_P1_prediction.nii.gz
Mouse,POLYIC_20190531_polyic_m__E3_P1_1,0.9815483154086246,0.9815793515281278,3.1036119503169424e-05,/Users/estebanfelixmoran/Desktop/Purdue/Medical_Imaging/Datasets/Image_Database/src_adult/POLYIC_20190531_polyic_m__E3_P1_1.nii.gz,/Users/estebanfelixmoran/Desktop/Purdue/Medical_Imaging/Datasets/Mask_Database/label_adult/POLYIC_20190531_polyic_m__E3_P1_1.nii.gz,/Users/estebanfelixmoran/Desktop/Purdue/Medical_Imaging/3D-Medical-Segment-Anything/outputs/paper_style_level0_augmented_decoder/native_predictions/mouse/POLYIC_20190531_polyic_m__E3_P1_1_prediction.nii.gz,/Users/estebanfelixmoran/Desktop/Purdue/Medical_Imaging/3D-Medical-Segment-Anything/outputs/paper_style_level0_augmented_decoder/filtered_predictions/mouse/POLYIC_20190531_polyic_m__E3_P1_1_prediction.nii.gz
Mouse,POLYIC_20190531_polyic_m__E3_P1_10,0.9800566287820408,0.9800652601820415,8.631400000735923e-06,/Users/estebanfelixmoran/Desktop/Purdue/Medical_Imaging/Datasets/Image_Database/src_adult/POLYIC_20190531_polyic_m__E3_P1_10.nii.gz,/Users/estebanfelixmoran/Desktop/Purdue/Medical_Imaging/Datasets/Mask_Database/label_adult/POLYIC_20190531_polyic_m__E3_P1_10.nii.gz,/Users/estebanfelixmoran/Desktop/Purdue/Medical_Imaging/3D-Medical-Segment-Anything/outputs/paper_style_level0_augmented_decoder/native_predictions/mouse/POLYIC_20190531_polyic_m__E3_P1_10_prediction.nii.gz,/Users/estebanfelixmoran/Desktop/Purdue/Medical_Imaging/3D-Medical-Segment-Anything/outputs/paper_style_level0_augmented_decoder/filtered_predictions/mouse/POLYIC_20190531_polyic_m__E3_P1_10_prediction.nii.gz
Mouse,POLYIC_20190531_polyic_m__E3_P1_11,0.980448322077103,0.9804697936604574,2.1471583354415458e-05,/Users/estebanfelixmoran/Desktop/Purdue/Medical_Imaging/Datasets/Image_Database/src_adult/POLYIC_20190531_polyic_m__E3_P1_11.nii.gz,/Users/estebanfelixmoran/Desktop/Purdue/Medical_Imaging/Datasets/Mask_Database/label_adult/POLYIC_20190531_polyic_m__E3_P1_11.nii.gz,/Users/estebanfelixmoran/Desktop/Purdue/Medical_Imaging/3D-Medical-Segment-Anything/outputs/paper_style_level0_augmented_decoder/native_predictions/mouse/POLYIC_20190531_polyic_m__E3_P1_11_prediction.nii.gz,/Users/estebanfelixmoran/Desktop/Purdue/Medical_Imaging/3D-Medical-Segment-Anything/outputs/paper_style_level0_augmented_decoder/filtered_predictions/mouse/POLYIC_20190531_polyic_m__E3_P1_11_prediction.nii.gz
Mouse,POLYIC_20190531_polyic_m__E3_P1_12,0.980694946448766,0.9807123438338485,1.739738508255151e-05,/Users/estebanfelixmoran/Desktop/Purdue/Medical_Imaging/Datasets/Image_Database/src_adult/POLYIC_20190531_polyic_m__E3_P1_12.nii.gz,/Users/estebanfelixmoran/Desktop/Purdue/Medical_Imaging/Datasets/Mask_Database/label_adult/POLYIC_20190531_polyic_m__E3_P1_12.nii.gz,/Users/estebanfelixmoran/Desktop/Purdue/Medical_Imaging/3D-Medical-Segment-Anything/outputs/paper_style_level0_augmented_decoder/native_predictions/mouse/POLYIC_20190531_polyic_m__E3_P1_12_prediction.nii.gz,/Users/estebanfelixmoran/Desktop/Purdue/Medical_Imaging/3D-Medical-Segment-Anything/outputs/paper_style_level0_augmented_decoder/filtered_predictions/mouse/POLYIC_20190531_polyic_m__E3_P1_12_prediction.nii.gz
Mouse,POLYIC_20190531_polyic_m__E3_P1_13,0.9829709775854663,0.9829709775854663,0.0,/Users/estebanfelixmoran/Desktop/Purdue/Medical_Imaging/Datasets/Image_Database/src_adult/POLYIC_20190531_polyic_m__E3_P1_13.nii.gz,/Users/estebanfelixmoran/Desktop/Purdue/Medical_Imaging/Datasets/Mask_Database/label_adult/POLYIC_20190531_polyic_m__E3_P1_13.nii.gz,/Users/estebanfelixmoran/Desktop/Purdue/Medical_Imaging/3D-Medical-Segment-Anything/outputs/paper_style_level0_augmented_decoder/native_predictions/mouse/POLYIC_20190531_polyic_m__E3_P1_13_prediction.nii.gz,/Users/estebanfelixmoran/Desktop/Purdue/Medical_Imaging/3D-Medical-Segment-Anything/outputs/paper_style_level0_augmented_decoder/filtered_predictions/mouse/POLYIC_20190531_polyic_m__E3_P1_13_prediction.nii.gz
Mouse,POLYIC_20190531_polyic_m__E3_P1_2,0.9835163211636928,0.9835287760977298,1.245493403700948e-05,/Users/estebanfelixmoran/Desktop/Purdue/Medical_Imaging/Datasets/Image_Database/src_adult/POLYIC_20190531_polyic_m__E3_P1_2.nii.gz,/Users/estebanfelixmoran/Desktop/Purdue/Medical_Imaging/Datasets/Mask_Database/label_adult/POLYIC_20190531_polyic_m__E3_P1_2.nii.gz,/Users/estebanfelixmoran/Desktop/Purdue/Medical_Imaging/3D-Medical-Segment-Anything/outputs/paper_style_level0_augmented_decoder/native_predictions/mouse/POLYIC_20190531_polyic_m__E3_P1_2_prediction.nii.gz,/Users/estebanfelixmoran/Desktop/Purdue/Medical_Imaging/3D-Medical-Segment-Anything/outputs/paper_style_level0_augmented_decoder/filtered_predictions/mouse/POLYIC_20190531_polyic_m__E3_P1_2_prediction.nii.gz
Mouse,POLYIC_20190531_polyic_m__E3_P1_3,0.9785987079572561,0.9811530119874241,0.0025543040301679865,/Users/estebanfelixmoran/Desktop/Purdue/Medical_Imaging/Datasets/Image_Database/src_adult/POLYIC_20190531_polyic_m__E3_P1_3.nii.gz,/Users/estebanfelixmoran/Desktop/Purdue/Medical_Imaging/Datasets/Mask_Database/label_adult/POLYIC_20190531_polyic_m__E3_P1_3.nii.gz,/Users/estebanfelixmoran/Desktop/Purdue/Medical_Imaging/3D-Medical-Segment-Anything/outputs/paper_style_level0_augmented_decoder/native_predictions/mouse/POLYIC_20190531_polyic_m__E3_P1_3_prediction.nii.gz,/Users/estebanfelixmoran/Desktop/Purdue/Medical_Imaging/3D-Medical-Segment-Anything/outputs/paper_style_level0_augmented_decoder/filtered_predictions/mouse/POLYIC_20190531_polyic_m__E3_P1_3_prediction.nii.gz
Mouse,POLYIC_20190531_polyic_m__E3_P1_4,0.9752935541200539,0.9753241171835828,3.0563063528887824e-05,/Users/estebanfelixmoran/Desktop/Purdue/Medical_Imaging/Datasets/Image_Database/src_adult/POLYIC_20190531_polyic_m__E3_P1_4.nii.gz,/Users/estebanfelixmoran/Desktop/Purdue/Medical_Imaging/Datasets/Mask_Database/label_adult/POLYIC_20190531_polyic_m__E3_P1_4.nii.gz,/Users/estebanfelixmoran/Desktop/Purdue/Medical_Imaging/3D-Medical-Segment-Anything/outputs/paper_style_level0_augmented_decoder/native_predictions/mouse/POLYIC_20190531_polyic_m__E3_P1_4_prediction.nii.gz,/Users/estebanfelixmoran/Desktop/Purdue/Medical_Imaging/3D-Medical-Segment-Anything/outputs/paper_style_level0_augmented_decoder/filtered_predictions/mouse/POLYIC_20190531_polyic_m__E3_P1_4_prediction.nii.gz
Mouse,POLYIC_20190531_polyic_m__E3_P1_5,0.9806067454798331,0.9806451052066536,3.835972682053601e-05,/Users/estebanfelixmoran/Desktop/Purdue/Medical_Imaging/Datasets/Image_Database/src_adult/POLYIC_20190531_polyic_m__E3_P1_5.nii.gz,/Users/estebanfelixmoran/Desktop/Purdue/Medical_Imaging/Datasets/Mask_Database/label_adult/POLYIC_20190531_polyic_m__E3_P1_5.nii.gz,/Users/estebanfelixmoran/Desktop/Purdue/Medical_Imaging/3D-Medical-Segment-Anything/outputs/paper_style_level0_augmented_decoder/native_predictions/mouse/POLYIC_20190531_polyic_m__E3_P1_5_prediction.nii.gz,/Users/estebanfelixmoran/Desktop/Purdue/Medical_Imaging/3D-Medical-Segment-Anything/outputs/paper_style_level0_augmented_decoder/filtered_predictions/mouse/POLYIC_20190531_polyic_m__E3_P1_5_prediction.nii.gz
Mouse,POLYIC_20190531_polyic_m__E3_P1_6,0.9794312601036542,0.9794527149578978,2.14548542435411e-05,/Users/estebanfelixmoran/Desktop/Purdue/Medical_Imaging/Datasets/Image_Database/src_adult/POLYIC_20190531_polyic_m__E3_P1_6.nii.gz,/Users/estebanfelixmoran/Desktop/Purdue/Medical_Imaging/Datasets/Mask_Database/label_adult/POLYIC_20190531_polyic_m__E3_P1_6.nii.gz,/Users/estebanfelixmoran/Desktop/Purdue/Medical_Imaging/3D-Medical-Segment-Anything/outputs/paper_style_level0_augmented_decoder/native_predictions/mouse/POLYIC_20190531_polyic_m__E3_P1_6_prediction.nii.gz,/Users/estebanfelixmoran/Desktop/Purdue/Medical_Imaging/3D-Medical-Segment-Anything/outputs/paper_style_level0_augmented_decoder/filtered_predictions/mouse/POLYIC_20190531_polyic_m__E3_P1_6_prediction.nii.gz
Mouse,POLYIC_20190531_polyic_m__E3_P1_7,0.9826489576766733,0.9826745909942655,2.5633317592199667e-05,/Users/estebanfelixmoran/Desktop/Purdue/Medical_Imaging/Datasets/Image_Database/src_adult/POLYIC_20190531_polyic_m__E3_P1_7.nii.gz,/Users/estebanfelixmoran/Desktop/Purdue/Medical_Imaging/Datasets/Mask_Database/label_adult/POLYIC_20190531_polyic_m__E3_P1_7.nii.gz,/Users/estebanfelixmoran/Desktop/Purdue/Medical_Imaging/3D-Medical-Segment-Anything/outputs/paper_style_level0_augmented_decoder/native_predictions/mouse/POLYIC_20190531_polyic_m__E3_P1_7_prediction.nii.gz,/Users/estebanfelixmoran/Desktop/Purdue/Medical_Imaging/3D-Medical-Segment-Anything/outputs/paper_style_level0_augmented_decoder/filtered_predictions/mouse/POLYIC_20190531_polyic_m__E3_P1_7_prediction.nii.gz
Mouse,POLYIC_20190531_polyic_m__E3_P1_8,0.9804120654488602,0.9804384940246204,2.6428575760184536e-05,/Users/estebanfelixmoran/Desktop/Purdue/Medical_Imaging/Datasets/Image_Database/src_adult/POLYIC_20190531_polyic_m__E3_P1_8.nii.gz,/Users/estebanfelixmoran/Desktop/Purdue/Medical_Imaging/Datasets/Mask_Database/label_adult/POLYIC_20190531_polyic_m__E3_P1_8.nii.gz,/Users/estebanfelixmoran/Desktop/Purdue/Medical_Imaging/3D-Medical-Segment-Anything/outputs/paper_style_level0_augmented_decoder/native_predictions/mouse/POLYIC_20190531_polyic_m__E3_P1_8_prediction.nii.gz,/Users/estebanfelixmoran/Desktop/Purdue/Medical_Imaging/3D-Medical-Segment-Anything/outputs/paper_style_level0_augmented_decoder/filtered_predictions/mouse/POLYIC_20190531_polyic_m__E3_P1_8_prediction.nii.gz
Mouse,POLYIC_20190531_polyic_m__E3_P1_9,0.9823561013371461,0.9823561013371461,0.0,/Users/estebanfelixmoran/Desktop/Purdue/Medical_Imaging/Datasets/Image_Database/src_adult/POLYIC_20190531_polyic_m__E3_P1_9.nii.gz,/Users/estebanfelixmoran/Desktop/Purdue/Medical_Imaging/Datasets/Mask_Database/label_adult/POLYIC_20190531_polyic_m__E3_P1_9.nii.gz,/Users/estebanfelixmoran/Desktop/Purdue/Medical_Imaging/3D-Medical-Segment-Anything/outputs/paper_style_level0_augmented_decoder/native_predictions/mouse/POLYIC_20190531_polyic_m__E3_P1_9_prediction.nii.gz,/Users/estebanfelixmoran/Desktop/Purdue/Medical_Imaging/3D-Medical-Segment-Anything/outputs/paper_style_level0_augmented_decoder/filtered_predictions/mouse/POLYIC_20190531_polyic_m__E3_P1_9_prediction.nii.gz
Mouse,POLYIC_20190531_polyic_m__E5_P1_11,0.9804576499326986,0.9804902368093061,3.258687660756543e-05,/Users/estebanfelixmoran/Desktop/Purdue/Medical_Imaging/Datasets/Image_Database/src_adult/POLYIC_20190531_polyic_m__E5_P1_11.nii.gz,/Users/estebanfelixmoran/Desktop/Purdue/Medical_Imaging/Datasets/Mask_Database/label_adult/POLYIC_20190531_polyic_m__E5_P1_11.nii.gz,/Users/estebanfelixmoran/Desktop/Purdue/Medical_Imaging/3D-Medical-Segment-Anything/outputs/paper_style_level0_augmented_decoder/native_predictions/mouse/POLYIC_20190531_polyic_m__E5_P1_11_prediction.nii.gz,/Users/estebanfelixmoran/Desktop/Purdue/Medical_Imaging/3D-Medical-Segment-Anything/outputs/paper_style_level0_augmented_decoder/filtered_predictions/mouse/POLYIC_20190531_polyic_m__E5_P1_11_prediction.nii.gz
Mouse,POLYIC_20190612_polyic___E10_P1_1,0.9826361965167845,0.9826832849046165,4.70883878320727e-05,/Users/estebanfelixmoran/Desktop/Purdue/Medical_Imaging/Datasets/Image_Database/src_adult/POLYIC_20190612_polyic___E10_P1_1.nii.gz,/Users/estebanfelixmoran/Desktop/Purdue/Medical_Imaging/Datasets/Mask_Database/label_adult/POLYIC_20190612_polyic___E10_P1_1.nii.gz,/Users/estebanfelixmoran/Desktop/Purdue/Medical_Imaging/3D-Medical-Segment-Anything/outputs/paper_style_level0_augmented_decoder/native_predictions/mouse/POLYIC_20190612_polyic___E10_P1_1_prediction.nii.gz,/Users/estebanfelixmoran/Desktop/Purdue/Medical_Imaging/3D-Medical-Segment-Anything/outputs/paper_style_level0_augmented_decoder/filtered_predictions/mouse/POLYIC_20190612_polyic___E10_P1_1_prediction.nii.gz
Mouse,POLYIC_20190612_polyic___E12_P1,0.9827538455451464,0.9827711272404349,1.7281695288473564e-05,/Users/estebanfelixmoran/Desktop/Purdue/Medical_Imaging/Datasets/Image_Database/src_adult/POLYIC_20190612_polyic___E12_P1.nii.gz,/Users/estebanfelixmoran/Desktop/Purdue/Medical_Imaging/Datasets/Mask_Database/label_adult/POLYIC_20190612_polyic___E12_P1.nii.gz,/Users/estebanfelixmoran/Desktop/Purdue/Medical_Imaging/3D-Medical-Segment-Anything/outputs/paper_style_level0_augmented_decoder/native_predictions/mouse/POLYIC_20190612_polyic___E12_P1_prediction.nii.gz,/Users/estebanfelixmoran/Desktop/Purdue/Medical_Imaging/3D-Medical-Segment-Anything/outputs/paper_style_level0_augmented_decoder/filtered_predictions/mouse/POLYIC_20190612_polyic___E12_P1_prediction.nii.gz
Mouse,POLYIC_20190612_polyic___E3_P1,0.9826662410160395,0.9826916771644032,2.5436148363700006e-05,/Users/estebanfelixmoran/Desktop/Purdue/Medical_Imaging/Datasets/Image_Database/src_adult/POLYIC_20190612_polyic___E3_P1.nii.gz,/Users/estebanfelixmoran/Desktop/Purdue/Medical_Imaging/Datasets/Mask_Database/label_adult/POLYIC_20190612_polyic___E3_P1.nii.gz,/Users/estebanfelixmoran/Desktop/Purdue/Medical_Imaging/3D-Medical-Segment-Anything/outputs/paper_style_level0_augmented_decoder/native_predictions/mouse/POLYIC_20190612_polyic___E3_P1_prediction.nii.gz,/Users/estebanfelixmoran/Desktop/Purdue/Medical_Imaging/3D-Medical-Segment-Anything/outputs/paper_style_level0_augmented_decoder/filtered_predictions/mouse/POLYIC_20190612_polyic___E3_P1_prediction.nii.gz
Mouse,POLYIC_20190612_polyic___E3_P1_1,0.981648664624644,0.9816838334079714,3.5168783327432784e-05,/Users/estebanfelixmoran/Desktop/Purdue/Medical_Imaging/Datasets/Image_Database/src_adult/POLYIC_20190612_polyic___E3_P1_1.nii.gz,/Users/estebanfelixmoran/Desktop/Purdue/Medical_Imaging/Datasets/Mask_Database/label_adult/POLYIC_20190612_polyic___E3_P1_1.nii.gz,/Users/estebanfelixmoran/Desktop/Purdue/Medical_Imaging/3D-Medical-Segment-Anything/outputs/paper_style_level0_augmented_decoder/native_predictions/mouse/POLYIC_20190612_polyic___E3_P1_1_prediction.nii.gz,/Users/estebanfelixmoran/Desktop/Purdue/Medical_Imaging/3D-Medical-Segment-Anything/outputs/paper_style_level0_augmented_decoder/filtered_predictions/mouse/POLYIC_20190612_polyic___E3_P1_1_prediction.nii.gz
Mouse,POLYIC_20190612_polyic___E3_P1_2,0.9822574556436391,0.9823048862394261,4.743059578704578e-05,/Users/estebanfelixmoran/Desktop/Purdue/Medical_Imaging/Datasets/Image_Database/src_adult/POLYIC_20190612_polyic___E3_P1_2.nii.gz,/Users/estebanfelixmoran/Desktop/Purdue/Medical_Imaging/Datasets/Mask_Database/label_adult/POLYIC_20190612_polyic___E3_P1_2.nii.gz,/Users/estebanfelixmoran/Desktop/Purdue/Medical_Imaging/3D-Medical-Segment-Anything/outputs/paper_style_level0_augmented_decoder/native_predictions/mouse/POLYIC_20190612_polyic___E3_P1_2_prediction.nii.gz,/Users/estebanfelixmoran/Desktop/Purdue/Medical_Imaging/3D-Medical-Segment-Anything/outputs/paper_style_level0_augmented_decoder/filtered_predictions/mouse/POLYIC_20190612_polyic___E3_P1_2_prediction.nii.gz
Mouse,POLYIC_20190612_polyic___E3_P1_3,0.9814718021736387,0.9815027599414217,3.0957767782946455e-05,/Users/estebanfelixmoran/Desktop/Purdue/Medical_Imaging/Datasets/Image_Database/src_adult/POLYIC_20190612_polyic___E3_P1_3.nii.gz,/Users/estebanfelixmoran/Desktop/Purdue/Medical_Imaging/Datasets/Mask_Database/label_adult/POLYIC_20190612_polyic___E3_P1_3.nii.gz,/Users/estebanfelixmoran/Desktop/Purdue/Medical_Imaging/3D-Medical-Segment-Anything/outputs/paper_style_level0_augmented_decoder/native_predictions/mouse/POLYIC_20190612_polyic___E3_P1_3_prediction.nii.gz,/Users/estebanfelixmoran/Desktop/Purdue/Medical_Imaging/3D-Medical-Segment-Anything/outputs/paper_style_level0_augmented_decoder/filtered_predictions/mouse/POLYIC_20190612_polyic___E3_P1_3_prediction.nii.gz
Mouse,POLYIC_20190612_polyic___E3_P1_4,0.9816507622094035,0.9816945583360474,4.379612664384691e-05,/Users/estebanfelixmoran/Desktop/Purdue/Medical_Imaging/Datasets/Image_Database/src_adult/POLYIC_20190612_polyic___E3_P1_4.nii.gz,/Users/estebanfelixmoran/Desktop/Purdue/Medical_Imaging/Datasets/Mask_Database/label_adult/POLYIC_20190612_polyic___E3_P1_4.nii.gz,/Users/estebanfelixmoran/Desktop/Purdue/Medical_Imaging/3D-Medical-Segment-Anything/outputs/paper_style_level0_augmented_decoder/native_predictions/mouse/POLYIC_20190612_polyic___E3_P1_4_prediction.nii.gz,/Users/estebanfelixmoran/Desktop/Purdue/Medical_Imaging/3D-Medical-Segment-Anything/outputs/paper_style_level0_augmented_decoder/filtered_predictions/mouse/POLYIC_20190612_polyic___E3_P1_4_prediction.nii.gz
Mouse,POLYIC_20190614_polyic___E3_P1,0.9825451277575674,0.9825536180287922,8.490271224737e-06,/Users/estebanfelixmoran/Desktop/Purdue/Medical_Imaging/Datasets/Image_Database/src_adult/POLYIC_20190614_polyic___E3_P1.nii.gz,/Users/estebanfelixmoran/Desktop/Purdue/Medical_Imaging/Datasets/Mask_Database/label_adult/POLYIC_20190614_polyic___E3_P1.nii.gz,/Users/estebanfelixmoran/Desktop/Purdue/Medical_Imaging/3D-Medical-Segment-Anything/outputs/paper_style_level0_augmented_decoder/native_predictions/mouse/POLYIC_20190614_polyic___E3_P1_prediction.nii.gz,/Users/estebanfelixmoran/Desktop/Purdue/Medical_Imaging/3D-Medical-Segment-Anything/outputs/paper_style_level0_augmented_decoder/filtered_predictions/mouse/POLYIC_20190614_polyic___E3_P1_prediction.nii.gz
Mouse,POLYIC_20190614_polyic___E3_P1_1,0.9807679307780707,0.9807679307780707,0.0,/Users/estebanfelixmoran/Desktop/Purdue/Medical_Imaging/Datasets/Image_Database/src_adult/POLYIC_20190614_polyic___E3_P1_1.nii.gz,/Users/estebanfelixmoran/Desktop/Purdue/Medical_Imaging/Datasets/Mask_Database/label_adult/POLYIC_20190614_polyic___E3_P1_1.nii.gz,/Users/estebanfelixmoran/Desktop/Purdue/Medical_Imaging/3D-Medical-Segment-Anything/outputs/paper_style_level0_augmented_decoder/native_predictions/mouse/POLYIC_20190614_polyic___E3_P1_1_prediction.nii.gz,/Users/estebanfelixmoran/Desktop/Purdue/Medical_Imaging/3D-Medical-Segment-Anything/outputs/paper_style_level0_augmented_decoder/filtered_predictions/mouse/POLYIC_20190614_polyic___E3_P1_1_prediction.nii.gz
Mouse,POLYIC_20190614_polyic___E3_P1_3,0.9798573192254473,0.9798735572182588,1.62379928114742e-05,/Users/estebanfelixmoran/Desktop/Purdue/Medical_Imaging/Datasets/Image_Database/src_adult/POLYIC_20190614_polyic___E3_P1_3.nii.gz,/Users/estebanfelixmoran/Desktop/Purdue/Medical_Imaging/Datasets/Mask_Database/label_adult/POLYIC_20190614_polyic___E3_P1_3.nii.gz,/Users/estebanfelixmoran/Desktop/Purdue/Medical_Imaging/3D-Medical-Segment-Anything/outputs/paper_style_level0_augmented_decoder/native_predictions/mouse/POLYIC_20190614_polyic___E3_P1_3_prediction.nii.gz,/Users/estebanfelixmoran/Desktop/Purdue/Medical_Imaging/3D-Medical-Segment-Anything/outputs/paper_style_level0_augmented_decoder/filtered_predictions/mouse/POLYIC_20190614_polyic___E3_P1_3_prediction.nii.gz
Mouse,POLYIC_20190614_polyic___E3_P1_4,0.9816204035475065,0.9816814005319104,6.09969844039826e-05,/Users/estebanfelixmoran/Desktop/Purdue/Medical_Imaging/Datasets/Image_Database/src_adult/POLYIC_20190614_polyic___E3_P1_4.nii.gz,/Users/estebanfelixmoran/Desktop/Purdue/Medical_Imaging/Datasets/Mask_Database/label_adult/POLYIC_20190614_polyic___E3_P1_4.nii.gz,/Users/estebanfelixmoran/Desktop/Purdue/Medical_Imaging/3D-Medical-Segment-Anything/outputs/paper_style_level0_augmented_decoder/native_predictions/mouse/POLYIC_20190614_polyic___E3_P1_4_prediction.nii.gz,/Users/estebanfelixmoran/Desktop/Purdue/Medical_Imaging/3D-Medical-Segment-Anything/outputs/paper_style_level0_augmented_decoder/filtered_predictions/mouse/POLYIC_20190614_polyic___E3_P1_4_prediction.nii.gz
Mouse,POLYIC_20190614_polyic___E3_P1_5,0.9794879228803886,0.9795278586928454,3.99358124568705e-05,/Users/estebanfelixmoran/Desktop/Purdue/Medical_Imaging/Datasets/Image_Database/src_adult/POLYIC_20190614_polyic___E3_P1_5.nii.gz,/Users/estebanfelixmoran/Desktop/Purdue/Medical_Imaging/Datasets/Mask_Database/label_adult/POLYIC_20190614_polyic___E3_P1_5.nii.gz,/Users/estebanfelixmoran/Desktop/Purdue/Medical_Imaging/3D-Medical-Segment-Anything/outputs/paper_style_level0_augmented_decoder/native_predictions/mouse/POLYIC_20190614_polyic___E3_P1_5_prediction.nii.gz,/Users/estebanfelixmoran/Desktop/Purdue/Medical_Imaging/3D-Medical-Segment-Anything/outputs/paper_style_level0_augmented_decoder/filtered_predictions/mouse/POLYIC_20190614_polyic___E3_P1_5_prediction.nii.gz
Mouse,POLYIC_20190614_polyic___E3_P1_6,0.9824146326774668,0.982456895068314,4.226239084725858e-05,/Users/estebanfelixmoran/Desktop/Purdue/Medical_Imaging/Datasets/Image_Database/src_adult/POLYIC_20190614_polyic___E3_P1_6.nii.gz,/Users/estebanfelixmoran/Desktop/Purdue/Medical_Imaging/Datasets/Mask_Database/label_adult/POLYIC_20190614_polyic___E3_P1_6.nii.gz,/Users/estebanfelixmoran/Desktop/Purdue/Medical_Imaging/3D-Medical-Segment-Anything/outputs/paper_style_level0_augmented_decoder/native_predictions/mouse/POLYIC_20190614_polyic___E3_P1_6_prediction.nii.gz,/Users/estebanfelixmoran/Desktop/Purdue/Medical_Imaging/3D-Medical-Segment-Anything/outputs/paper_style_level0_augmented_decoder/filtered_predictions/mouse/POLYIC_20190614_polyic___E3_P1_6_prediction.nii.gz
Mouse,POLYIC_20190614_polyic___E4_P1_5,0.9824617498498511,0.9824702400241968,8.490174345676671e-06,/Users/estebanfelixmoran/Desktop/Purdue/Medical_Imaging/Datasets/Image_Database/src_adult/POLYIC_20190614_polyic___E4_P1_5.nii.gz,/Users/estebanfelixmoran/Desktop/Purdue/Medical_Imaging/Datasets/Mask_Database/label_adult/POLYIC_20190614_polyic___E4_P1_5.nii.gz,/Users/estebanfelixmoran/Desktop/Purdue/Medical_Imaging/3D-Medical-Segment-Anything/outputs/paper_style_level0_augmented_decoder/native_predictions/mouse/POLYIC_20190614_polyic___E4_P1_5_prediction.nii.gz,/Users/estebanfelixmoran/Desktop/Purdue/Medical_Imaging/3D-Medical-Segment-Anything/outputs/paper_style_level0_augmented_decoder/filtered_predictions/mouse/POLYIC_20190614_polyic___E4_P1_5_prediction.nii.gz
Mouse,POLYIC_20190618_mouse33__E3_P1,0.9801182685344387,0.9801313322492647,1.3063714826011541e-05,/Users/estebanfelixmoran/Desktop/Purdue/Medical_Imaging/Datasets/Image_Database/src_adult/POLYIC_20190618_mouse33__E3_P1.nii.gz,/Users/estebanfelixmoran/Desktop/Purdue/Medical_Imaging/Datasets/Mask_Database/label_adult/POLYIC_20190618_mouse33__E3_P1.nii.gz,/Users/estebanfelixmoran/Desktop/Purdue/Medical_Imaging/3D-Medical-Segment-Anything/outputs/paper_style_level0_augmented_decoder/native_predictions/mouse/POLYIC_20190618_mouse33__E3_P1_prediction.nii.gz,/Users/estebanfelixmoran/Desktop/Purdue/Medical_Imaging/3D-Medical-Segment-Anything/outputs/paper_style_level0_augmented_decoder/filtered_predictions/mouse/POLYIC_20190618_mouse33__E3_P1_prediction.nii.gz
Mouse,POLYIC_20190618_mouse34__E3_P1,0.9815373259278597,0.981541743744852,4.41781699234145e-06,/Users/estebanfelixmoran/Desktop/Purdue/Medical_Imaging/Datasets/Image_Database/src_adult/POLYIC_20190618_mouse34__E3_P1.nii.gz,/Users/estebanfelixmoran/Desktop/Purdue/Medical_Imaging/Datasets/Mask_Database/label_adult/POLYIC_20190618_mouse34__E3_P1.nii.gz,/Users/estebanfelixmoran/Desktop/Purdue/Medical_Imaging/3D-Medical-Segment-Anything/outputs/paper_style_level0_augmented_decoder/native_predictions/mouse/POLYIC_20190618_mouse34__E3_P1_prediction.nii.gz,/Users/estebanfelixmoran/Desktop/Purdue/Medical_Imaging/3D-Medical-Segment-Anything/outputs/paper_style_level0_augmented_decoder/filtered_predictions/mouse/POLYIC_20190618_mouse34__E3_P1_prediction.nii.gz
Mouse,POLYIC_20190618_mouse35__E3_P1,0.9811334241740568,0.9811465742163765,1.3150042319720612e-05,/Users/estebanfelixmoran/Desktop/Purdue/Medical_Imaging/Datasets/Image_Database/src_adult/POLYIC_20190618_mouse35__E3_P1.nii.gz,/Users/estebanfelixmoran/Desktop/Purdue/Medical_Imaging/Datasets/Mask_Database/label_adult/POLYIC_20190618_mouse35__E3_P1.nii.gz,/Users/estebanfelixmoran/Desktop/Purdue/Medical_Imaging/3D-Medical-Segment-Anything/outputs/paper_style_level0_augmented_decoder/native_predictions/mouse/POLYIC_20190618_mouse35__E3_P1_prediction.nii.gz,/Users/estebanfelixmoran/Desktop/Purdue/Medical_Imaging/3D-Medical-Segment-Anything/outputs/paper_style_level0_augmented_decoder/filtered_predictions/mouse/POLYIC_20190618_mouse35__E3_P1_prediction.nii.gz
Mouse,POLYIC_20190618_mouse36__E3_P1,0.9819258927108574,0.9819851672990686,5.927458821120002e-05,/Users/estebanfelixmoran/Desktop/Purdue/Medical_Imaging/Datasets/Image_Database/src_adult/POLYIC_20190618_mouse36__E3_P1.nii.gz,/Users/estebanfelixmoran/Desktop/Purdue/Medical_Imaging/Datasets/Mask_Database/label_adult/POLYIC_20190618_mouse36__E3_P1.nii.gz,/Users/estebanfelixmoran/Desktop/Purdue/Medical_Imaging/3D-Medical-Segment-Anything/outputs/paper_style_level0_augmented_decoder/native_predictions/mouse/POLYIC_20190618_mouse36__E3_P1_prediction.nii.gz,/Users/estebanfelixmoran/Desktop/Purdue/Medical_Imaging/3D-Medical-Segment-Anything/outputs/paper_style_level0_augmented_decoder/filtered_predictions/mouse/POLYIC_20190618_mouse36__E3_P1_prediction.nii.gz
Mouse,POLYIC_20190619_mouse38__E3_P1,0.9792392142268534,0.9792522296210641,1.3015394210613707e-05,/Users/estebanfelixmoran/Desktop/Purdue/Medical_Imaging/Datasets/Image_Database/src_adult/POLYIC_20190619_mouse38__E3_P1.nii.gz,/Users/estebanfelixmoran/Desktop/Purdue/Medical_Imaging/Datasets/Mask_Database/label_adult/POLYIC_20190619_mouse38__E3_P1.nii.gz,/Users/estebanfelixmoran/Desktop/Purdue/Medical_Imaging/3D-Medical-Segment-Anything/outputs/paper_style_level0_augmented_decoder/native_predictions/mouse/POLYIC_20190619_mouse38__E3_P1_prediction.nii.gz,/Users/estebanfelixmoran/Desktop/Purdue/Medical_Imaging/3D-Medical-Segment-Anything/outputs/paper_style_level0_augmented_decoder/filtered_predictions/mouse/POLYIC_20190619_mouse38__E3_P1_prediction.nii.gz
Mouse,POLYIC_20190619_mouse39__E3_P1,0.982212682121057,0.9822169072732592,4.22515220221964e-06,/Users/estebanfelixmoran/Desktop/Purdue/Medical_Imaging/Datasets/Image_Database/src_adult/POLYIC_20190619_mouse39__E3_P1.nii.gz,/Users/estebanfelixmoran/Desktop/Purdue/Medical_Imaging/Datasets/Mask_Database/label_adult/POLYIC_20190619_mouse39__E3_P1.nii.gz,/Users/estebanfelixmoran/Desktop/Purdue/Medical_Imaging/3D-Medical-Segment-Anything/outputs/paper_style_level0_augmented_decoder/native_predictions/mouse/POLYIC_20190619_mouse39__E3_P1_prediction.nii.gz,/Users/estebanfelixmoran/Desktop/Purdue/Medical_Imaging/3D-Medical-Segment-Anything/outputs/paper_style_level0_augmented_decoder/filtered_predictions/mouse/POLYIC_20190619_mouse39__E3_P1_prediction.nii.gz
Mouse,POLYIC_20190619_mouse42__E3_P1,0.9814173282765889,0.9814639625045898,4.663422800088579e-05,/Users/estebanfelixmoran/Desktop/Purdue/Medical_Imaging/Datasets/Image_Database/src_adult/POLYIC_20190619_mouse42__E3_P1.nii.gz,/Users/estebanfelixmoran/Desktop/Purdue/Medical_Imaging/Datasets/Mask_Database/label_adult/POLYIC_20190619_mouse42__E3_P1.nii.gz,/Users/estebanfelixmoran/Desktop/Purdue/Medical_Imaging/3D-Medical-Segment-Anything/outputs/paper_style_level0_augmented_decoder/native_predictions/mouse/POLYIC_20190619_mouse42__E3_P1_prediction.nii.gz,/Users/estebanfelixmoran/Desktop/Purdue/Medical_Imaging/3D-Medical-Segment-Anything/outputs/paper_style_level0_augmented_decoder/filtered_predictions/mouse/POLYIC_20190619_mouse42__E3_P1_prediction.nii.gz
Mouse,POLYIC_20190619_mouse43__E3_P1,0.9822942402798693,0.9823107222108032,1.6481930933842648e-05,/Users/estebanfelixmoran/Desktop/Purdue/Medical_Imaging/Datasets/Image_Database/src_adult/POLYIC_20190619_mouse43__E3_P1.nii.gz,/Users/estebanfelixmoran/Desktop/Purdue/Medical_Imaging/Datasets/Mask_Database/label_adult/POLYIC_20190619_mouse43__E3_P1.nii.gz,/Users/estebanfelixmoran/Desktop/Purdue/Medical_Imaging/3D-Medical-Segment-Anything/outputs/paper_style_level0_augmented_decoder/native_predictions/mouse/POLYIC_20190619_mouse43__E3_P1_prediction.nii.gz,/Users/estebanfelixmoran/Desktop/Purdue/Medical_Imaging/3D-Medical-Segment-Anything/outputs/paper_style_level0_augmented_decoder/filtered_predictions/mouse/POLYIC_20190619_mouse43__E3_P1_prediction.nii.gz
Mouse,POLYIC_20190628_mouse33__E3_P1,0.9828664743918981,0.9829009925765285,3.451818463040546e-05,/Users/estebanfelixmoran/Desktop/Purdue/Medical_Imaging/Datasets/Image_Database/src_adult/POLYIC_20190628_mouse33__E3_P1.nii.gz,/Users/estebanfelixmoran/Desktop/Purdue/Medical_Imaging/Datasets/Mask_Database/label_adult/POLYIC_20190628_mouse33__E3_P1.nii.gz,/Users/estebanfelixmoran/Desktop/Purdue/Medical_Imaging/3D-Medical-Segment-Anything/outputs/paper_style_level0_augmented_decoder/native_predictions/mouse/POLYIC_20190628_mouse33__E3_P1_prediction.nii.gz,/Users/estebanfelixmoran/Desktop/Purdue/Medical_Imaging/3D-Medical-Segment-Anything/outputs/paper_style_level0_augmented_decoder/filtered_predictions/mouse/POLYIC_20190628_mouse33__E3_P1_prediction.nii.gz
Mouse,POLYIC_20190628_mouse34__E6_P1,0.98140452428774,0.9814396464183304,3.512213059031488e-05,/Users/estebanfelixmoran/Desktop/Purdue/Medical_Imaging/Datasets/Image_Database/src_adult/POLYIC_20190628_mouse34__E6_P1.nii.gz,/Users/estebanfelixmoran/Desktop/Purdue/Medical_Imaging/Datasets/Mask_Database/label_adult/POLYIC_20190628_mouse34__E6_P1.nii.gz,/Users/estebanfelixmoran/Desktop/Purdue/Medical_Imaging/3D-Medical-Segment-Anything/outputs/paper_style_level0_augmented_decoder/native_predictions/mouse/POLYIC_20190628_mouse34__E6_P1_prediction.nii.gz,/Users/estebanfelixmoran/Desktop/Purdue/Medical_Imaging/3D-Medical-Segment-Anything/outputs/paper_style_level0_augmented_decoder/filtered_predictions/mouse/POLYIC_20190628_mouse34__E6_P1_prediction.nii.gz
Mouse,POLYIC_20190628_mouse35__E3_P1,0.9824616280231644,0.9824829695537328,2.1341530568430578e-05,/Users/estebanfelixmoran/Desktop/Purdue/Medical_Imaging/Datasets/Image_Database/src_adult/POLYIC_20190628_mouse35__E3_P1.nii.gz,/Users/estebanfelixmoran/Desktop/Purdue/Medical_Imaging/Datasets/Mask_Database/label_adult/POLYIC_20190628_mouse35__E3_P1.nii.gz,/Users/estebanfelixmoran/Desktop/Purdue/Medical_Imaging/3D-Medical-Segment-Anything/outputs/paper_style_level0_augmented_decoder/native_predictions/mouse/POLYIC_20190628_mouse35__E3_P1_prediction.nii.gz,/Users/estebanfelixmoran/Desktop/Purdue/Medical_Imaging/3D-Medical-Segment-Anything/outputs/paper_style_level0_augmented_decoder/filtered_predictions/mouse/POLYIC_20190628_mouse35__E3_P1_prediction.nii.gz
Mouse,POLYIC_20190628_mouse36__E3_P1,0.983093732999903,0.983110316412724,1.6583412820958543e-05,/Users/estebanfelixmoran/Desktop/Purdue/Medical_Imaging/Datasets/Image_Database/src_adult/POLYIC_20190628_mouse36__E3_P1.nii.gz,/Users/estebanfelixmoran/Desktop/Purdue/Medical_Imaging/Datasets/Mask_Database/label_adult/POLYIC_20190628_mouse36__E3_P1.nii.gz,/Users/estebanfelixmoran/Desktop/Purdue/Medical_Imaging/3D-Medical-Segment-Anything/outputs/paper_style_level0_augmented_decoder/native_predictions/mouse/POLYIC_20190628_mouse36__E3_P1_prediction.nii.gz,/Users/estebanfelixmoran/Desktop/Purdue/Medical_Imaging/3D-Medical-Segment-Anything/outputs/paper_style_level0_augmented_decoder/filtered_predictions/mouse/POLYIC_20190628_mouse36__E3_P1_prediction.nii.gz
Mouse,POLYIC_20190629_polyic_mo__E3_P1,0.9827853604677639,0.9829204889681398,0.00013512850037589175,/Users/estebanfelixmoran/Desktop/Purdue/Medical_Imaging/Datasets/Image_Database/src_adult/POLYIC_20190629_polyic_mo__E3_P1.nii.gz,/Users/estebanfelixmoran/Desktop/Purdue/Medical_Imaging/Datasets/Mask_Database/label_adult/POLYIC_20190629_polyic_mo__E3_P1.nii.gz,/Users/estebanfelixmoran/Desktop/Purdue/Medical_Imaging/3D-Medical-Segment-Anything/outputs/paper_style_level0_augmented_decoder/native_predictions/mouse/POLYIC_20190629_polyic_mo__E3_P1_prediction.nii.gz,/Users/estebanfelixmoran/Desktop/Purdue/Medical_Imaging/3D-Medical-Segment-Anything/outputs/paper_style_level0_augmented_decoder/filtered_predictions/mouse/POLYIC_20190629_polyic_mo__E3_P1_prediction.nii.gz
Mouse,POLYIC_20190629_polyic_mo__E3_P1_1,0.9787636808517673,0.9787798627758949,1.6181924127556258e-05,/Users/estebanfelixmoran/Desktop/Purdue/Medical_Imaging/Datasets/Image_Database/src_adult/POLYIC_20190629_polyic_mo__E3_P1_1.nii.gz,/Users/estebanfelixmoran/Desktop/Purdue/Medical_Imaging/Datasets/Mask_Database/label_adult/POLYIC_20190629_polyic_mo__E3_P1_1.nii.gz,/Users/estebanfelixmoran/Desktop/Purdue/Medical_Imaging/3D-Medical-Segment-Anything/outputs/paper_style_level0_augmented_decoder/native_predictions/mouse/POLYIC_20190629_polyic_mo__E3_P1_1_prediction.nii.gz,/Users/estebanfelixmoran/Desktop/Purdue/Medical_Imaging/3D-Medical-Segment-Anything/outputs/paper_style_level0_augmented_decoder/filtered_predictions/mouse/POLYIC_20190629_polyic_mo__E3_P1_1_prediction.nii.gz
Mouse,POLYIC_20190629_polyic_mo__E3_P1_2,0.9801892816326863,0.9802052279022097,1.594626952339251e-05,/Users/estebanfelixmoran/Desktop/Purdue/Medical_Imaging/Datasets/Image_Database/src_adult/POLYIC_20190629_polyic_mo__E3_P1_2.nii.gz,/Users/estebanfelixmoran/Desktop/Purdue/Medical_Imaging/Datasets/Mask_Database/label_adult/POLYIC_20190629_polyic_mo__E3_P1_2.nii.gz,/Users/estebanfelixmoran/Desktop/Purdue/Medical_Imaging/3D-Medical-Segment-Anything/outputs/paper_style_level0_augmented_decoder/native_predictions/mouse/POLYIC_20190629_polyic_mo__E3_P1_2_prediction.nii.gz,/Users/estebanfelixmoran/Desktop/Purdue/Medical_Imaging/3D-Medical-Segment-Anything/outputs/paper_style_level0_augmented_decoder/filtered_predictions/mouse/POLYIC_20190629_polyic_mo__E3_P1_2_prediction.nii.gz
Mouse,POLYIC_20190629_polyic_mo__E3_P1_3,0.9803828596799014,0.9804420265802213,5.9166900319929105e-05,/Users/estebanfelixmoran/Desktop/Purdue/Medical_Imaging/Datasets/Image_Database/src_adult/POLYIC_20190629_polyic_mo__E3_P1_3.nii.gz,/Users/estebanfelixmoran/Desktop/Purdue/Medical_Imaging/Datasets/Mask_Database/label_adult/POLYIC_20190629_polyic_mo__E3_P1_3.nii.gz,/Users/estebanfelixmoran/Desktop/Purdue/Medical_Imaging/3D-Medical-Segment-Anything/outputs/paper_style_level0_augmented_decoder/native_predictions/mouse/POLYIC_20190629_polyic_mo__E3_P1_3_prediction.nii.gz,/Users/estebanfelixmoran/Desktop/Purdue/Medical_Imaging/3D-Medical-Segment-Anything/outputs/paper_style_level0_augmented_decoder/filtered_predictions/mouse/POLYIC_20190629_polyic_mo__E3_P1_3_prediction.nii.gz
Mouse,POLYIC_20190629_polyic_mo__E3_P1_5,0.9825016202203499,0.9825183770231781,1.675680282819947e-05,/Users/estebanfelixmoran/Desktop/Purdue/Medical_Imaging/Datasets/Image_Database/src_adult/POLYIC_20190629_polyic_mo__E3_P1_5.nii.gz,/Users/estebanfelixmoran/Desktop/Purdue/Medical_Imaging/Datasets/Mask_Database/label_adult/POLYIC_20190629_polyic_mo__E3_P1_5.nii.gz,/Users/estebanfelixmoran/Desktop/Purdue/Medical_Imaging/3D-Medical-Segment-Anything/outputs/paper_style_level0_augmented_decoder/native_predictions/mouse/POLYIC_20190629_polyic_mo__E3_P1_5_prediction.nii.gz,/Users/estebanfelixmoran/Desktop/Purdue/Medical_Imaging/3D-Medical-Segment-Anything/outputs/paper_style_level0_augmented_decoder/filtered_predictions/mouse/POLYIC_20190629_polyic_mo__E3_P1_5_prediction.nii.gz
Mouse,POLYIC_20190629_polyic_mo__E4_P1_2,0.9829403384012777,0.9829605176717908,2.017927051312096e-05,/Users/estebanfelixmoran/Desktop/Purdue/Medical_Imaging/Datasets/Image_Database/src_adult/POLYIC_20190629_polyic_mo__E4_P1_2.nii.gz,/Users/estebanfelixmoran/Desktop/Purdue/Medical_Imaging/Datasets/Mask_Database/label_adult/POLYIC_20190629_polyic_mo__E4_P1_2.nii.gz,/Users/estebanfelixmoran/Desktop/Purdue/Medical_Imaging/3D-Medical-Segment-Anything/outputs/paper_style_level0_augmented_decoder/native_predictions/mouse/POLYIC_20190629_polyic_mo__E4_P1_2_prediction.nii.gz,/Users/estebanfelixmoran/Desktop/Purdue/Medical_Imaging/3D-Medical-Segment-Anything/outputs/paper_style_level0_augmented_decoder/filtered_predictions/mouse/POLYIC_20190629_polyic_mo__E4_P1_2_prediction.nii.gz
Mouse,POLYIC_20190629_polyic_mo__E4_P1_4,0.9817850327153762,0.9818268567192918,4.1824003915613694e-05,/Users/estebanfelixmoran/Desktop/Purdue/Medical_Imaging/Datasets/Image_Database/src_adult/POLYIC_20190629_polyic_mo__E4_P1_4.nii.gz,/Users/estebanfelixmoran/Desktop/Purdue/Medical_Imaging/Datasets/Mask_Database/label_adult/POLYIC_20190629_polyic_mo__E4_P1_4.nii.gz,/Users/estebanfelixmoran/Desktop/Purdue/Medical_Imaging/3D-Medical-Segment-Anything/outputs/paper_style_level0_augmented_decoder/native_predictions/mouse/POLYIC_20190629_polyic_mo__E4_P1_4_prediction.nii.gz,/Users/estebanfelixmoran/Desktop/Purdue/Medical_Imaging/3D-Medical-Segment-Anything/outputs/paper_style_level0_augmented_decoder/filtered_predictions/mouse/POLYIC_20190629_polyic_mo__E4_P1_4_prediction.nii.gz
